uuid,sc_dockq_min,sc_dockq_max,sc_dockq_mean,sc_dockq_std,sc_dockq_median,dockq_fnat_min,dockq_fnat_max,dockq_fnat_mean,dockq_fnat_std,dockq_fnat_median,dockq_irms_min,dockq_irms_max,dockq_irms_mean,dockq_irms_std,dockq_irms_median,dockq_lrms_min,dockq_lrms_max,dockq_lrms_mean,dockq_lrms_std,dockq_lrms_median,ipsae_min_min,ipsae_min_max,ipsae_min_mean,ipsae_min_std,ipsae_min_median,ipsae_max_min,ipsae_max_max,ipsae_max_mean,ipsae_max_std,ipsae_max_median,ipsae_binder_to_target_min,ipsae_binder_to_target_max,ipsae_binder_to_target_mean,ipsae_binder_to_target_std,ipsae_binder_to_target_median,ipsae_target_to_binder_min,ipsae_target_to_binder_max,ipsae_target_to_binder_mean,ipsae_target_to_binder_std,ipsae_target_to_binder_median,iptm_pae_min,iptm_pae_max,iptm_pae_mean,iptm_pae_std,iptm_pae_median,ptm_pae_min,ptm_pae_max,ptm_pae_mean,ptm_pae_std,ptm_pae_median,lis_min,lis_max,lis_mean,lis_std,lis_median,plddt_binder_min,plddt_binder_max,plddt_binder_mean,plddt_binder_std,plddt_binder_median,plddt_target_min,plddt_target_max,plddt_target_mean,plddt_target_std,plddt_target_median,pae_interface_mean_min,pae_interface_mean_max,pae_interface_mean_mean,pae_interface_mean_std,pae_interface_mean_median,pae_interface_min_min,pae_interface_min_max,pae_interface_min_mean,pae_interface_min_std,pae_interface_min_median,n_interface_contacts_min,n_interface_contacts_max,n_interface_contacts_mean,n_interface_contacts_std,n_interface_contacts_median,target,binder_length,generator,sequence_design_method,epitope_n_residues,y_true,p_binder,y_pred
002a7326-6f58-51e3-95c8-67d38c8269fd,0.00422,0.01264,0.005978,0.002958272018143926,0.0047,0.0,0.0,0.0,0.0,0.0,21.8722,35.2051,31.23704,4.491627706992447,33.110600000000005,45.8507,81.2102,72.02544,12.642033402652347,77.01255,0.0,0.0,0.0,0.0,0.0,0.0,0.0,0.0,0.0,0.0,0.0,0.0,0.0,0.0,0.0,0.0,0.0,0.0,0.0,0.0,0.15744641,0.8411937,0.52794224,0.3262993,0.60992557,0.64058214,0.8817849,0.76683855,0.11435086,0.7806553,0.0,0.018410012,0.0018410012,0.005821757,0.0,69.326614,77.39598,74.58758,2.3166606,74.56778,85.27244,86.57248,85.76808,0.4450422,85.714035,19.889809,29.469233,25.480957,3.0642564,24.669556,11.3515625,25.671875,18.208593,4.6031604,16.179688,31,78,49.8,15.302868285971025,44.5,Cas9,70,FreeBindCraft (BindCraft),SolubleMPNN,36,binder,0.22245036482810973,non_binder
002e2495-ef2a-56d4-8f2a-45ca6d32c5e0,0.11532,0.32867,0.241634,0.11282057892955523,0.32101,0.3,0.31111,0.302222,0.004968543046004529,0.3,6.1906,26.5972,14.1691,10.766114520104269,6.3773,6.4649,40.2022,19.61258,17.733711397138503,6.788,0.67231774,0.7509307,0.7181023,0.030701872,0.7266974,0.7077531,0.765196,0.73468673,0.021575838,0.7288151,0.7077531,0.7509307,0.7300898,0.015694706,0.7288151,0.67231774,0.765196,0.72269917,0.03604945,0.7266974,0.93350023,0.9567683,0.94654524,0.009016364,0.94827235,0.646552,0.73086035,0.6832782,0.03811632,0.6687035,0.42219555,0.5523654,0.49714375,0.058352046,0.5230662,86.75563,87.313675,87.026085,0.22748037,86.97388,84.00079,85.313225,84.72862,0.55019236,84.59002,10.247238,13.146915,11.721206,1.3705399,11.739983,1.046875,1.46875,1.2375,0.18058144,1.2773438,31,55,43.4,11.371015785759864,46.0,EGFR,90,Proteina-Complexa,SolubleMPNN,35,binder,0.8293410658836364,binder
008df55d-b575-52b3-83ee-85f2ce3ba893,0.72404,0.80501,0.757012,0.033211331198854395,0.75613,0.77273,0.90909,0.8363659999999999,0.06098279126114182,0.86364,1.3917,1.6649,1.56468,0.1044919231328432,1.5958,1.5323,2.2115,1.8323399999999999,0.30988730693592476,1.8082,0.821896,0.88020355,0.85229987,0.02091574,0.8552091,0.84227854,0.89343125,0.8662761,0.018331684,0.86494654,0.821896,0.88020355,0.85229987,0.02091574,0.8552091,0.84227854,0.89343125,0.8662761,0.018331684,0.86494654,0.92548937,0.95135343,0.93775254,0.009259812,0.93724096,0.9397787,0.95783204,0.94872075,0.006478405,0.9479394,0.7424194,0.78362566,0.76360303,0.014591584,0.76435775,96.551834,96.94022,96.714066,0.16017659,96.714424,93.37921,94.45958,93.971664,0.52872026,94.29719,2.7967153,3.298707,3.0341744,0.17800826,3.0205727,0.60253906,0.78759766,0.70029294,0.06811077,0.7050781,48,54,51.2,2.5884358211089573,52.0,BBF-14,89,BoltzGen,SolubleMPNN,22,non_binder,0.97444917678833,binder
015e2121-bbb8-5aa0-9b08-bb74b51f0e46,0.26097,0.50225,0.362534,0.06555814691300134,0.36421,0.08333,0.33333,0.189744,0.07197409367265419,0.17593,1.9577,3.8769,2.94198,0.644694273452326,2.8888,4.2034,7.4148,5.90459,0.9239354877070393,5.8091,0.06555168,0.6518992,0.37385353,0.20140783,0.3986666,0.17223944,0.7068754,0.50126874,0.18544258,0.56879985,0.17223944,0.81789297,0.5628796,0.2341834,0.6257813,0.06555168,0.6518992,0.37385353,0.20140783,0.3986666,0.8241189,0.93879867,0.8915798,0.039930504,0.90164185,0.8648604,0.9475649,0.9126628,0.028541395,0.920773,0.10742088,0.56548804,0.37022704,0.16463232,0.41120514,77.06088,84.92341,80.96043,3.3068511,80.90794,86.07975,87.42125,86.737946,0.38328063,86.80229,5.9428573,12.902321,8.744681,2.5263512,7.9926243,1.2910156,7.0703125,3.6282227,2.1554978,2.9394531,40,55,49.3,5.121848624601605,51.0,TNFa,102,RFdiffusion3,SolubleMPNN,22,non_binder,0.6582180488109589,binder
019a827b-01f2-51ee-907d-9d0621662aae,0.48846,0.62116,0.548022,0.058317925374622215,0.54094,0.46429,0.75,0.607142,0.11293758439952577,0.60714,0.9369,2.6868,1.42252,0.7164438093807496,1.1835,6.6457,11.3046,9.20812,1.9766404673081037,9.4419,0.0,0.32058108,0.06097401,0.106174305,0.0053653824,0.0,0.54499006,0.1198947,0.19204332,0.0056300987,0.0,0.54499006,0.1198947,0.19204332,0.0056300987,0.0,0.32058108,0.06097401,0.106174305,0.0053653824,0.562848,0.79782164,0.6605225,0.06553065,0.65945137,0.61207104,0.8090279,0.6977149,0.055858262,0.69375944,0.0,0.29891145,0.085527174,0.10591547,0.045234554,66.28693,90.48428,80.00968,8.201029,80.395874,70.41539,81.594734,77.05617,3.5775635,77.89036,13.482058,27.933855,20.693165,5.100463,18.57211,2.8652344,22.046875,11.950195,7.0674076,9.683594,30,64,44.1,11.57055650251006,43.0,Latent GDF-8,70,RFdiffusion3,SolubleMPNN,18,non_binder,0.6135799944400787,binder
01b73ae2-3c77-5380-83c5-83c8df8c511d,0.01297,0.42022,0.15298499999999998,0.15511420761991968,0.128685,0.0,0.66667,0.322224,0.3412655218187478,0.27778,6.8424,17.1777,12.27782,4.63411019357786,12.42105,7.7175,47.6391,34.395709999999994,14.730239429181047,39.2797,0.0,0.84644383,0.39914152,0.41959125,0.36745295,0.0,0.9191123,0.44071516,0.46264687,0.43113056,0.0,0.84644383,0.39918938,0.41954207,0.36769223,0.0,0.9191123,0.44066733,0.46269622,0.43089128,0.72084236,0.9665656,0.85018003,0.1061345,0.86709905,0.7157307,0.9275676,0.7991621,0.06411867,0.80629843,0.0,0.7675131,0.3767168,0.3701758,0.36243895,76.44013,93.186035,85.58559,7.6602273,85.97662,76.50021,83.97911,78.92027,2.856464,77.5302,3.7482264,21.642063,13.377383,7.067534,12.888481,0.41430664,12.203125,5.6598635,5.4354725,4.6811523,13,39,29.8,9.295160030897803,33.0,RBX1,83,RFdiffusion3,Caliby (SolubleCaliby),22,non_binder,0.8131471788883209,binder
01ca7c77-e9b7-597c-b736-4409f728fedf,0.00515,0.00555,0.005336,0.0001515915564930978,0.00537,0.0,0.0,0.0,0.0,0.0,25.6638,27.0908,26.28324,0.6186080730155405,25.9852,73.3499,76.1263,74.80019999999999,0.9940833013384717,74.7222,0.0,0.20665677,0.07797448,0.08829288,0.05370137,0.0,0.5760223,0.22888812,0.2513561,0.16611277,0.0,0.5760223,0.22888812,0.2513561,0.16611277,0.0,0.20665677,0.07797448,0.08829288,0.05370137,0.59761554,0.81170577,0.7253243,0.08154676,0.7447579,0.6389015,0.82708067,0.7527991,0.06820879,0.7754503,0.0,0.29208544,0.11330847,0.123212494,0.08625623,80.03691,87.304405,84.114365,2.8898,83.93751,74.29201,80.35506,77.08233,2.2863896,76.93809,11.175634,27.835499,18.20461,6.4476233,16.918505,3.6738281,19.296875,9.704102,5.6530347,8.591797,13,58,34.6,13.276545735494103,34.5,Latent GDF-8,69,BoltzGen,SolubleMPNN,22,non_binder,0.5082434129714964,binder
01d21bdf-3816-5c4a-946b-f7209b662fad,0.00564,0.02987,0.010791,0.007153010943340962,0.008875000000000001,0.0,0.03125,0.003125,0.009882117688026186,0.0,15.7395,31.5524,24.72773,5.091097515172931,24.55415,37.3055,69.7029,55.893910000000005,10.566330640550882,56.633849999999995,0.0,0.0,0.0,0.0,0.0,0.0,0.0,0.0,0.0,0.0,0.0,0.0,0.0,0.0,0.0,0.0,0.0,0.0,0.0,0.0,0.16353115,0.8345891,0.5080122,0.33089,0.51711214,0.6202421,0.8757453,0.74659157,0.12444801,0.7381502,0.0,0.0,0.0,0.0,0.0,81.90353,85.207466,83.79605,0.96106404,83.78277,85.84102,87.33738,86.46065,0.46734038,86.47677,22.59188,29.192211,27.017925,1.7731595,27.30572,14.9453125,25.40625,21.416407,2.9113326,22.125,28,59,45.7,10.812030336620406,48.5,Cas9,72,BoltzGen,SolubleMPNN,27,non_binder,0.30800106704235075,non_binder
01dd4959-1463-5fc5-b6cc-78613f566817,0.70618,0.78254,0.748355,0.02514102590057401,0.750375,0.42105,0.52632,0.507633,0.03278116873043629,0.525,0.6216,1.0486,0.77845,0.1259018952288734,0.73735,1.1132,3.3022,1.8884,0.5933917836378331,1.85555,0.66141707,0.8653129,0.78138274,0.079353094,0.7982025,0.7399673,0.8670868,0.80905056,0.04990925,0.8157655,0.7399673,0.86614627,0.80855453,0.049355075,0.81543577,0.66141707,0.8676754,0.7841628,0.082007974,0.80240226,0.905031,0.9225401,0.9137949,0.006218383,0.913941,0.9042742,0.9359129,0.92053854,0.011328338,0.92110443,0.6179426,0.71813655,0.66859865,0.04015603,0.66988814,96.83957,97.36046,97.10984,0.17571534,97.14537,96.7367,97.09612,96.93675,0.11407365,96.937164,3.6489277,5.002985,4.3275385,0.55045533,4.3218274,0.57714844,1.2578125,0.87280273,0.26449496,0.8293457,8,13,10.2,1.3165611772087666,10.0,VEGF-A,76,RFdiffusion3,SolubleMPNN,10,binder,0.9473638606071471,binder
027c428f-6898-57fb-aa56-e05234889a5f,0.90944,0.94055,0.9254619999999999,0.012326790742119387,0.92502,0.875,0.9375,0.925,0.027950849718747384,0.9375,0.4889,0.6259,0.56222,0.05419794276538549,0.5482,1.1438,1.5997,1.35178,0.19541636830112255,1.2979,0.8187906,0.8283209,0.8235649,0.0040777517,0.82282835,0.856065,0.8652832,0.86095846,0.0037868228,0.862673,0.856065,0.8652832,0.86095846,0.0037868228,0.862673,0.8187906,0.8283209,0.8235649,0.0040777517,0.82282835,0.93654984,0.93988407,0.9383381,0.0014885784,0.9381375,0.94748276,0.95132357,0.9491466,0.001528541,0.94848084,0.7060686,0.71458995,0.7102054,0.0033593427,0.7106094,92.937386,93.67012,93.26556,0.29503578,93.33253,96.325874,96.384995,96.35503,0.022928376,96.35402,3.7625456,3.8734276,3.8388417,0.045548644,3.858843,0.6308594,0.66552734,0.65634763,0.01442869,0.66308594,36,38,37.0,0.7071067811865472,37.0,IL-7Ra,85,PXDesign,SolubleMPNN,14,binder,0.9833178377151488,binder
0332cb45-eaa2-5031-98c5-23c32b6a0151,0.91458,0.95676,0.943452,0.017723035010968093,0.95128,1.0,1.0,1.0,0.0,1.0,0.5251,0.7323,0.5918599999999999,0.08654422568837274,0.5596,1.2317,2.2185,1.55882,0.42216206840501436,1.3323,0.63682914,0.7564686,0.708238,0.050834056,0.72842085,0.7123857,0.7680281,0.74995744,0.023345025,0.7606585,0.7123857,0.7680281,0.74995744,0.023345025,0.7606585,0.63682914,0.7564686,0.708238,0.050834056,0.72842085,0.9251234,0.9563517,0.943961,0.0132339075,0.94960093,0.60669523,0.655722,0.6287335,0.020351589,0.63039505,0.52569497,0.5579552,0.5477504,0.013341193,0.5530552,87.665726,89.57494,89.007195,0.7639355,89.228546,87.00604,88.51954,88.112335,0.62328404,88.33078,12.5325775,14.382226,13.622348,0.75399595,13.642124,0.9736328,1.5175781,1.1450195,0.22657776,1.0458984,17,18,17.6,0.5477225575051664,18.0,EGFR,88,FreeBindCraft (BindCraft),SolubleMPNN,24,non_binder,0.921591658592224,binder
038775c6-3b4f-50f3-ad13-7284d9c4360e,0.76905,0.83321,0.80411,0.024047252441807176,0.80041,0.64,0.72,0.672,0.03346640106136298,0.68,0.7393,0.974,0.82614,0.09506086471308789,0.7912,1.0539,1.649,1.3991200000000001,0.2245516243539556,1.4833,0.30993035,0.43465093,0.37188956,0.05863713,0.378598,0.47206527,0.59653604,0.53910166,0.056805685,0.5497815,0.47206527,0.59653604,0.53910166,0.056805685,0.5497815,0.30993035,0.43465093,0.37188956,0.05863713,0.378598,0.7774486,0.8526721,0.8157061,0.0357948,0.82154906,0.5830292,0.6633869,0.61518276,0.029464694,0.608492,0.3795283,0.46460617,0.42834717,0.03594027,0.43744987,84.85589,86.245964,85.43852,0.5142909,85.437935,83.76717,85.04573,84.605225,0.48957604,84.71456,12.740599,15.713086,14.486559,1.0882126,14.683425,2.2167969,3.6425781,2.7777343,0.59981513,2.5644531,15,45,24.2,12.070625501605127,19.0,EGFR,80,PXDesign,Caliby (SolubleCaliby),11,non_binder,0.8837425446510314,binder
03ae7840-b1d8-53c0-91f2-8e7e7b15033e,0.65578,0.77804,0.722454,0.0369571596431448,0.728865,0.41667,0.61702,0.5179959999999999,0.05874442653468403,0.5212749999999999,0.7207,1.5644,1.0358,0.26136248987012484,0.9843500000000001,1.2287,1.8145,1.52735,0.210548876616439,1.5205000000000002,0.0,0.83224875,0.50984645,0.32574645,0.56734586,0.011159471,0.8464933,0.58009404,0.2874758,0.66639125,0.011159471,0.8608368,0.5831371,0.29058373,0.6643169,0.0,0.83224875,0.50984645,0.32574645,0.56734586,0.5331557,0.9276173,0.80143243,0.13633671,0.8498523,0.67045647,0.94085634,0.84856606,0.09528634,0.8787458,0.061715595,0.72242683,0.49989492,0.23359336,0.5774734,90.68351,96.438545,94.69627,1.941882,95.14518,92.313545,96.17387,95.016884,1.3114899,95.34241,3.5163932,15.820295,6.7693276,3.9089665,5.3668823,0.7470703,8.7734375,2.9156737,2.6411595,1.8808594,7,10,8.9,0.9944289260117531,9.0,VEGF-A,90,RFdiffusion,SolubleMPNN,11,non_binder,0.952564330101013,binder
03bc8b8d-9a1e-522b-8ae3-92500c603804,0.00483,0.00566,0.005228,0.00032228869046244845,0.00514,0.0,0.0,0.0,0.0,0.0,26.6078,28.5694,27.789120000000004,0.7435974663754583,27.7872,70.9375,78.0109,74.85118,2.6782539558451144,75.5331,0.0,0.010118952,0.0010118952,0.0031998935,0.0,0.0,0.08861608,0.012617616,0.027347764,0.0,0.0,0.08861608,0.012617616,0.027347764,0.0,0.0,0.010118952,0.0010118952,0.0031998935,0.0,0.622095,0.74527216,0.69193435,0.038587052,0.69312596,0.66540426,0.7797174,0.73285806,0.035285644,0.73608375,0.0,0.103384405,0.03975842,0.04900539,0.005859375,68.77391,75.743385,71.80025,2.5607681,71.15097,74.23482,80.72573,77.60918,2.5042312,76.62457,15.614704,25.87538,21.116322,3.7152157,22.788353,5.9570312,15.2421875,10.607422,3.267147,11.9296875,16,54,36.4,10.57460269807912,37.0,Latent GDF-8,68,RFdiffusion3,SolubleMPNN,14,non_binder,0.31296762347221374,non_binder
03cc00b1-ea6a-57ba-a3b7-caf1c6c71cf1,0.01407,0.51427,0.128304,0.1388877798160163,0.0993,0.0,0.25806,0.08598700000000001,0.06803094901097098,0.073245,1.8255,19.8212,10.94709,4.7157672453282835,10.25425,3.1137,43.6612,19.084719999999997,10.11178414906753,17.28135,0.0,0.23554304,0.046787176,0.09332197,0.0,0.0,0.3924393,0.07392097,0.13551863,0.005387631,0.0,0.3924393,0.085669115,0.15179907,0.011579485,0.0,0.23554304,0.046787176,0.09332197,0.0,0.4107491,0.693412,0.5161157,0.093364365,0.4993974,0.55004126,0.77442825,0.642163,0.07557028,0.6456481,0.0,0.33754405,0.10990262,0.11972286,0.07677119,87.922745,92.16055,89.209114,1.2341808,88.96303,86.72906,93.65983,89.85122,2.2990959,90.02327,8.480388,20.41541,15.274633,4.1617517,15.84021,4.046875,13.4921875,8.689453,3.2689219,8.589844,7,24,15.6,5.316640543300503,15.5,VEGF-A,90,RFdiffusion,SolubleMPNN,12,non_binder,0.2516908997297287,non_binder
03f84d4c-993c-54aa-bda3-4f36ffa94e6c,0.01053,0.01165,0.01099,0.00046994680550036774,0.01108,0.0,0.0,0.0,0.0,0.0,19.2835,20.9727,20.49564,0.6859587363683035,20.7419,49.2531,51.6682,50.461020000000005,1.0663044133829689,50.0448,0.0,0.50193447,0.12570529,0.20070638,0.005679795,0.0,0.7502547,0.23835802,0.32962975,0.044483386,0.0,0.7502547,0.23835802,0.32962975,0.044483386,0.0,0.50193447,0.12570529,0.20070638,0.005679795,0.4929001,0.8746293,0.6880255,0.123831384,0.65602016,0.56827056,0.8691158,0.72174233,0.09653789,0.68996286,0.0,0.47675756,0.16070129,0.19058387,0.07344121,73.679245,87.446144,79.313286,5.31457,78.838776,73.62557,82.81552,76.78616,3.4804387,75.614975,8.310376,26.359913,17.527252,6.8374124,17.795527,1.7880859,17.578125,8.644824,5.6877685,8.7109375,27,68,40.9,15.36554587380481,33.5,Latent GDF-8,69,RFdiffusion3,SolubleMPNN,38,binder,0.3521935212612151,non_binder
0425e90b-dad6-4259-b341-b64c03952a2b,0.71164,0.86995,0.8334820000000001,0.046556083932297286,0.84377,0.5,0.82353,0.7219610000000001,0.09871195542249854,0.74902,0.533,1.0543,0.76398,0.16119527701931383,0.76755,0.777,1.6049,1.0045,0.24856669125206624,0.9092,0.5575887,0.880937,0.7921266,0.10258515,0.82610065,0.7992854,0.895509,0.87186956,0.028499482,0.8755693,0.7992854,0.94223744,0.8996577,0.04543105,0.91160345,0.5575887,0.880937,0.7921266,0.10258515,0.82610065,0.9610901,0.97868377,0.9708888,0.0060321502,0.9714122,0.9676578,0.9807576,0.9742815,0.0046145124,0.974211,0.59145933,0.7540895,0.69759935,0.050352182,0.7106737,83.29727,90.43464,87.23106,2.7930279,87.27612,87.60922,88.82418,88.0722,0.32634553,88.03662,3.5100217,5.2291265,4.1070776,0.58738536,4.066729,0.6323242,1.6113281,0.95151365,0.3241327,0.8635254,40,52,46.0,4.0,44.5,TNFa,80,PXDesign,SolubleMPNN,37,non_binder,0.9750329518318176,binder
04d408e1-1d79-5895-aa1a-a0818e904bf6,0.75495,0.93258,0.8736280000000001,0.06953984303979983,0.88613,0.52632,0.94737,0.789474,0.16222061006542915,0.78947,0.5491,0.6929,0.58474,0.060924116735493174,0.5631,0.9345,2.6005,1.5699,0.6194062600587759,1.4312,0.6209368,0.76943463,0.70213205,0.054782767,0.7023261,0.6877301,0.83166087,0.76661646,0.052702457,0.766475,0.6877301,0.83166087,0.76661646,0.052702457,0.766475,0.6209368,0.76943463,0.70213205,0.054782767,0.7023261,0.8342013,0.91167104,0.8779074,0.028682226,0.8790582,0.91318005,0.938518,0.92731684,0.009492863,0.92879844,0.61561173,0.6868746,0.6550104,0.027031288,0.6555596,94.376045,95.68693,95.21218,0.5043309,95.24766,95.73525,96.25343,96.13446,0.22398584,96.23372,4.0943465,4.9120946,4.4633565,0.31160453,4.4359474,0.9169922,1.3720703,1.1316407,0.1677591,1.1279297,25,30,28.2,2.04939015319192,28.0,IL-7Ra,93,Proteina-Complexa,designed jointly by the structure model (native co-design),25,binder,0.9802772307395935,binder
04f7da73-f870-5464-bba7-d91541291450,0.56355,0.74585,0.643752,0.07098001202216483,0.64195,0.73333,0.85714,0.7971410000000001,0.03744122874586247,0.7928550000000001,1.0584,2.6882,1.8769300000000002,0.6833731729036812,1.82545,4.4588,6.1038,5.5058300000000004,0.5340323773996398,5.5992,0.4776843,0.8355733,0.7113844,0.1354242,0.7510517,0.63968474,0.8397257,0.77776504,0.070886545,0.8037419,0.63968474,0.853784,0.78339326,0.076141864,0.80829895,0.4776843,0.8355733,0.7113844,0.1354242,0.7510517,0.85244143,0.92128456,0.90499914,0.02306334,0.918383,0.8733331,0.9362089,0.919137,0.021800093,0.93002903,0.5465175,0.70961577,0.65566427,0.05923436,0.6775336,95.05905,95.79071,95.48535,0.2659192,95.563034,95.97174,96.33743,96.16691,0.12962826,96.172134,3.8555777,6.0803795,4.5962806,0.79506433,4.2955985,0.6171875,1.9501953,0.9927734,0.4507814,0.82714844,25,32,29.6,2.319003617456812,30.5,VEGF-A,76,FreeBindCraft (BindCraft),SolubleMPNN,9,binder,0.9523458671569823,binder
04fee82c-de04-5780-bf3d-e78496951bbc,0.49408,0.74585,0.6401209999999999,0.08651932352563405,0.645545,0.23529,0.57143,0.399158,0.09035567507233719,0.420165,0.7799,2.36,1.29439,0.5313813099418868,1.18805,1.2244,3.688,2.3560600000000003,0.8079125725528034,2.3188,0.68784916,0.8178845,0.75243556,0.045296673,0.7535189,0.73752505,0.8251752,0.77782905,0.03049316,0.77993065,0.73752505,0.8483325,0.793281,0.0459771,0.79494584,0.68784916,0.8178845,0.75243556,0.045296673,0.7535189,0.87200534,0.8995759,0.88389826,0.007869681,0.88510907,0.89757115,0.9193474,0.9067627,0.0062512876,0.90749294,0.59540373,0.6992442,0.6430329,0.04063686,0.6421996,91.891014,94.25006,93.200775,0.8673721,93.24541,96.22108,96.58245,96.46219,0.1268166,96.53287,3.9304507,5.2824445,4.642438,0.5555397,4.6433163,0.8305664,1.1503906,0.9819824,0.11480909,0.9638672,10,14,11.9,1.5238839267549946,12.0,VEGF-A,80,FreeBindCraft (BindCraft),SolubleMPNN,5,non_binder,0.9353335618972778,binder
050b37ab-ee3c-527c-a16c-6ed914ef6330,0.00738,0.51738,0.11574599999999999,0.2249130730526796,0.00783,0.0,0.2,0.04,0.0894427190999916,0.0,1.5766,23.9384,17.215480000000003,9.645329549942812,22.8654,3.183,62.4039,42.3577,26.95246730932068,60.4958,0.0,0.0,0.0,0.0,0.0,0.0,0.0,0.0,0.0,0.0,0.0,0.0,0.0,0.0,0.0,0.0,0.0,0.0,0.0,0.0,0.092289746,0.15413977,0.121413074,0.030403594,0.10949595,0.83209133,0.84606886,0.8400165,0.00556551,0.83879536,0.0,0.0,0.0,0.0,0.0,73.21451,75.46909,74.46962,1.0515184,75.05046,93.942024,95.07001,94.77522,0.4699359,94.983025,20.147346,25.202717,22.736229,2.386437,23.462559,15.2578125,17.640625,16.192188,0.9743663,15.734375,22,34,27.4,5.683308895353129,25.0,MBP,65,RFdiffusion,SolubleMPNN,21,non_binder,0.3431064850091934,non_binder
051790c5-326b-52bc-86d5-aec2e822ffef,0.00426,0.00591,0.00533,0.0006647932009279276,0.00546,0.0,0.0,0.0,0.0,0.0,23.4243,29.492,27.56152,2.5109813025986476,28.7373,69.2322,84.3531,74.6323,5.734135663288756,73.1841,0.0,0.172294,0.018348742,0.05420512,0.0,0.0,0.4929136,0.05591776,0.15495045,0.0,0.0,0.4929136,0.05591776,0.15495045,0.0,0.0,0.172294,0.018348742,0.05420512,0.0,0.5669851,0.77845556,0.66905624,0.062938906,0.6632798,0.61663204,0.7999375,0.7136726,0.055007007,0.7161562,0.0,0.24317917,0.035338484,0.07770789,0.0,57.327328,68.025116,63.216534,3.810542,62.40487,75.83384,81.50411,77.27296,1.8745389,76.62774,12.748211,27.724768,22.878925,5.1482987,24.491821,4.65625,22.28125,14.822657,5.6375065,15.667969,15,76,44.0,19.165942015286735,46.0,Latent GDF-8,70,RFdiffusion3,SolubleMPNN,31,non_binder,0.20989067316055293,non_binder
053179bf-9009-563c-8255-d16add56b3ef,0.63574,0.89549,0.7888759999999999,0.13352234917795597,0.88011,0.59574,0.87234,0.757444,0.13837998872669413,0.85106,0.6642,1.825,1.10532,0.5755642249132584,0.7127,1.2734,3.0338,2.0062,0.8659459365341464,1.4541,0.86195755,0.9082284,0.8928336,0.019769194,0.9036843,0.9421886,0.9608674,0.9549819,0.008045928,0.95947355,0.9421886,0.9608674,0.9549819,0.008045928,0.95947355,0.86195755,0.9082284,0.8928336,0.019769194,0.9036843,0.96959627,0.9810589,0.9771611,0.004877551,0.979499,0.97130126,0.9753719,0.9740387,0.0018180333,0.9751297,0.72605556,0.7810532,0.76175463,0.025041774,0.7771102,88.35051,92.35313,90.61874,1.794152,91.4679,95.944145,96.70623,96.3376,0.28285137,96.35475,2.8994431,3.6061888,3.1570516,0.30811244,3.0315502,0.5102539,0.60302734,0.5401367,0.041043807,0.5136719,49,68,61.0,8.860022573334676,67.0,MBP,80,PXDesign,SolubleMPNN,22,non_binder,0.9796349263191222,binder
053f304f-90e6-50d0-a549-1ea26a1b3fe0,0.00585,0.13795,0.043139,0.051509768318467736,0.011949999999999999,0.0,0.02811,0.008043999999999999,0.010664210342178283,0.00207,5.6639,28.7264,16.889000000000003,8.208414791203259,17.4021,12.1604,78.9596,44.21587,25.027101878787764,48.9456,0.0,0.23032731,0.034886636,0.07632983,0.0,0.0,0.3547668,0.06244241,0.12933652,0.0,0.0,0.5781769,0.09508858,0.20277289,0.0,0.0,0.23032731,0.034886636,0.07632983,0.0,0.5001563,0.8190323,0.67353547,0.12639813,0.73754615,0.59027714,0.86000746,0.73933065,0.10838942,0.80035776,0.0,0.29593214,0.064818755,0.103200115,0.010270081,68.90469,74.03677,71.65964,1.6959598,71.76048,81.472664,85.92049,84.06246,1.740621,84.5315,11.033234,28.544882,20.262238,5.693482,20.65501,3.3789062,22.671875,12.6625,6.084424,12.628906,15,53,31.0,13.589211407093003,30.0,TNFa,114,RFdiffusion,SolubleMPNN,25,non_binder,0.2655734604597091,non_binder
05866bca-8d3c-59d8-aee1-18d57fa66ed9,0.00487,0.01685,0.008786,0.004478901651074737,0.00639,0.0,0.0,0.0,0.0,0.0,19.9376,40.9499,31.62401,7.261627310343965,34.553200000000004,39.1993,73.273,58.651959999999995,12.45057223354279,64.1249,0.0,0.0,0.0,0.0,0.0,0.0,0.0,0.0,0.0,0.0,0.0,0.0,0.0,0.0,0.0,0.0,0.0,0.0,0.0,0.0,0.15190898,0.8483677,0.5192822,0.3316949,0.5716417,0.6291322,0.8853464,0.7579055,0.11904692,0.75012565,0.0,0.0,0.0,0.0,0.0,76.36806,82.96787,79.51573,1.9362012,79.474205,85.41561,86.42484,85.94395,0.28554085,85.96129,23.350027,29.799723,27.770008,1.7032518,28.204681,13.2421875,27.015625,22.535156,3.621783,23.28125,16,85,41.1,21.931458886469198,35.0,Cas9,63,RFdiffusion3,SolubleMPNN,20,non_binder,0.3964614152908325,non_binder
06431942-f2e6-58ea-a5d7-3122f0c3a6d2,0.72889,0.80327,0.751506,0.029830528490122316,0.73965,0.7619,0.85714,0.7904720000000001,0.042592622835416,0.7619,1.2995,1.7662,1.55586,0.17604329865121252,1.5766,1.1531,1.4363,1.22264,0.1198462473338235,1.175,0.33316827,0.5460006,0.4839078,0.0905136,0.53023285,0.46356958,0.6977203,0.6295525,0.09784262,0.6716372,0.46356958,0.6977203,0.6295525,0.09784262,0.6716372,0.33316827,0.5460006,0.4839078,0.0905136,0.53023285,0.6033629,0.7874348,0.7345568,0.07763695,0.7717285,0.7833233,0.882534,0.8516924,0.040575102,0.8694561,0.49842766,0.6478576,0.6022851,0.061317507,0.63471365,91.78766,92.443924,92.157005,0.27445635,92.09491,87.453445,89.11348,88.37934,0.6854026,88.41077,4.352828,6.2167206,4.940572,0.7575796,4.568711,1.4462891,2.4882812,1.7261719,0.44599545,1.484375,31,35,33.0,1.4142135623730951,33.0,BBF-14,65,Genie3,SolubleMPNN,24,non_binder,0.9436718368530274,binder
06668c59-9705-5251-983f-0e9dc9e95815,0.87616,0.90517,0.89215,0.010515776243340274,0.89176,0.85714,0.85714,0.85714,0.0,0.85714,0.5517,0.7019,0.6056199999999999,0.058603515252926584,0.5959,1.2888,1.9304,1.7256799999999999,0.253397527612248,1.8065,0.78290266,0.837585,0.8178536,0.022124177,0.8287837,0.79998976,0.8461826,0.8262538,0.019091709,0.83341014,0.79998976,0.8461826,0.8255228,0.019774059,0.83341014,0.78290266,0.837585,0.8185846,0.02183976,0.8287837,0.9012221,0.9294157,0.9196305,0.011206731,0.92483693,0.9360818,0.95064926,0.9455501,0.006216803,0.94784427,0.74068964,0.7709713,0.75955,0.01285076,0.76505697,96.771225,97.04244,96.89543,0.10105375,96.891495,95.46684,95.93697,95.72445,0.18199211,95.69709,3.1796007,3.565626,3.3227837,0.17988877,3.212853,0.6767578,0.82177734,0.72314453,0.06440131,0.6845703,20,21,20.4,0.5477225575051662,20.0,TrkA,75,PXDesign,SolubleMPNN,26,non_binder,0.9852195167541503,binder
06a3a1e6-49fb-5d7a-b66f-9451422ba78d,0.01,0.01069,0.010338,0.00028083803161252905,0.01023,0.0,0.0,0.0,0.0,0.0,20.7731,21.2695,20.961579999999998,0.19167302105408587,20.9274,51.0936,53.0291,52.11576,0.7874449523617515,52.4186,0.0,0.40828255,0.14688319,0.1652779,0.10200329,0.0,0.7134378,0.3185897,0.30941123,0.3278722,0.0,0.7134378,0.3185897,0.30941123,0.3278722,0.0,0.40828255,0.14688319,0.1652779,0.10200329,0.5715489,0.8664441,0.72506475,0.10723614,0.7296475,0.6113547,0.8641481,0.7472097,0.08797415,0.7504512,0.0,0.42665863,0.1761975,0.17382316,0.16546494,74.709694,84.42396,79.11918,4.080816,78.766556,73.6043,82.593704,78.14876,3.2374742,78.640816,9.087197,27.77282,16.498219,6.935088,13.639326,2.1972656,19.15625,8.088282,5.9697585,5.5859375,21,58,39.9,16.16202682559063,40.5,Latent GDF-8,69,RFdiffusion3,SolubleMPNN,38,binder,0.4293498432636261,non_binder
07027460-fba5-59b1-a985-e2d9b967292c,0.03423,0.72424,0.146163,0.20710099517170627,0.10631,0.0,0.61111,0.08889,0.18616950746862684,0.03704,1.2449,17.6709,9.62235,5.107184116353486,7.3585,1.5087,26.152,17.525380000000002,7.747655097124549,15.35545,0.011287284,0.65590763,0.2698314,0.21303406,0.21073604,0.0122063,0.8619055,0.46249992,0.2802134,0.46846074,0.011287284,0.8619055,0.462408,0.28037757,0.46846074,0.0122063,0.65590763,0.2699233,0.21291031,0.21073604,0.36709726,0.92428607,0.63953376,0.18449046,0.59839594,0.7678035,0.95578116,0.8668106,0.06218708,0.8729187,0.08857142,0.625605,0.32717294,0.18355316,0.28704643,84.22316,91.49191,87.08426,2.5204,86.84986,81.97421,93.128975,88.14388,4.607307,89.1608,5.4315977,16.559027,10.423826,3.5466833,9.813942,1.2119141,7.90625,4.325586,2.1540668,4.265625,21,78,34.9,17.0909332688417,29.0,Nipah-G,85,PXDesign,Caliby (SolubleCaliby),26,non_binder,0.862589840888977,binder
0706fd62-ad56-50c3-9831-094c86d3e19c,0.81866,0.93174,0.8797200000000001,0.0521280749692524,0.89944,0.77778,0.88889,0.8444459999999999,0.06085745336439895,0.88889,0.458,0.9404,0.71124,0.20890213737537489,0.6855,0.664,1.727,1.1210200000000001,0.42380237375456026,1.1444,0.87731737,0.9068342,0.89213496,0.010840722,0.89306116,0.88582724,0.9117962,0.89635193,0.00968672,0.8952175,0.88582724,0.9068342,0.8953595,0.0077742753,0.8952175,0.87731737,0.9117962,0.89312744,0.01260613,0.89306116,0.93905985,0.9578104,0.9477709,0.006852023,0.94781387,0.9549495,0.9679694,0.9611222,0.0048002615,0.9618329,0.7757657,0.8055938,0.7886993,0.011038963,0.7885322,97.06128,97.287544,97.16728,0.09827933,97.12519,96.57887,96.83102,96.693146,0.12658729,96.64998,2.5420237,3.0627923,2.8214288,0.18982671,2.809602,0.43017578,0.51416016,0.47563475,0.030993553,0.47216797,41,51,46.0,3.5355339059327378,46.0,TrkA,90,RFdiffusion3,SolubleMPNN,30,non_binder,0.9653793430328368,binder
0732d071-ced9-531e-879f-727cf5a851d3,0.67768,0.77694,0.7062459999999999,0.04081613259484535,0.68588,0.47619,0.71429,0.5428580000000001,0.09874693372454658,0.52381,1.0717,1.198,1.11624,0.050713489329763065,1.1007,1.7671,2.5299,2.28154,0.302754798475598,2.3297,0.76260054,0.7932744,0.77826583,0.011698207,0.7758417,0.883961,0.9053994,0.8918408,0.008304175,0.8910394,0.76260054,0.7932744,0.77826583,0.011698207,0.7758417,0.883961,0.9053994,0.8918408,0.008304175,0.8910394,0.9645873,0.97177595,0.9672979,0.0027646204,0.9670247,0.81723994,0.9330377,0.88460463,0.058016885,0.9236989,0.6967717,0.755849,0.7227787,0.02889292,0.7055013,95.51203,95.944916,95.77934,0.19008628,95.84451,82.630714,86.11529,84.18654,1.4763838,83.80199,4.304617,8.266076,5.862002,1.9569689,4.52772,0.52783203,0.60498047,0.57109374,0.027925247,0.5732422,15,23,18.2,3.1144823004794873,18.0,TREM2,70,PXDesign,SolubleMPNN,9,binder,0.9584235763549803,binder
07723659-9c20-5099-9f44-ffc06ad91a87,0.62694,0.76714,0.6979949999999999,0.0505961696508079,0.71913,0.5,0.70833,0.6083350000000001,0.0790569415393459,0.6458349999999999,1.1859,1.6935,1.42371,0.1795107019403331,1.38285,1.2832,2.3077,1.78823,0.3596576645459772,1.7258,0.43755537,0.6797354,0.54354054,0.09371533,0.5447676,0.72506994,0.87457573,0.79159534,0.05651094,0.7983911,0.72506994,0.87457573,0.79159534,0.05651094,0.7983911,0.43755537,0.6797354,0.54354054,0.09371533,0.5447676,0.8163699,0.923742,0.8768648,0.038426187,0.8735541,0.8101188,0.95591956,0.9023529,0.0590785,0.9322865,0.4755795,0.6298054,0.5446192,0.054058447,0.5471998,84.42225,87.382355,86.14362,0.8293773,86.24107,82.392914,92.93235,88.08994,4.5443006,88.353745,4.9632154,10.676604,7.1777244,2.0695562,6.5306454,1.4033203,2.8320312,2.1211915,0.5088282,2.1679688,70,82,76.6,3.921450978627396,76.0,Nipah-G,84,RFdiffusion3,SolubleMPNN,37,binder,0.9645362162590027,binder
07887761-ae33-53ee-9a62-207389f6c265,0.86646,0.94009,0.892038,0.029917576272151473,0.88585,0.75,0.91667,0.808334,0.06972246574813598,0.79167,0.4571,0.5683,0.53164,0.0445888214690633,0.5372,0.8705,1.4804,1.1985199999999998,0.2837841908915998,1.3634,0.8179998,0.8502598,0.83335733,0.012912488,0.8364099,0.84287864,0.8673271,0.8522997,0.00989632,0.85295093,0.84287864,0.8673271,0.8522997,0.00989632,0.85295093,0.8179998,0.8502598,0.83335733,0.012912488,0.8364099,0.9153657,0.92969596,0.9208108,0.005784243,0.9208337,0.94274175,0.9524873,0.9476496,0.0038378418,0.9472657,0.7572971,0.77878004,0.7677134,0.008966579,0.7681863,97.53453,98.01217,97.775764,0.1901827,97.83096,96.67485,96.76509,96.72074,0.0353375,96.72433,2.8887045,3.1713185,3.0183766,0.124561265,3.0626786,0.5859375,0.7104492,0.665625,0.05061242,0.6850586,36,38,36.8,0.8366600265340751,37.0,TrkA,100,RFdiffusion3,SolubleMPNN,11,non_binder,0.9759830904006956,binder
07a834bc-a1e3-5ab9-b2b5-2559a8ad2812,0.52266,0.88975,0.736618,0.11047451871107858,0.7085649999999999,0.35714,0.85714,0.664288,0.15077435803212694,0.71429,0.5185,2.1981,1.23215,0.7183247041245036,1.1807,1.5798,3.4238,2.56695,0.5775268945156483,2.4240500000000003,0.6023518,0.7914538,0.7080085,0.081822775,0.71729827,0.67553556,0.8052383,0.7480122,0.054905422,0.7522541,0.67553556,0.84330076,0.7636722,0.07132581,0.7663847,0.6023518,0.7914538,0.7080085,0.081822775,0.71729827,0.8419751,0.898246,0.87366545,0.019377405,0.8772111,0.87585914,0.9180531,0.89965945,0.014291619,0.9022727,0.54946524,0.6842477,0.6212312,0.055457555,0.62285817,95.87901,96.57638,96.27864,0.24308877,96.36035,97.151024,97.53127,97.38622,0.14316362,97.44864,4.1007886,5.893687,4.907214,0.7469512,4.8726444,0.83935547,1.6601562,1.1893555,0.34893486,1.1630859,9,11,10.2,0.632455532033676,10.0,VEGF-A,80,FreeBindCraft (BindCraft),SolubleMPNN,4,non_binder,0.9318757724761961,binder
07c12aec-d8a4-5d4c-9104-96a499c8928b,0.00931,0.30215,0.082243,0.11835093803787294,0.01178,0.0,0.05882,0.005882,0.01860051719711041,0.0,2.7741,22.804,15.316120000000002,8.388817917892577,19.2511,5.828,54.9969,38.03779,21.140291218926006,49.0466,0.0,0.2203773,0.044480238,0.09090526,0.0,0.0,0.5497896,0.13255528,0.22579531,0.011592973,0.0,0.5497896,0.13255528,0.22579531,0.011592973,0.0,0.2203773,0.044480238,0.09090526,0.0,0.11072803,0.6574755,0.28758204,0.20566097,0.20069054,0.72713315,0.8607645,0.8034129,0.04825317,0.8273233,0.0,0.33155802,0.10665651,0.120926715,0.07392338,80.54141,88.4625,83.81901,2.962263,82.867096,81.18568,92.73335,87.37034,5.107035,88.81061,10.573656,25.472496,18.311169,5.1646037,19.458496,4.9375,12.65625,8.840235,2.813942,8.8828125,24,53,38.8,10.819735055289788,36.0,Nipah-G,85,PXDesign,Caliby (SolubleCaliby),43,non_binder,0.43040506601333617,non_binder
08691ea3-95f4-50b8-880e-1188b5e2e2f6,0.6843,0.81211,0.7349859999999999,0.04980373510089377,0.71394,0.78571,0.85714,0.7999959999999999,0.03194446712656198,0.78571,1.1168,1.758,1.46556,0.2572706901300651,1.3922,2.1623,4.0445,2.97312,0.8396838405018878,2.8047,0.26307568,0.42517492,0.34247166,0.07005901,0.35720608,0.4912593,0.6267996,0.56588995,0.05828071,0.59078443,0.4912593,0.6267996,0.56588995,0.05828071,0.59078443,0.26307568,0.42517492,0.34247166,0.07005901,0.35720608,0.6789113,0.8122068,0.7473811,0.058241487,0.7637327,0.8753873,0.92553365,0.9038498,0.023885146,0.9137942,0.32633543,0.4450993,0.39161888,0.051934093,0.4075504,85.96387,87.577385,86.77704,0.67450565,86.67185,96.1541,96.942924,96.64873,0.33729044,96.82898,7.3453403,9.252602,8.178069,0.7737493,8.045877,2.4042969,3.390625,2.86875,0.47701734,2.6796875,38,42,40.4,1.5165750888103096,41.0,MBP,75,Genie3,SolubleMPNN,12,non_binder,0.9227416849136352,binder
08c85996-a4dc-523b-bf37-aeaea3d1fa98,0.75824,0.83998,0.7865439999999999,0.03360463851910918,0.77657,0.51724,0.75862,0.627586,0.08925602797570589,0.62069,0.7942,0.9125,0.8545999999999999,0.05180415041287716,0.8637,1.0614,1.574,1.2874599999999998,0.2219417784014538,1.2061,0.8539083,0.91016287,0.8855445,0.021426996,0.8844629,0.89620554,0.9315643,0.91778487,0.013184023,0.92083776,0.89620554,0.9315643,0.91778487,0.013184023,0.92083776,0.8539083,0.91016287,0.8855445,0.021426996,0.8844629,0.943478,0.9667209,0.95684034,0.008908855,0.9565094,0.96384954,0.9764757,0.9712329,0.0046672854,0.9713212,0.7924723,0.8335059,0.8160837,0.015116874,0.8203291,91.79365,93.90675,92.92624,0.870181,92.75942,94.64165,95.16281,94.98305,0.20225829,95.036224,2.3078854,2.819076,2.4956212,0.19379279,2.4521627,0.44335938,0.58496094,0.51035154,0.051194374,0.5029297,31,38,35.2,2.774887385102322,36.0,TrkA,66,FreeBindCraft (BindCraft),designed jointly by the structure model (native co-design),31,non_binder,0.9766783165931702,binder
08cf5514-e489-5fc1-bf7c-dbcef4782b41,0.0067,0.40897,0.198878,0.19808555866370245,0.19069499999999998,0.0,0.17424,0.076681,0.08045315247604244,0.061430000000000005,3.8906,33.7183,16.18776,13.029152276013798,15.19425,2.2241,62.5385,26.554750000000002,25.217383915344765,24.441950000000002,0.0,0.40879703,0.1591346,0.17625381,0.09990874,0.0,0.7345664,0.34190017,0.3626241,0.2924398,0.0,0.7345664,0.34190017,0.3626241,0.2924398,0.0,0.40879703,0.1591346,0.17625381,0.09990874,0.70929945,0.95448625,0.8295868,0.12130459,0.8261895,0.80292535,0.96491283,0.88381946,0.07985748,0.8831742,0.0,0.4954858,0.2210683,0.23662315,0.1717291,75.70933,80.061516,77.4471,1.6553978,76.922745,95.30113,95.864456,95.58238,0.20063947,95.57668,6.3400726,27.893248,17.070034,10.662509,16.792843,2.4199219,22.9375,12.334765,9.9365635,11.694336,2,56,27.0,23.49940897601942,26.0,15-PGDH,77,RFdiffusion3,SolubleMPNN,31,non_binder,0.4854794573783874,non_binder
09aaedb7-27a5-5ec3-9357-b9592a1b4354,0.66331,0.77069,0.7223379999999999,0.04061899210960312,0.71779,0.16667,0.83333,0.5,0.2635220842737853,0.5,0.6201,0.6577,0.63768,0.014264361184434415,0.639,1.3983,7.3606,3.7821799999999994,2.4868249711228168,4.3643,0.5364447,0.6309104,0.58820707,0.043064393,0.5923418,0.63989383,0.6958226,0.66956455,0.024668602,0.6643792,0.63989383,0.6958226,0.66956455,0.024668602,0.6643792,0.5364447,0.6309104,0.58820707,0.043064393,0.5923418,0.9146807,0.941047,0.92937785,0.011921574,0.9309809,0.6071512,0.64024353,0.6214347,0.0142187,0.619727,0.49621227,0.5330599,0.5170335,0.017386409,0.52213323,81.521355,82.25039,81.900154,0.28337055,81.88887,87.486984,88.13647,87.83384,0.2911512,87.93672,12.920663,14.202433,13.620981,0.5527568,13.667095,1.5673828,1.90625,1.7228515,0.16330129,1.6728516,24,28,26.2,1.643167672515498,27.0,EGFR,70,PXDesign,SolubleMPNN,34,non_binder,0.8908925914764404,binder
09baba26-76fc-5a55-bb45-fb7ba78e5288,0.38921,0.58574,0.541474,0.08528281409522087,0.57986,0.0,1.0,0.2,0.4472135954999579,0.0,0.8013,9.0046,2.4751,3.6503653406200316,0.8366,1.0067,21.0109,5.1933,8.845370110685023,1.3085,0.0113758,0.6058523,0.4288013,0.24877694,0.5655178,0.07652825,0.73184973,0.56609637,0.2800631,0.71738,0.0113758,0.73184973,0.5530659,0.30859777,0.71738,0.07652825,0.6058523,0.44183177,0.22167723,0.5655178,0.4807399,0.92923933,0.8185867,0.19181365,0.9169299,0.5199194,0.67387843,0.61567074,0.058098055,0.6200603,0.096798964,0.5300252,0.4268009,0.18640088,0.51843214,80.0143,89.29263,87.06316,3.9871402,89.09821,88.955925,91.15077,90.256996,1.1112688,90.95522,13.038694,18.212433,14.778677,2.019419,13.95985,1.5332031,7.8710938,3.1238282,2.706306,1.6962891,19,34,24.2,5.718391382198319,23.0,EGFR,74,FreeBindCraft (BindCraft),SolubleMPNN,29,non_binder,0.7536583173274994,binder
0a106654-0108-5b9c-954e-613a20305730,0.03931,0.0545,0.04462,0.00637624889727495,0.04226,0.0,0.0,0.0,0.0,0.0,7.3389,9.2119,8.480879999999999,0.7387248994043726,8.735,21.272,26.9547,25.349420000000002,2.3833798453037236,26.3349,0.012279208,0.37183607,0.19179884,0.14404078,0.22788581,0.05413648,0.4894099,0.26075304,0.17637284,0.32261568,0.05413648,0.4894099,0.26075304,0.17637284,0.32261568,0.012279208,0.37183607,0.19179884,0.14404078,0.22788581,0.19842508,0.62163943,0.40482086,0.1762212,0.45425314,0.6018634,0.80971736,0.6982752,0.07912895,0.71573687,0.119440615,0.5623738,0.3320387,0.18132947,0.39243543,82.20436,87.015594,85.23274,1.8873866,85.99761,84.38315,87.22581,85.90483,1.4124243,86.35772,5.470975,12.036268,8.650073,2.7075555,7.5148463,2.0371094,5.765625,3.7714844,1.7277033,2.9101562,21,41,31.4,8.677557259966655,33.0,BBF-14,72,FreeBindCraft (BindCraft),Caliby (SolubleCaliby),17,non_binder,0.5408912980556488,binder
0a543761-e7c3-57e0-b749-88cae66f7c54,0.81388,0.87359,0.830868,0.024488529355598285,0.8214,0.75,0.8125,0.775,0.03423265984407287,0.75,0.6671,0.916,0.799,0.08950907775192415,0.8114,1.4048,2.8212,2.13048,0.5211049097830494,2.0622,0.67305815,0.72230273,0.7063517,0.021408575,0.71809024,0.8056334,0.84118474,0.82594156,0.01554377,0.8320099,0.67305815,0.72230273,0.7063517,0.021408575,0.71809024,0.8056334,0.84118474,0.82594156,0.01554377,0.8320099,0.9346917,0.9483157,0.94245625,0.0058958624,0.9446533,0.85745966,0.90834624,0.8903054,0.02057399,0.89595723,0.6516685,0.6858136,0.6728648,0.014647209,0.6777147,93.90804,94.537834,94.28473,0.24642135,94.34339,82.51911,84.93347,83.57826,0.9360484,83.574356,5.0452743,5.9764647,5.360624,0.42676008,5.070046,0.6665039,0.7763672,0.709082,0.054802258,0.67089844,18,23,21.0,1.8708286933869707,21.0,TREM2,71,PXDesign,SolubleMPNN,7,non_binder,0.9760795879364014,binder
0a7a1dbc-0261-5094-a9ff-87c755981180,0.94178,0.96749,0.953454,0.00964005860978037,0.95255,0.9,0.96667,0.933332,0.02357140470994462,0.93333,0.358,0.4402,0.39518,0.03366766995204749,0.4002,0.6463,0.8667,0.74926,0.09247501284130756,0.7729,0.9344214,0.94189644,0.93764293,0.0028001796,0.9374869,0.9388553,0.9498122,0.9426385,0.0044073444,0.94266146,0.9388553,0.9498122,0.9426385,0.0044073444,0.94266146,0.9344214,0.94189644,0.93764293,0.0028001796,0.9374869,0.97232604,0.9756314,0.97375166,0.0012409915,0.9736869,0.97598636,0.97983086,0.97732,0.0015589225,0.9771646,0.7729356,0.7877701,0.77856797,0.0058217784,0.77727884,96.07456,96.31205,96.20418,0.09914966,96.24538,93.9768,94.42681,94.15454,0.17217809,94.093765,2.8100502,3.097121,2.9910433,0.11010464,3.014463,0.3395996,0.3544922,0.35014647,0.0060628527,0.3527832,54,55,54.2,0.44721359549995865,54.0,BHRF1,107,BoltzGen,SolubleMPNN,13,non_binder,0.9789718270301818,binder
0a998f45-1562-5f1a-99e5-d186f3bd577b,0.01681,0.02636,0.019269,0.002667664188428188,0.01874,0.0,0.0,0.0,0.0,0.0,10.7815,15.8549,13.15409,2.2698093412100597,12.37695,32.7724,46.5542,40.245729999999995,4.3834757824889,38.365449999999996,0.0,0.7996675,0.2908551,0.32602927,0.14198762,0.0,0.8164512,0.30833054,0.32615855,0.18579327,0.0,0.7996675,0.30052227,0.31954375,0.17942789,0.0,0.8164512,0.2986634,0.3327672,0.14835301,0.39027977,0.90931773,0.7389334,0.13543987,0.7489768,0.6267699,0.93126816,0.78085524,0.09350112,0.75266755,0.039928563,0.72319716,0.32021523,0.28688,0.19770207,82.43299,94.98157,88.179306,4.389251,87.89786,69.37387,82.809395,78.788956,3.828728,80.33719,3.6012936,18.453594,11.505693,6.3445354,12.65637,0.8828125,10.0078125,5.436621,3.7406733,5.6992188,17,70,34.7,15.811739661122399,32.5,RBX1,97,RFdiffusion,SolubleMPNN,14,non_binder,0.5340237927436828,binder
0a9b13f9-09c6-5ab6-a317-dc05e8d774fa,0.00887,0.00964,0.009104,0.0003118172541730162,0.00904,0.0,0.0,0.0,0.0,0.0,20.6449,21.6098,21.19472,0.3589147489307178,21.288,54.6084,57.1003,56.27257999999999,0.9785704737013028,56.57,0.0321813,0.10797429,0.078824,0.028864836,0.08819077,0.11847189,0.22137582,0.188584,0.043538682,0.20993604,0.11847189,0.22137582,0.188584,0.043538682,0.20993604,0.0321813,0.10797429,0.078824,0.028864836,0.08819077,0.25261724,0.3517246,0.3202523,0.041638087,0.3380426,0.5766383,0.6168244,0.6042696,0.016013406,0.60716975,0.17538057,0.2255535,0.21034846,0.020430865,0.21532388,88.77688,89.55792,88.97921,0.32564947,88.85976,86.78091,88.15086,87.59782,0.5830143,87.7415,11.260584,12.918731,11.7043705,0.6844128,11.45196,3.6289062,4.5429688,3.959375,0.3811382,3.8496094,12,16,14.0,2.0,14.0,BBF-14,93,Genie3,SolubleMPNN,19,non_binder,0.2836376297473907,non_binder
0aa588e7-5035-53d3-a90e-774a3f0fcd2c,0.0083,0.72888,0.304913,0.31765675871397203,0.2556,0.0,0.59259,0.28518600000000005,0.3009163802343324,0.27778,0.6329,19.7598,8.32572,8.139431413365978,7.866,4.4851,68.754,38.51468,29.34846662209875,36.481899999999996,0.0,0.87393415,0.4178331,0.4412499,0.39058998,0.0,0.9385966,0.46351814,0.48618835,0.45542604,0.0,0.87393415,0.41903606,0.43999884,0.39660475,0.0,0.9385966,0.46231517,0.48744282,0.44941127,0.695883,0.9734361,0.847826,0.12691148,0.8621134,0.68598,0.89754003,0.7879759,0.07723384,0.80404174,0.0,0.7862661,0.39294404,0.38909444,0.3951036,84.54236,95.33409,90.37815,4.9481287,90.670555,76.454704,85.0165,79.79919,3.689533,77.72467,4.8237863,23.414482,13.984589,7.707469,12.574288,0.34765625,13.5625,5.7467775,5.8099356,4.294922,22,32,28.1,3.4785054261852175,30.0,RBX1,90,Genie3,SolubleMPNN,15,non_binder,0.7751880156993866,binder
0b4f9c2d-ffdb-5961-b29f-c009a438c62a,0.69595,0.85028,0.80163,0.06183466463077165,0.82017,0.57143,0.71429,0.6809559999999999,0.06208888370715004,0.71429,0.6438,1.291,0.86754,0.2533853646128758,0.8209,0.7582,2.1101,1.33724,0.5145799578296847,1.3128,0.8989765,0.917609,0.9055878,0.007872287,0.901925,0.9251546,0.94063246,0.93017817,0.0061689112,0.9287903,0.9251546,0.94063246,0.93017817,0.0061689112,0.9287903,0.8989765,0.917609,0.9055878,0.007872287,0.901925,0.9569361,0.96614265,0.95992947,0.003667793,0.9590801,0.97196686,0.9774169,0.97395295,0.0022179608,0.97279364,0.8073401,0.82620335,0.8137158,0.008070369,0.80913216,95.28423,96.43661,95.92935,0.45196238,95.842415,95.52852,96.454384,96.069916,0.33866844,96.16004,2.204673,2.4475825,2.3596804,0.111002475,2.423622,0.43603516,0.5083008,0.4855957,0.029541016,0.4970703,32,34,33.0,1.0000000000000009,33.0,PD-L1,90,Genie3,SolubleMPNN,28,non_binder,0.9810420846939086,binder
0b634ff8-fc7d-5df2-9373-acd31f93af96,0.73558,0.84933,0.788598,0.040237625509797,0.796075,0.65385,0.76923,0.705771,0.03274750998167645,0.7019249999999999,0.6625,1.2741,0.9992300000000001,0.1964505368901914,1.0011,0.9502,2.4627,1.53989,0.4763562239659634,1.38765,0.5601357,0.75614107,0.6819348,0.07674509,0.71106255,0.8069935,0.91002715,0.865101,0.03987683,0.8775637,0.8069935,0.91002715,0.865101,0.03987683,0.8775637,0.5601357,0.75614107,0.6819348,0.07674509,0.71106255,0.9008182,0.9488649,0.9327451,0.01884215,0.9420533,0.8229892,0.9689933,0.9128703,0.063501455,0.9425436,0.54629207,0.66802424,0.61046535,0.044194013,0.61664426,91.52413,93.823166,92.942,0.7645449,93.03592,82.47639,94.11989,89.45359,4.8766336,89.88095,4.378779,9.682676,6.3948307,2.175966,5.478799,0.8588867,1.5097656,1.0754883,0.22451691,1.0119629,64,76,70.4,3.8930136855083823,70.5,Nipah-G,79,Proteina-Complexa,SolubleMPNN,28,binder,0.9721103382110594,binder
0b7e0338-faa9-52e8-880f-75bab19b73b4,0.04526,0.24763,0.174924,0.07866091805973281,0.18095,0.0,0.16667,0.12592799999999998,0.07100231841285184,0.14815,3.9847,10.9044,6.15036,2.77563188265303,5.7153,9.3574,23.3273,13.5337,5.630747823335725,12.1046,0.0,0.009947102,0.0009947101,0.0031455497,0.0,0.0,0.010737003,0.0010737003,0.0033953383,0.0,0.0,0.010737003,0.0010737003,0.0033953383,0.0,0.0,0.009947102,0.0009947101,0.0031455497,0.0,0.52343845,0.72856724,0.6388956,0.067438796,0.6505643,0.56067413,0.77491033,0.67709875,0.06905457,0.6862319,0.0,0.048267256,0.0059660487,0.015288327,0.0,63.33105,76.628265,70.852356,3.8458347,70.93437,73.52924,81.3367,76.69463,2.3826027,76.39964,19.917719,28.952839,24.148737,2.527327,24.378006,9.546875,22.484375,15.392969,3.377292,15.484375,25,62,39.6,12.020353109991774,37.0,Latent GDF-8,60,PXDesign,SolubleMPNN,23,non_binder,0.4581575119495392,non_binder
0b862adf-bbce-5f13-81e0-20f29bfa5083,0.16952,0.42565,0.268451,0.0727000378190334,0.265945,0.28889,0.44444,0.384443,0.059303728766035915,0.37778,3.7814,6.7202,5.55098,1.2152730336110573,6.2561,5.6105,21.2871,12.875739999999999,4.695823088234905,11.5722,0.3858047,0.85601825,0.6672644,0.18478917,0.67429674,0.4008048,0.9407384,0.7298185,0.21839653,0.7725281,0.4008048,0.85601825,0.6690344,0.18204287,0.67429674,0.3858047,0.9407384,0.72804856,0.22123191,0.7725281,0.6586898,0.9743873,0.8386458,0.13965963,0.8581309,0.6300081,0.9386932,0.7812771,0.10778435,0.79123354,0.39634368,0.7865023,0.64801586,0.14130947,0.6624872,80.076385,90.70047,85.484245,4.9807444,85.59699,74.21638,80.40221,76.90022,1.9029045,76.18984,3.2853549,21.314087,11.282484,6.3363647,10.496642,0.3564453,2.3671875,1.1510499,0.80818695,1.0263672,62,84,74.5,6.553201083779165,75.5,RBX1,90,PXDesign,Caliby (SolubleCaliby),21,non_binder,0.8648730707168578,binder
0bed8c10-5055-4209-8fed-542572b30bc4,0.77829,0.90561,0.857496,0.03438312189303222,0.85451,0.6,0.9,0.763718,0.07429984175248588,0.7679499999999999,0.5927,0.828,0.69814,0.07944628094225403,0.7092,0.517,1.5354,0.9113,0.3394795133730459,0.79325,0.4072709,0.8895812,0.7557186,0.16139564,0.82417274,0.6686911,0.8956879,0.8470458,0.06967692,0.87926006,0.6686911,0.94192517,0.8718382,0.0877849,0.9088495,0.4072709,0.8895812,0.7557186,0.16139564,0.82417274,0.9364251,0.97615224,0.9662694,0.011933367,0.97003335,0.948806,0.9780406,0.97042066,0.008537494,0.97217196,0.4788076,0.7555544,0.6764953,0.08846316,0.7090064,86.12159,92.436455,89.34483,2.6584332,89.21062,87.73909,88.68996,88.14409,0.2647973,88.11655,3.508395,6.829053,4.4239774,1.0768235,4.0054727,0.49414062,2.4433594,1.0284913,0.65942204,0.75097656,49,62,54.4,3.8355066303046734,54.5,TNFa,80,PXDesign,SolubleMPNN,37,non_binder,0.9699035120010375,binder
0c0ec613-330b-5163-a66f-858f72ac1271,0.66039,0.80828,0.732836,0.05979997433109815,0.71897,0.2,0.6,0.413334,0.14453019677562193,0.4,0.526,0.7828,0.65416,0.09600993698570999,0.6476,1.3332,2.6647,1.98796,0.5421452323870422,2.1802,0.81982183,0.8883723,0.8530501,0.030587388,0.84194064,0.8811231,0.9288229,0.90419996,0.020923577,0.8989308,0.8811231,0.9288229,0.90419996,0.020923577,0.8989308,0.81982183,0.8883723,0.8530501,0.030587388,0.84194064,0.9320289,0.9615603,0.94631946,0.013045056,0.9428334,0.945927,0.9682352,0.95693386,0.010374698,0.9530075,0.73755443,0.7886982,0.7627009,0.023622442,0.7553655,93.67054,93.94643,93.752785,0.110797375,93.715576,95.19184,96.32639,95.85304,0.47546697,95.84719,2.8516662,3.7848518,3.3669047,0.43342638,3.5578518,0.4560547,0.6176758,0.54248047,0.0728317,0.5629883,12,17,14.8,1.7888543819998317,15.0,TrkA,89,FreeBindCraft (BindCraft),designed jointly by the structure model (native co-design),25,non_binder,0.9533502125740051,binder
0c582187-c08b-518f-925a-21a546bae549,0.06574,0.28225,0.16273200000000002,0.0960116960062679,0.15864,0.0,0.26829,0.12195,0.12555520956933647,0.07317,4.9865,9.3394,7.370480000000001,1.8475128651784811,7.0969,8.1689,18.8358,13.5812,4.900559734867028,11.3336,0.0,0.17980556,0.071954325,0.07601346,0.07456588,0.0,0.45684227,0.18268557,0.19499773,0.17339976,0.0,0.45684227,0.18268557,0.19499773,0.17339976,0.0,0.17980556,0.071954325,0.07601346,0.07456588,0.16521406,0.6151464,0.39960217,0.18578148,0.47177562,0.5459114,0.7302724,0.6469871,0.08196338,0.67749023,0.0,0.20210797,0.08393359,0.08619255,0.094167374,68.48786,70.61319,69.298996,0.9761741,68.773384,82.724266,83.345505,83.03865,0.2853681,82.925354,12.247012,23.546762,16.824509,4.993793,14.055114,5.6210938,17.109375,10.080469,4.8089566,7.875,49,82,65.8,12.437845472588892,63.0,EGFR,88,RFdiffusion3,SolubleMPNN,37,non_binder,0.3976624357700347,non_binder
0d27bd7b-32e4-5c6f-8bf2-dfb5518e6dbb,0.71307,0.82813,0.79014,0.04571896543011447,0.80508,0.55102,0.69388,0.661226,0.06223770786267762,0.69388,0.7269,1.1143,0.8890399999999999,0.14931462754867658,0.8673,1.1934,2.0744,1.4971,0.34393307488521646,1.4452,0.87119395,0.8844785,0.87518233,0.005398732,0.8733593,0.9547554,0.9600384,0.95651245,0.0023598252,0.9549973,0.9547554,0.9600384,0.95651245,0.0023598252,0.9549973,0.87119395,0.8844785,0.87518233,0.005398732,0.8733593,0.9667685,0.97052187,0.96777564,0.0015784794,0.96695286,0.97396314,0.9765251,0.974778,0.0010424382,0.97450554,0.7708181,0.7818827,0.7764052,0.005189152,0.7750323,92.60007,93.623276,93.12648,0.41735217,93.2472,96.41318,96.78783,96.589325,0.14664268,96.62736,2.9864051,3.1213589,3.0526314,0.05879548,3.0594733,0.59765625,0.65234375,0.63378906,0.0235466,0.64453125,63,74,70.6,4.979959839195494,74.0,MBP,99,RFdiffusion3,SolubleMPNN,23,non_binder,0.97938316822052,binder
0d2ba428-dbaa-4f4f-80ce-04a3b9f41b45,0.36589,0.56483,0.45339999999999997,0.07237275515612829,0.445415,0.17073,0.5,0.30487600000000004,0.12095404418391494,0.30081,1.91,2.9207,2.37224,0.36102727259246714,2.3832,4.0765,5.3591,4.75115,0.5271699393933613,4.9234,0.10207339,0.8396506,0.52180004,0.3088254,0.55477357,0.30381334,0.84842765,0.69034046,0.17547597,0.73866224,0.30381334,0.9311094,0.73110306,0.21165256,0.7852152,0.10207339,0.8396506,0.52180004,0.3088254,0.55477357,0.87114716,0.9752508,0.94093764,0.035208013,0.9498888,0.9013321,0.9780732,0.9520478,0.025603533,0.95799917,0.17528704,0.7303419,0.5381241,0.19391231,0.5821416,84.590225,92.10241,88.54693,3.4575777,88.69517,89.09656,90.2285,89.804,0.38996705,89.84619,4.016205,11.261934,6.4000688,2.4826818,5.808658,0.609375,6.1953125,2.2853026,1.9154162,1.684082,30,42,34.4,3.5652645218989165,33.0,TNFa,71,RFdiffusion,SolubleMPNN,38,non_binder,0.8194853496551513,binder
0d2fca87-30cc-5172-a7c1-de6203fbf8e3,0.82798,0.87183,0.846374,0.017336785457517725,0.84259,1.0,1.0,1.0,0.0,1.0,1.1549,1.4616,1.3356400000000002,0.12597695424163893,1.3438,0.9495,1.4701,1.19716,0.23117592435199644,1.0945,0.27615312,0.4777833,0.4013093,0.08037239,0.42809975,0.38201553,0.60679966,0.5237015,0.09239259,0.570412,0.38201553,0.60679966,0.5237015,0.09239259,0.570412,0.27615312,0.4777833,0.4013093,0.08037239,0.42809975,0.516958,0.7265693,0.6517604,0.086328246,0.6961063,0.73894656,0.8351783,0.8037326,0.040549442,0.82030976,0.4539311,0.6015746,0.5533249,0.061367903,0.5826157,93.74814,94.98922,94.33517,0.4788879,94.37574,91.79025,92.7359,92.271034,0.37064058,92.296684,4.987968,6.783893,5.5865507,0.7509842,5.2454357,1.9667969,3.2128906,2.3601563,0.54231954,2.0625,37,45,39.8,3.271085446759225,38.0,BBF-14,78,RFdiffusion3,SolubleMPNN,20,non_binder,0.9304682636260986,binder
0d561df4-aa96-5516-968f-2399c3862990,0.64989,0.74716,0.6938340000000001,0.02857955298616284,0.689225,0.4,0.61905,0.516667,0.0611579721431856,0.511905,0.9344,1.3704,1.14245,0.17560716417934413,1.14975,1.9111,2.841,2.32654,0.27926697779882387,2.3369999999999997,0.8008949,0.8787427,0.8420892,0.023366347,0.8481783,0.8528084,0.88643116,0.8663913,0.01204314,0.8645102,0.8581315,0.8989029,0.87666094,0.01226652,0.8767608,0.8008949,0.8787427,0.8420892,0.023366347,0.8481783,0.9253068,0.951064,0.93612814,0.009638241,0.9364113,0.937566,0.9493212,0.94177026,0.0042247735,0.9400848,0.70751935,0.7494083,0.7261695,0.012977431,0.7273265,94.00476,96.30759,95.27368,0.7605503,95.21866,96.075134,96.89661,96.45506,0.28162923,96.43663,3.1835282,3.848625,3.531128,0.20350944,3.498087,0.52978516,0.7866211,0.6851562,0.08536308,0.6784668,34,39,36.6,1.8973665961010273,36.5,VEGF-A,89,RFdiffusion,Caliby (SolubleCaliby),30,binder,0.9712104344367981,binder
0db04d24-2fc4-5394-b68d-62d36b64025f,0.58226,0.71018,0.6243420000000001,0.051329087952154455,0.61083,0.72,0.88,0.808,0.06572670690061995,0.84,0.4111,0.578,0.47992,0.07088650788408182,0.4666,12.3013,26.1452,21.20826,5.27848040613963,22.829,0.5674986,0.7630112,0.6903048,0.07830248,0.7063001,0.65959305,0.76727897,0.7257593,0.041107304,0.72635126,0.65959305,0.7630112,0.7249058,0.040060647,0.72635126,0.5674986,0.76727897,0.6911584,0.07930995,0.7063001,0.91153765,0.9624284,0.944452,0.02031252,0.94985706,0.53995657,0.7071052,0.63199985,0.06161663,0.62638825,0.49823534,0.5690123,0.5418564,0.035379935,0.56473005,85.07883,87.36983,85.9949,0.98104715,85.75346,86.68787,89.61952,88.35955,1.2505646,87.96853,10.569438,17.099943,13.275729,2.437131,13.32248,0.98535156,1.8173828,1.3066406,0.32392594,1.2861328,38,55,45.4,6.913754406977443,42.0,EGFR,80,PXDesign,SolubleMPNN,17,non_binder,0.9166251897811889,binder
0db05365-6c03-5b52-ac64-97c2885ea2a2,0.91965,0.95067,0.9343239999999999,0.012452211851715357,0.93045,0.88372,0.95349,0.9162800000000001,0.02651565669562044,0.90698,0.4861,0.547,0.51656,0.02813490714397337,0.5308,0.5606,0.9471,0.70934,0.14791395471692317,0.6846,0.8526611,0.86626995,0.8585693,0.006675635,0.85500354,0.88323605,0.8979162,0.89082354,0.005494132,0.8907647,0.88323605,0.8979162,0.89082354,0.005494132,0.8907647,0.8526611,0.86626995,0.8585693,0.006675635,0.85500354,0.9488936,0.9544722,0.95133555,0.002534789,0.950036,0.9666421,0.970304,0.9685842,0.0014491302,0.9682247,0.7694765,0.78284216,0.77505714,0.0057686893,0.7735239,89.24988,91.30691,90.584076,0.8118334,90.91853,95.12433,95.69952,95.52178,0.24571435,95.661476,2.801574,2.9711401,2.9032717,0.07272397,2.9219239,0.5732422,0.6455078,0.61933595,0.028485259,0.62939453,52,57,55.2,2.1679483388678795,56.0,PD-L1,64,RFdiffusion3,SolubleMPNN,24,non_binder,0.9796801376342773,binder
0e3a1ade-bcc6-53a0-9501-eeac0b613468,0.61562,0.78963,0.696303,0.07343456513568165,0.6940500000000001,0.5814,0.76786,0.657061,0.06305788776988965,0.63829,1.1231,2.0556,1.56129,0.4168833075467416,1.5392000000000001,1.5148,3.0043,2.1874200000000004,0.5853931438690488,2.11035,0.8818432,0.92026,0.89555585,0.012292426,0.8929502,0.8972349,0.93936175,0.91143954,0.0125920605,0.9095309,0.90130484,0.93936175,0.918924,0.011898503,0.9211648,0.8818432,0.92026,0.89555585,0.012292426,0.8929502,0.96724737,0.9795137,0.97435933,0.004594418,0.9747964,0.96983635,0.98198956,0.97661304,0.004446177,0.9768895,0.6981261,0.7393887,0.71737754,0.014848625,0.7224871,88.44599,91.95302,90.56783,1.3308365,90.76556,88.11286,89.863075,89.29276,0.49120215,89.36372,3.5736802,4.387949,3.9006317,0.3000093,3.806212,0.5395508,0.7319336,0.665625,0.0651781,0.6791992,66,101,80.4,9.834180754445745,80.0,TNFa,96,RFdiffusion3,SolubleMPNN,33,non_binder,0.9731607127189636,binder
0e78130b-950b-58a5-88f3-05866b74bd31,0.82587,0.905,0.857962,0.03196032024245066,0.85855,0.76923,0.88462,0.8153840000000001,0.04213492707956191,0.80769,0.6015,0.7829,0.7120599999999999,0.07303069902445136,0.7188,1.4111,2.8335,2.03474,0.6312211601332771,1.8513,0.85890454,0.89198977,0.86808217,0.01374527,0.86302096,0.8635036,0.89699954,0.87861335,0.01241068,0.87549496,0.85890454,0.89198977,0.87669164,0.012233593,0.87549496,0.85953504,0.89699954,0.8700039,0.015318617,0.8635036,0.93043035,0.9486454,0.9361328,0.007404607,0.9326595,0.95318353,0.9651284,0.95786417,0.004507557,0.9567405,0.7845764,0.80881506,0.7918763,0.009739374,0.7880097,95.42881,95.81663,95.609665,0.15711415,95.65101,93.316345,93.9145,93.680504,0.25049236,93.71173,2.5694876,2.9806256,2.7761796,0.14612119,2.7721343,0.47705078,0.6489258,0.6009766,0.06999678,0.62597656,35,43,37.6,3.7148351242013415,35.0,TrkA,96,RFdiffusion3,Caliby (SolubleCaliby),13,non_binder,0.9718961977958679,binder
0e83485a-123d-5fac-859a-470e2f66d7b4,0.74509,0.84268,0.809259,0.03026296249359746,0.82169,0.60345,0.72414,0.653393,0.04736210324017855,0.641545,0.5602,1.2967,0.74902,0.22124879811349635,0.67965,0.6097,2.1704,1.29963,0.501828202232154,1.2105,0.8226205,0.8841096,0.85560626,0.023848308,0.8631235,0.83930147,0.8848116,0.86222255,0.01768331,0.86835,0.83930147,0.8841096,0.8618394,0.017396564,0.86742866,0.8226205,0.89452803,0.8593618,0.027753646,0.8656641,0.9203854,0.94913894,0.93196285,0.008901282,0.93198603,0.929937,0.9450423,0.9358118,0.0048205913,0.93403065,0.68964994,0.73481756,0.7125089,0.016952641,0.715775,95.922516,96.841896,96.36241,0.3308193,96.40178,96.49069,96.900795,96.71408,0.121152036,96.725204,3.3256438,3.995563,3.6699378,0.2522009,3.645547,0.4868164,0.7583008,0.6196289,0.08950787,0.62768555,30,37,34.6,2.270584848790187,34.5,VEGF-A,98,RFdiffusion3,Caliby (SolubleCaliby),18,binder,0.9740717148780822,binder
0e98a316-c2ac-5af7-87b0-964bc4f3e8b9,0.01415,0.4189,0.165232,0.16726909502687912,0.128325,0.0,0.6,0.265,0.2809211039894771,0.25,3.5518,17.5592,10.84491,6.914018094896452,11.1995,8.4097,44.6002,29.722550000000002,16.127788195206573,35.0038,0.510343,0.83429193,0.6778919,0.12404648,0.6671586,0.6740452,0.89215773,0.77670974,0.07659505,0.75928754,0.6740452,0.83429193,0.7507098,0.052068762,0.73454225,0.510343,0.89215773,0.7038919,0.15083244,0.6919039,0.85310847,0.96709937,0.9141451,0.04083496,0.9136869,0.79495955,0.8869656,0.8455337,0.03291941,0.8468671,0.4308944,0.76647687,0.5960979,0.15452433,0.5872165,82.91771,89.83645,86.22423,2.854483,85.88767,72.72656,81.25636,78.212265,2.3264105,78.59029,4.7624683,9.332172,7.70204,1.3459984,7.8360443,0.4399414,1.5693359,0.9719238,0.38927373,0.9873047,17,34,26.9,6.4368729468068056,28.5,RBX1,60,Proteina-Complexa,SolubleMPNN,15,non_binder,0.8001885879039764,binder
0ed5c4d3-d787-51d6-825e-60dc6c885968,0.10137,0.13532,0.11272800000000001,0.014325769438323374,0.10508,0.25926,0.33333,0.274074,0.033125111018681895,0.25926,16.8687,24.2931,20.92908,2.948886079013565,21.5634,27.2609,41.0751,35.06878,5.524393157352218,36.6016,0.6173472,0.7340045,0.6838195,0.04662427,0.68876666,0.71069044,0.75530386,0.7388004,0.017827425,0.74019563,0.71069044,0.75530386,0.7388004,0.017827425,0.74019563,0.6173472,0.7340045,0.6838195,0.04662427,0.68876666,0.92336136,0.9533902,0.94127876,0.012105962,0.9429872,0.5667873,0.6565368,0.6221005,0.036821023,0.62741226,0.5087783,0.56469387,0.5445408,0.021556087,0.5513801,73.23321,77.98184,75.79773,1.7309974,75.821976,82.34114,84.2826,83.61663,0.7634415,83.9474,12.639056,15.155518,13.656157,1.0281379,13.535643,0.99853516,1.4912109,1.2100586,0.19031522,1.1669922,25,31,29.6,2.60768096208106,31.0,EGFR,82,PXDesign,SolubleMPNN,14,non_binder,0.5463778722286224,binder
0f7ac187-50ae-51fd-8a07-7c52f23070da,0.01259,0.67759,0.543327,0.1927956470261251,0.599685,0.0,0.85417,0.7437509999999999,0.2622485980240038,0.8125,1.7169,21.0347,3.73799,6.077662959550233,1.83075,4.7706,46.2163,11.405449999999998,12.426362820967901,7.3454999999999995,0.0,0.8454085,0.6609875,0.25683844,0.72268045,0.0,0.9359777,0.72530454,0.2843993,0.815668,0.0,0.8454085,0.66419333,0.25671965,0.7387098,0.0,0.9359777,0.7220987,0.28527066,0.815668,0.7157775,0.9735749,0.85767174,0.116746806,0.89457476,0.69424045,0.8573456,0.7879905,0.06738717,0.8218355,0.0,0.7834912,0.60771513,0.25220948,0.70879257,65.42905,92.77374,84.28214,9.605557,85.89024,75.81876,81.9625,79.07396,2.5586302,78.98879,5.9840875,23.747597,11.876946,6.07364,8.997986,0.4104004,16.25,2.4020019,4.8861804,0.84155273,17,93,64.8,20.065448468006444,67.5,RBX1,85,PXDesign,SolubleMPNN,24,non_binder,0.9103984117507934,binder
0f7f8602-a25e-5f89-ab7b-4b70e01be248,0.01013,0.6903,0.330722,0.33805061829390115,0.316285,0.0,1.0,0.486365,0.5129422726075301,0.477275,0.7355,17.1871,8.6125,8.277936401731479,8.0976,12.676,55.668,36.821600000000004,19.796174763041694,38.8033,0.07638136,0.8557466,0.49031124,0.37654364,0.5438884,0.106021404,0.9363451,0.5537317,0.3897445,0.6328393,0.106021404,0.8557466,0.51717293,0.351814,0.5972934,0.07638136,0.9363451,0.5268701,0.41484344,0.5794344,0.7643173,0.97107726,0.8800421,0.08887053,0.8980419,0.76270676,0.85654753,0.81916106,0.034233805,0.83235264,0.16080284,0.7799892,0.47420612,0.3040476,0.4891277,88.464195,96.279816,92.79404,3.529397,93.19386,77.067184,84.57887,81.095345,3.2275577,80.77531,7.1377683,16.138025,11.117035,3.4254663,9.919387,0.38012695,5.1640625,2.4111571,2.138751,1.8024902,24,45,37.1,8.033955715862792,40.0,RBX1,96,PXDesign,SolubleMPNN,14,binder,0.8084802496433258,binder
0f8246de-10c2-5786-86e9-b9ca01aa71eb,0.04069,0.64859,0.417626,0.2331139966411284,0.51288,0.0,0.75,0.4,0.2850438562747845,0.5,2.0226,11.9644,4.3091,4.288175224964577,2.4454,3.6969,24.6089,8.86262,8.863300874787,4.729,0.0,0.41838196,0.14677629,0.18654388,0.036982674,0.010850209,0.56949776,0.21694274,0.24801755,0.10617043,0.010850209,0.56949776,0.21694274,0.24801755,0.10617043,0.0,0.41838196,0.14677629,0.18654388,0.036982674,0.14000943,0.6899017,0.34562784,0.24403347,0.23473409,0.5748466,0.8139401,0.66998094,0.10610347,0.6299422,0.07873219,0.5843713,0.2905859,0.22623636,0.16028973,79.03255,88.989426,83.09199,4.016235,81.56024,83.687775,90.125626,86.40767,2.3910363,86.310715,5.348023,14.951394,10.277204,4.285056,10.829825,1.8476562,8.984375,5.1289062,2.8688142,6.0039062,31,53,40.4,8.1117199162693,39.0,BBF-14,75,RFdiffusion,SolubleMPNN,24,non_binder,0.6650565814971923,binder
0fad3cb2-a218-5d3a-8575-bb303333318c,0.0233,0.07321,0.039175,0.0170922453176872,0.030879999999999998,0.0,0.0,0.0,0.0,0.0,9.6844,22.4468,14.571760000000001,3.7519944575296655,13.9854,16.8146,32.1147,26.370530000000002,5.529949913385795,28.6707,0.0,0.5094252,0.14798114,0.20418794,0.0061454745,0.0,0.59077203,0.17169675,0.22546074,0.03253909,0.0,0.7249458,0.2572516,0.32428738,0.03253909,0.0,0.5094252,0.14798114,0.20418794,0.0061454745,0.650762,0.94191366,0.8338631,0.080826364,0.83343536,0.7239727,0.95250577,0.8712451,0.062353216,0.8704364,0.0,0.52725756,0.18450668,0.2250688,0.05231066,72.02449,79.56555,75.91228,2.421128,75.66554,84.80888,88.58302,86.793236,1.6201631,86.89075,5.955977,24.198864,15.214061,7.2711124,16.538692,2.1757812,17.234375,9.646289,6.2360206,10.714844,18,56,38.3,12.428014948315582,37.5,TNFa,74,FreeBindCraft (BindCraft),SolubleMPNN,1,non_binder,0.38376801729202265,non_binder
0fc4996c-a0e0-546a-b689-30cbdb6ff6e7,0.85557,0.88439,0.8754160000000001,0.011567691213029434,0.88067,0.80952,0.85714,0.828568,0.026082548188396018,0.80952,0.6226,0.8074,0.71056,0.06875349445664561,0.7137,0.8267,1.4692,1.15638,0.24034227052268609,1.1555,0.87736017,0.89740777,0.8876235,0.0083546415,0.88551986,0.9292857,0.9425447,0.9372505,0.0052179922,0.93908405,0.9292857,0.9425447,0.9372505,0.0052179922,0.93908405,0.87736017,0.89740777,0.8876235,0.0083546415,0.88551986,0.9591125,0.9665556,0.96292037,0.0031046695,0.96207845,0.96926653,0.9746929,0.97246724,0.0022381546,0.9726467,0.76572156,0.7772179,0.7720976,0.0045118113,0.7714293,94.95115,95.36515,95.1361,0.1737023,95.18492,93.23666,94.10176,93.676704,0.33112776,93.65429,2.989769,3.2425702,3.0790486,0.10163309,3.0767882,0.36206055,0.38793945,0.3720703,0.009856752,0.37036133,53,56,54.6,1.1401754250991387,55.0,BHRF1,75,PXDesign,SolubleMPNN,17,binder,0.9869383645057677,binder
0fce6fae-6db6-5f59-8f79-6add62434a9d,0.62714,0.88187,0.778384,0.12071095861602628,0.85746,0.64516,0.74194,0.70968,0.03951026955109275,0.70968,0.4735,2.1957,1.1829399999999999,0.8464598118044353,0.65,0.6458,2.5394,1.3983599999999998,0.8981386490960067,0.9121,0.9062395,0.9246093,0.917287,0.007919809,0.9209316,0.9422827,0.9536631,0.9478461,0.0047275927,0.9476876,0.9422827,0.9536631,0.9478461,0.0047275927,0.9476876,0.9062395,0.9246093,0.917287,0.007919809,0.9209316,0.96580404,0.9727231,0.9691839,0.002880416,0.96909845,0.9730617,0.9783138,0.9759383,0.0022196942,0.97597414,0.8003011,0.8239597,0.8138096,0.010482264,0.81851596,93.685974,94.41978,94.22992,0.30905595,94.34145,94.42408,94.6938,94.568886,0.10256889,94.56229,2.349208,2.688685,2.4851642,0.15427881,2.4103575,0.3544922,0.38208008,0.37182617,0.011891679,0.37670898,40,52,45.2,5.805170109479996,42.0,PD-L1,82,RFdiffusion3,SolubleMPNN,14,binder,0.9790426230430602,binder
0fd0a777-71aa-570f-adb4-d20b7dd128ee,0.94877,0.98279,0.966886,0.015133918197215176,0.96907,0.92308,1.0,0.9692320000000001,0.04213081912329735,1.0,0.3243,0.4594,0.37307999999999997,0.05187221799769121,0.367,0.4766,1.2233,0.80518,0.2772764180380293,0.7168,0.83983475,0.8630082,0.85356504,0.00916922,0.8535474,0.8433661,0.8731236,0.86112946,0.011455205,0.8608053,0.83983475,0.8630082,0.85356504,0.00916922,0.8535474,0.8433661,0.8731236,0.86112946,0.011455205,0.8608053,0.94126886,0.95335644,0.9484274,0.004651146,0.9482421,0.9497402,0.9523479,0.95115787,0.0012660051,0.95186174,0.7161766,0.7266127,0.72254616,0.0040289927,0.72325194,97.26744,97.64683,97.45423,0.17463458,97.3763,96.8017,96.83797,96.82563,0.014453021,96.830894,3.5809166,3.7154326,3.6553903,0.05575815,3.6586926,0.6328125,0.69140625,0.66503906,0.023210058,0.6621094,52,61,56.8,3.7013511046643495,56.0,IL-7Ra,98,BoltzGen,SolubleMPNN,29,non_binder,0.9677735567092894,binder
0ffee0cf-25b7-56b1-a315-054a29529a20,0.8885,0.91075,0.901216,0.009711916906563813,0.90254,1.0,1.0,1.0,0.0,1.0,0.4395,0.5753,0.5152,0.05751078159788824,0.5352,3.9542,4.3328,4.119960000000001,0.15904599334783623,4.1322,0.8334509,0.8492275,0.8420801,0.0057840366,0.84365207,0.8442791,0.8633251,0.8544157,0.0073920917,0.8561135,0.8442791,0.8633251,0.8544157,0.0073920917,0.8561135,0.8334509,0.8492275,0.8420801,0.0057840366,0.84365207,0.94624925,0.9518114,0.949354,0.0020352083,0.9498234,0.9420545,0.9490206,0.9456321,0.0025592146,0.9455112,0.6821236,0.6952838,0.68867034,0.0052325125,0.69009537,95.13082,95.41805,95.283226,0.112131394,95.265205,96.81733,96.89247,96.83937,0.031551268,96.824646,4.053288,4.260053,4.1672754,0.07913429,4.191673,0.62646484,0.6669922,0.64804685,0.017295774,0.6513672,30,32,31.0,1.0000000000000002,31.0,IL-7Ra,79,Proteina-Complexa,SolubleMPNN,24,binder,0.9626855897903442,binder
100735a7-71ba-5057-92db-a6fd083f5b4a,0.91042,0.952,0.930466,0.016749894925043543,0.932,0.88235,1.0,0.9294119999999999,0.04921712374773644,0.94118,0.5279,0.6002,0.56904,0.030260089226570353,0.5844,0.8795,0.9904,0.9391,0.045229802122052194,0.9256,0.89548343,0.91512555,0.9066526,0.009230098,0.91069764,0.94227993,0.9545156,0.9497709,0.0051858546,0.952535,0.94227993,0.9545156,0.9497709,0.0051858546,0.952535,0.89548343,0.91512555,0.9066526,0.009230098,0.91069764,0.9641624,0.9719331,0.9689213,0.0032935948,0.97068393,0.9737366,0.97942275,0.977033,0.0025723593,0.9783606,0.8126913,0.83728707,0.8264259,0.009762491,0.83060867,97.34417,97.632095,97.51157,0.1188694,97.5723,96.116516,96.7773,96.45995,0.26959842,96.37981,2.1018562,2.426128,2.2424054,0.13441633,2.174793,0.3864746,0.45361328,0.4145996,0.033225287,0.39819336,17,20,18.2,1.30384048104053,18.0,PD-L1,72,RFdiffusion,SolubleMPNN,11,binder,0.9789385318756103,binder
101ede8c-09c8-5b40-8a1e-aa8695517324,0.02682,0.16909,0.058627,0.05226278111620161,0.038650000000000004,0.0,0.15217,0.028261,0.04812068034293226,0.01087,9.0014,19.2848,15.84036,3.454770053193764,17.4177,11.6861,30.2787,24.5838,6.916375329767914,26.651049999999998,0.0,0.04452921,0.0066613955,0.014075817,0.0,0.0,0.12966682,0.01626403,0.04018246,0.0,0.0,0.12966682,0.01626403,0.04018246,0.0,0.0,0.04452921,0.0066613955,0.014075817,0.0,0.30684912,0.8497014,0.63106215,0.22349241,0.7004715,0.62428784,0.8886286,0.7619602,0.11653528,0.7607225,0.0,0.11048096,0.028279126,0.036895823,0.011200876,74.265625,85.94668,81.62828,4.1985097,83.02596,85.3026,86.72537,85.9477,0.47209874,85.81275,15.275105,27.420647,22.469837,3.6162722,23.329506,6.2265625,21.03125,13.371875,5.220068,11.875,50,86,64.8,11.970333699980504,65.0,Cas9,80,PXDesign,SolubleMPNN,26,non_binder,0.34923299789428713,non_binder
103f2001-e854-576b-ac48-8e324669d7cf,0.13567,0.90033,0.6919660000000001,0.3139836034413262,0.81728,0.18182,0.90909,0.690908,0.291758674198386,0.81818,0.7264,8.148,2.38556,3.226871830116591,1.0082,1.155,17.4133,4.8522,7.043195779615955,2.0541,0.32357562,0.66664666,0.516989,0.16414542,0.6149061,0.35508212,0.67237675,0.54480815,0.14730269,0.63622445,0.35508212,0.67237675,0.54480815,0.14730269,0.63622445,0.32357562,0.66664666,0.516989,0.16414542,0.6149061,0.523699,0.8095354,0.700496,0.13090229,0.7833805,0.7566134,0.89902407,0.84256506,0.065004036,0.88381493,0.47115356,0.67787576,0.5880672,0.099627174,0.6509053,93.285515,97.53182,96.539116,1.8295873,97.40461,82.23022,96.016266,93.08745,6.0713625,95.7088,4.1827955,7.514875,5.4174128,1.4544929,4.530622,1.4658203,3.2070312,2.145703,0.7846652,1.6757812,7,24,20.4,7.503332592921629,24.0,TrkA,107,FreeBindCraft (BindCraft),SolubleMPNN,6,binder,0.9399752569198607,binder
104c4511-e2bc-5b95-8253-ead0a37eb073,0.88607,0.90579,0.8924519999999999,0.00838420658142438,0.88824,0.79167,0.83333,0.808334,0.022818121745665238,0.79167,0.4726,0.5851,0.5178,0.042867995054585877,0.5028,1.0316,1.7716,1.3085,0.33446998370556363,1.1069,0.8865237,0.9333125,0.9015725,0.019479247,0.8907068,0.9086747,0.94515276,0.9198766,0.014762079,0.91395104,0.9086747,0.94515276,0.9198766,0.014762079,0.91395104,0.8865237,0.9333125,0.9015725,0.019479247,0.8907068,0.95366055,0.9737364,0.960131,0.008376563,0.95542467,0.96514314,0.97920614,0.9693278,0.0057398407,0.966791,0.80954427,0.84304804,0.8206932,0.013539134,0.81369483,97.40686,97.66757,97.55872,0.100453086,97.55975,96.797585,97.17641,97.02879,0.14297773,97.06748,2.0244691,2.5054379,2.366761,0.19402373,2.4372177,0.38476562,0.484375,0.45478517,0.040694077,0.46142578,32,35,33.4,1.51657508881031,33.0,TrkA,73,RFdiffusion3,SolubleMPNN,16,non_binder,0.9823541474342345,binder
10545b61-367c-5e6c-b7ad-ab9c97c9db66,0.07422,0.08743,0.079908,0.004982952939773763,0.07941,0.06897,0.10345,0.089658,0.01888547378277813,0.10345,10.1376,12.0629,11.10148,0.83663938886476,10.818,19.9403,23.864,21.91726,1.5727093669842502,21.5307,0.27532268,0.4443142,0.36167637,0.0626313,0.36691108,0.5731434,0.6943064,0.6326538,0.044375293,0.6409774,0.5731434,0.6943064,0.6326538,0.044375293,0.6409774,0.27532268,0.4443142,0.36167637,0.0626313,0.36691108,0.7116536,0.8371667,0.78059053,0.046603188,0.78978336,0.9183905,0.9328505,0.927306,0.0058845333,0.9278331,0.4266362,0.52212936,0.4787983,0.036031548,0.4842299,92.03512,92.38184,92.18848,0.13976441,92.22501,96.04282,96.36313,96.186325,0.12703227,96.13508,6.0990167,7.230691,6.595871,0.428545,6.517937,2.1992188,3.0703125,2.5980468,0.32776555,2.5742188,21,25,22.2,1.643167672515498,22.0,MBP,69,RFdiffusion3,Caliby (SolubleCaliby),11,non_binder,0.885226924419403,binder
108a4bf4-4528-5525-8262-46bca7b65bfc,0.03899,0.05068,0.047021999999999994,0.004648276024506293,0.04884,0.0,0.0,0.0,0.0,0.0,11.6056,12.6679,11.9527,0.4287692736192735,11.7394,21.4312,25.0657,22.52372,1.4569812274013698,21.98,0.028681658,0.4615507,0.27610666,0.17126381,0.28851277,0.100911826,0.51222485,0.38367695,0.1296914,0.43831837,0.100911826,0.75753933,0.50941473,0.24436134,0.5624545,0.028681658,0.4615507,0.27610666,0.17126381,0.28851277,0.84780014,0.92788994,0.8964033,0.028561024,0.9002379,0.88296705,0.9396536,0.9175909,0.019867921,0.9205129,0.09546523,0.4821972,0.32644084,0.15439269,0.3503195,77.82337,82.710556,80.00072,1.5365074,79.81792,85.721016,87.08048,86.3422,0.46629313,86.28677,7.2080975,13.827694,9.67643,2.486334,9.309711,1.6962891,7.2617188,3.9241211,2.245857,3.5083008,12,49,20.3,10.614978934401037,17.0,TNFa,75,Genie3,SolubleMPNN,19,non_binder,0.5622855377197264,binder
112b62a8-7fec-58ed-b4ab-f7b8a61e4c77,0.91361,0.93629,0.927878,0.009069573859890002,0.92787,0.84615,0.92308,0.884618,0.02719886247621395,0.88462,0.4136,0.498,0.46794,0.03485610419998195,0.4852,0.5781,1.2626,0.91112,0.25908495131906056,0.8795,0.8957156,0.91780275,0.90749854,0.008353273,0.9059979,0.92385423,0.93866956,0.9319316,0.0058685616,0.9316465,0.92385423,0.93866956,0.9319316,0.0058685616,0.9316465,0.8957156,0.91780275,0.90749854,0.008353273,0.9059979,0.9554528,0.9647581,0.9604808,0.003613819,0.9602184,0.96948725,0.97563404,0.97283345,0.0023863441,0.97268045,0.8091619,0.8291076,0.81996995,0.0076371995,0.8192243,97.516045,97.65911,97.60083,0.052772436,97.613976,96.38764,96.50322,96.44755,0.053791996,96.457184,2.1652105,2.440941,2.311512,0.10764159,2.339614,0.43579102,0.5126953,0.47348633,0.028270071,0.47192383,37,42,39.2,1.7888543819998317,39.0,PD-L1,87,RFdiffusion,SolubleMPNN,15,non_binder,0.9799956822395324,binder
114469f9-5fcd-5b7d-be5a-11656393b22f,0.848,0.9041,0.8735480000000001,0.020292345108439306,0.8715,0.82759,0.89655,0.868966,0.02884803771489489,0.86207,0.689,0.9187,0.8355599999999999,0.08738714436345887,0.8608,0.8562,0.9945,0.9095000000000001,0.05151252274932776,0.8998,0.85116124,0.87734675,0.86323464,0.00956136,0.8611584,0.90337706,0.92093563,0.91032267,0.006726995,0.9107099,0.90337706,0.92093563,0.91032267,0.006726995,0.9107099,0.85116124,0.87734675,0.86323464,0.00956136,0.8611584,0.9442896,0.9548959,0.94919854,0.0038736665,0.94834137,0.96595675,0.97164494,0.96852076,0.0020926255,0.9685992,0.7553,0.7731393,0.76316214,0.006592495,0.7626802,96.99733,97.2784,97.19224,0.113482565,97.23073,94.82866,95.142914,95.04331,0.123764075,95.071175,3.046689,3.278248,3.1964405,0.091150604,3.2068048,0.5395508,0.61865234,0.5828125,0.03027068,0.5839844,56,59,57.6,1.1401754250991376,58.0,BHRF1,85,BoltzGen,SolubleMPNN,13,non_binder,0.9802786326408385,binder
11c32aac-8e70-5f2c-bc79-f14b1978cd8b,0.90556,0.91895,0.911872,0.005012112329148263,0.91054,1.0,1.0,1.0,0.0,1.0,0.3948,0.4833,0.44208,0.03693070538183641,0.4344,3.9448,4.1489,4.03866,0.08924327985904602,4.0324,0.81537104,0.83852696,0.82632226,0.00885306,0.8247902,0.82610047,0.84636205,0.83997595,0.008296402,0.8420217,0.82610047,0.84636205,0.83997595,0.008296402,0.8420217,0.81537104,0.83852696,0.82632226,0.00885306,0.8247902,0.9391626,0.94802284,0.94337577,0.0033371015,0.94293433,0.9321111,0.9438142,0.9399565,0.0047023743,0.9415137,0.6658697,0.6871705,0.676828,0.007561039,0.67666733,95.72576,96.0801,95.90849,0.15339015,95.95124,97.08506,97.21887,97.168015,0.05114299,97.17607,4.1598935,4.5413065,4.365592,0.13558094,4.3753643,0.6376953,0.6816406,0.6576172,0.021818578,0.6479492,30,32,31.0,0.7071067811865474,31.0,IL-7Ra,79,Proteina-Complexa,SolubleMPNN,23,non_binder,0.9663731741905213,binder
11c38fc7-81d7-5907-8c63-4e572ac930ad,0.04828,0.11056,0.079156,0.03033067885821219,0.07686,0.0,0.18182,0.09091,0.09091,0.09091,11.8053,12.1131,11.88322,0.1299734088188804,11.8213,21.4313,22.5349,21.91292,0.4310217709118641,21.904,0.012984408,0.521881,0.25313133,0.18923895,0.21468386,0.06992253,0.5604866,0.28378668,0.18611489,0.22333907,0.012984408,0.5604866,0.26625663,0.20601945,0.21468386,0.06992253,0.521881,0.27066138,0.16906016,0.22333907,0.29101652,0.76470315,0.51274043,0.17873651,0.4640755,0.72919685,0.8871645,0.8034382,0.059205074,0.7895747,0.16920498,0.5248281,0.32603985,0.13464211,0.28494862,83.830635,89.71702,86.041405,2.6976619,84.486885,94.655716,95.59756,95.07011,0.40768918,94.887634,6.125152,13.474611,9.606938,2.7443316,9.988063,1.7636719,5.7578125,3.7808595,1.4767874,3.9765625,22,30,24.4,3.2863353450309964,24.0,IL-7Ra,95,RFdiffusion,SolubleMPNN,24,binder,0.2981764554977417,non_binder
11fe6e70-d179-5c8c-a9b8-19c3ad5f4355,0.00483,0.7713,0.35917499999999997,0.3730390029429451,0.337335,0.0,0.69231,0.292307,0.31204125724546955,0.25,1.1315,29.2681,13.71587,13.231068892912619,11.7383,0.9426,77.5532,35.66776,36.76881622112231,29.99295,0.0,0.770131,0.4807054,0.30504027,0.5945734,0.0,0.90937626,0.6370002,0.3573664,0.80854535,0.0,0.90937626,0.6370002,0.3573664,0.80854535,0.0,0.770131,0.4807054,0.30504027,0.5945734,0.174308,0.94056684,0.731757,0.29711083,0.88243294,0.724256,0.9646559,0.9023482,0.079005376,0.9367289,0.0,0.67237884,0.42674702,0.2643315,0.533434,78.48062,93.88916,87.294266,6.716076,88.07993,81.475655,94.47119,88.64403,5.9282804,89.30032,4.3661923,21.39469,9.346529,6.5938983,6.268205,1.0556641,13.34375,4.1438475,4.8037243,1.7885742,25,81,64.0,16.91810338726603,66.0,Nipah-G,100,PXDesign,SolubleMPNN,22,non_binder,0.8746371960639953,binder
121afec8-cfbd-5d12-bb4e-82986db789dc,0.00842,0.85331,0.412134,0.4127616969525044,0.384475,0.0,1.0,0.42000000000000004,0.45655716448703826,0.3,1.1322,22.0032,10.05814,9.601353341552082,7.27415,1.3671,58.5525,19.74897,20.913826166387846,15.23435,0.0,0.6435665,0.3201577,0.23970757,0.32053563,0.0,0.8664383,0.53700256,0.3367392,0.64477026,0.0,0.8664383,0.53700256,0.3367392,0.64477026,0.0,0.6435665,0.3201577,0.23970757,0.32053563,0.20330651,0.9089072,0.66282994,0.2550438,0.758811,0.74603724,0.96515954,0.88178384,0.07668807,0.89823836,0.027832031,0.6521422,0.3791687,0.23677613,0.41506946,86.89853,91.128044,88.657875,1.5071492,88.00809,84.22427,93.567986,89.35263,3.9471197,89.56447,4.60939,19.851978,9.640657,4.98928,8.352866,1.40625,11.03125,4.4444337,3.2894607,3.5673828,22,52,34.9,10.213825053437239,35.5,Nipah-G,85,PXDesign,Caliby (SolubleCaliby),37,non_binder,0.8511573362350464,binder
12722273-8fea-5f5d-96f3-d5d004d4a55e,0.0059,0.03743,0.00927,0.009895140221340979,0.00617,0.0,0.0,0.0,0.0,0.0,14.8646,31.7888,28.858389999999996,5.015762889453829,30.2273,25.1925,67.7628,62.53039,13.132093594739572,66.65270000000001,0.0,0.0,0.0,0.0,0.0,0.0,0.0,0.0,0.0,0.0,0.0,0.0,0.0,0.0,0.0,0.0,0.0,0.0,0.0,0.0,0.17236093,0.84384763,0.51778924,0.32967135,0.51504225,0.60675365,0.88123876,0.75029194,0.12851012,0.742651,0.0,0.0,0.0,0.0,0.0,78.36675,83.34679,81.411865,1.7078582,81.54776,85.53123,86.26143,85.90251,0.233947,85.87648,24.157248,28.686893,26.841736,1.3864608,27.213457,16.90625,23.921875,19.510937,2.0133162,19.375,19,37,28.8,5.308274463305168,29.5,Cas9,72,BoltzGen,SolubleMPNN,28,non_binder,0.3094237923622131,non_binder
13322992-32af-5797-a220-6e3a516ad971,0.93145,0.96028,0.9478719999999999,0.011796790665261443,0.94814,0.9,0.96667,0.933334,0.033335000074996256,0.93333,0.4018,0.4458,0.42754000000000003,0.01610180114148726,0.4315,0.7447,1.4745,1.00196,0.2858793416810665,0.9559,0.9374334,0.94723386,0.9427455,0.004135064,0.9422545,0.9444767,0.9558498,0.95087147,0.0045687295,0.9511046,0.9444767,0.9558498,0.95087147,0.0045687295,0.9511046,0.9374334,0.94723386,0.9427455,0.004135064,0.9422545,0.97365475,0.9779634,0.9759928,0.0018152366,0.97578543,0.9784834,0.9824498,0.9807596,0.0016880711,0.98064226,0.7799896,0.7976297,0.7902397,0.007211953,0.79125494,96.08719,96.39436,96.25707,0.12198363,96.30653,93.77694,94.096146,93.897095,0.11944469,93.875175,2.6500041,2.9260116,2.7583387,0.11746712,2.735493,0.33642578,0.35253906,0.34418947,0.0075336276,0.34375,56,59,56.8,1.303840481040529,56.0,BHRF1,107,BoltzGen,SolubleMPNN,13,non_binder,0.9811290025711059,binder
13368d4e-1ea2-5dbc-9635-9fb13b39d4b8,0.14321,0.60417,0.46423,0.19748680753407302,0.58204,0.0,0.69231,0.369232,0.2807953676078008,0.38462,1.3981,6.0604,2.75728,1.967050758623173,1.7038,3.5932,11.0463,6.0426400000000005,3.046637723458436,4.9525,0.0,0.79022944,0.1600384,0.3523139,0.0,0.0,0.86728704,0.19808872,0.37632504,0.011106877,0.0,0.86728704,0.19808872,0.37632504,0.011106877,0.0,0.79022944,0.1600384,0.3523139,0.0,0.15359971,0.9533485,0.36515826,0.33291772,0.21905856,0.8222015,0.9599753,0.8568344,0.058350563,0.8329,0.0071614585,0.6745923,0.18549158,0.27548784,0.080927156,79.5681,89.32361,82.179886,4.062125,80.841,93.26895,95.807304,94.123886,0.98252004,93.858475,4.1156464,19.896376,14.202505,6.0837083,16.28013,0.9003906,11.90625,7.606641,4.1101103,8.8359375,26,47,36.2,8.584870412533903,39.0,MBP,80,PXDesign,SolubleMPNN,14,non_binder,0.8129905164241791,binder
138372c3-d4c9-4bfb-b834-c53b62ba2613,0.69926,0.79554,0.735036,0.0367840660552304,0.7177100000000001,0.58065,0.78409,0.660998,0.07134504184283266,0.65909,0.7537,1.5139,1.12334,0.3182447562629884,1.2331,2.587,3.3508,2.87041,0.27482549392498345,2.8522499999999997,0.58958924,0.87992924,0.74854827,0.12900814,0.7607633,0.804288,0.8849807,0.8498273,0.02875007,0.85011923,0.804288,0.94738185,0.88278854,0.061372016,0.88801086,0.58958924,0.87992924,0.74854827,0.12900814,0.7607633,0.9593469,0.9804647,0.9703547,0.009082126,0.97124255,0.9656021,0.9830597,0.9751196,0.0070186583,0.9759645,0.60184693,0.74611413,0.67895573,0.061527304,0.68160903,85.474174,90.697136,88.52964,1.9603143,88.57913,88.2923,89.93932,89.09236,0.51979774,89.25575,3.277315,5.19865,4.233285,0.8381141,4.185648,0.6401367,1.6386719,1.1030762,0.440055,1.0654297,41,59,49.5,5.421151989096864,49.5,TNFa,80,PXDesign,SolubleMPNN,37,non_binder,0.9624099993705749,binder
138e6311-754e-5b19-9824-67baf608bc99,0.92113,0.94857,0.9329470000000001,0.008497567037426355,0.932785,1.0,1.0,1.0,0.0,1.0,0.615,0.7965,0.71822,0.05710605727747083,0.7153,0.8146,1.3185,1.01705,0.16475075619452154,1.0061499999999999,0.87571955,0.9133342,0.89561164,0.015144138,0.89417994,0.89406633,0.9173475,0.9064369,0.0072283843,0.90687716,0.89406633,0.9238731,0.9097853,0.010268111,0.90858793,0.87571955,0.9133342,0.89561164,0.015144138,0.89417994,0.9444369,0.96291834,0.95512164,0.0066596833,0.9560529,0.94833475,0.9589464,0.9532178,0.0032510047,0.9533309,0.75665736,0.7901112,0.77347106,0.011956671,0.7712532,97.007545,97.51688,97.27097,0.19262747,97.30405,96.81017,97.428345,97.14285,0.239835,97.16505,2.8326118,3.320923,3.0769145,0.17061558,3.1109238,0.44433594,0.5307617,0.4819092,0.027337076,0.48620605,23,27,25.2,1.3165611772087669,25.0,VEGF-A,58,BoltzGen,SolubleMPNN,25,binder,0.9669797301292419,binder
13a1d400-72b8-5c01-a320-63f695ad76ce,0.02571,0.68488,0.356582,0.3125163894297741,0.37079,0.00794,0.80488,0.399246,0.3670341144059743,0.3675,2.438,24.877,10.60296,9.508111300615326,5.19355,1.2752,42.0215,16.093290000000003,17.308445564935443,6.367649999999999,0.0,0.8087216,0.38358948,0.40794414,0.31133536,0.0,0.86788803,0.42511535,0.44844744,0.40249264,0.0,0.86788803,0.42511535,0.44844744,0.40249264,0.0,0.8087216,0.38358948,0.40794414,0.31133536,0.7066217,0.97635275,0.8464923,0.13407403,0.86528206,0.8013778,0.9802661,0.89392483,0.08873909,0.90533173,0.0,0.6413531,0.31171903,0.32397524,0.28848475,75.07663,90.6044,82.66878,6.069925,79.98034,93.8588,96.54359,95.30516,0.966037,95.06587,4.4705777,27.283333,14.764458,11.00777,10.919193,0.87646484,21.25,9.97373,9.923007,6.0268555,9,61,41.3,21.45822815508204,56.0,15-PGDH,82,RFdiffusion3,SolubleMPNN,22,non_binder,0.8364498734474182,binder
13bcab3a-953c-559e-b48f-b41eeeb788c7,0.61852,0.85556,0.727534,0.09255530913399238,0.7331650000000001,0.55556,0.90909,0.7052189999999999,0.09170984588484608,0.69697,0.7271,2.1919,1.4459,0.6911625954385359,1.41165,1.2395,3.5035,2.39881,1.0886482325955125,2.3805,0.715467,0.8552225,0.79361373,0.051531166,0.7978219,0.82297033,0.8907438,0.8604106,0.02061092,0.8569042,0.8509085,0.9306109,0.89819795,0.026970688,0.90040445,0.715467,0.8552225,0.79361373,0.051531166,0.7978219,0.9561566,0.9753009,0.9645885,0.0067786123,0.96472454,0.9596754,0.97705877,0.9676706,0.0060464516,0.96866703,0.6237748,0.7185821,0.67645586,0.030887492,0.67220724,84.70113,89.73198,87.2957,1.7998141,87.65665,86.3704,88.04618,87.441635,0.46805754,87.51672,3.847827,5.266077,4.5956006,0.4579947,4.6970806,0.64208984,1.0078125,0.8101074,0.14565511,0.8166504,45,54,49.8,2.6583202716502505,49.5,TNFa,74,Genie3,SolubleMPNN,37,non_binder,0.9675131535530089,binder
14635494-00a3-53de-8b68-6899bfc119aa,0.00991,0.03932,0.016264,0.008300342964801715,0.014535,0.0,0.0,0.0,0.0,0.0,13.4883,27.9721,22.5136,4.196019162915675,23.5889,24.717,52.3368,41.89561,7.011965488513982,42.1286,0.0,0.0,0.0,0.0,0.0,0.0,0.0,0.0,0.0,0.0,0.0,0.0,0.0,0.0,0.0,0.0,0.011475575,0.0011475575,0.0036288954,0.0,0.6934818,0.7942483,0.7460207,0.04289037,0.7565422,0.7923673,0.8661895,0.83059824,0.03192066,0.8370994,0.0,0.05237223,0.0052372226,0.016561553,0.0,74.43663,88.12274,81.19626,6.6803136,81.29052,94.537544,95.74793,95.200325,0.38331634,95.316666,16.411743,29.829653,25.909336,3.7596657,26.769684,9.28125,27.15625,20.965626,5.0213075,21.875,6,21,13.9,5.321862664727664,15.0,15-PGDH,89,PXDesign,SolubleMPNN,53,non_binder,0.3366974014043807,non_binder
149303fd-d047-5706-823b-a6259520d801,0.88368,0.93815,0.914944,0.0207163662354188,0.91806,0.76471,0.94118,0.870588,0.06443682037468948,0.88235,0.4621,0.5814,0.5138199999999999,0.04437631124823243,0.4992,1.0178,1.439,1.2154399999999999,0.19999825749240913,1.1519,0.7856987,0.80924535,0.7989794,0.009799859,0.80383664,0.82712805,0.8454716,0.83726007,0.0073985057,0.83871156,0.82712805,0.8454716,0.83726007,0.0073985057,0.83871156,0.7856987,0.80924535,0.7989794,0.009799859,0.80383664,0.92504895,0.93468,0.93052113,0.004015251,0.93255794,0.94007677,0.9477033,0.94468296,0.0035982137,0.9466816,0.6817196,0.70016646,0.69144195,0.008864591,0.69457155,95.03854,95.62339,95.35614,0.2111518,95.35035,96.529816,96.7286,96.6661,0.07844617,96.69737,3.8219218,4.089224,3.9362156,0.13109307,3.869009,0.765625,0.8276367,0.787207,0.025594974,0.78027344,23,28,25.2,1.9235384061671346,25.0,IL-7Ra,85,PXDesign,SolubleMPNN,11,binder,0.9770264554023742,binder
149d7fb3-f9d2-5598-9daa-b43766994dfc,0.00818,0.64769,0.464446,0.26194118696760915,0.58318,0.0,1.0,0.74,0.43358966777357605,1.0,1.4506,26.3664,6.560459999999999,11.072474977980306,1.645,9.1134,57.5825,21.20648,20.47300508955635,13.071,0.0,0.40551484,0.1482817,0.19326054,0.0,0.0,0.5669185,0.20895135,0.27207208,0.0,0.0,0.5669185,0.20895135,0.27207208,0.0,0.0,0.40551484,0.1482817,0.19326054,0.0,0.46085477,0.7196074,0.5783189,0.10926499,0.55024064,0.51711315,0.73106986,0.618981,0.0901537,0.6085013,0.0,0.3162626,0.115158156,0.14989994,0.0,70.2812,89.35197,78.6082,8.918987,74.54373,72.96105,81.97608,76.91435,3.7683394,74.82059,12.502574,29.061417,20.383486,6.9727497,21.53529,2.4648438,23.984375,12.420117,8.819164,14.078125,31,68,52.8,10.901579905887239,53.5,Latent GDF-8,108,Genie3,ProteinMPNN,33,non_binder,0.5344556367397307,binder
14bdc469-6680-50cf-8b9b-bc666f61a81a,0.92854,0.95718,0.9408239999999999,0.010810889417619655,0.9374,1.0,1.0,1.0,0.0,1.0,0.5223,0.6484,0.58402,0.052903185159307746,0.5672,1.224,2.2966,1.82628,0.4066444478902915,1.7774,0.78839564,0.8108147,0.7974897,0.008685748,0.7975115,0.8380106,0.8607806,0.8471273,0.008939616,0.84324735,0.8380106,0.8607806,0.8471273,0.008939616,0.84324735,0.78839564,0.8108147,0.7974897,0.008685748,0.7975115,0.9223934,0.9318131,0.9259284,0.0036490804,0.9252348,0.93951803,0.94660866,0.9427085,0.002669252,0.94235533,0.6774765,0.694384,0.68317693,0.0073194285,0.67896926,95.95169,96.20842,96.02034,0.107091725,95.99057,96.440926,96.59689,96.508255,0.06308202,96.48475,4.047864,4.292294,4.19832,0.10091761,4.2407227,0.6928711,0.7709961,0.7419922,0.02977635,0.75146484,24,27,25.0,1.224744871391589,25.0,IL-7Ra,90,Proteina-Complexa,SolubleMPNN,21,binder,0.9762948966026305,binder
14cf8cad-6479-58cf-853e-ad0960018c52,0.01393,0.79963,0.39262600000000003,0.3674998794920437,0.37327,0.0,0.7,0.300001,0.32203151444988865,0.233335,0.8287,16.5503,6.53301,6.363869704031416,3.9701000000000004,1.3796,45.5641,15.035300000000001,16.20092189942014,8.39045,0.0,0.81381667,0.45027643,0.37414974,0.53833157,0.0,0.9103549,0.5564909,0.40919808,0.7850231,0.0,0.9103549,0.5564909,0.40919808,0.7850231,0.0,0.81381667,0.45027643,0.37414974,0.53833157,0.13608341,0.9614564,0.6933099,0.3243753,0.8575723,0.71881884,0.9674152,0.8845916,0.09822865,0.93162036,0.0,0.6480459,0.3900741,0.28460607,0.51461995,79.37148,96.15461,88.736404,7.4161024,89.77322,81.43177,95.41968,89.15144,6.4639044,90.90056,4.8519764,23.794914,10.312498,6.8923926,6.7738004,0.5830078,17.59375,4.873389,5.8091645,2.1291504,36,84,56.0,13.638181696985853,52.5,Nipah-G,80,PXDesign,SolubleMPNN,13,non_binder,0.8403662014007568,binder
14f75dcf-72ad-59cd-b062-96dbb13a8b3c,0.54852,0.59657,0.5753079999999999,0.020517450377666325,0.58619,0.40909,0.5,0.45454800000000006,0.03214153885550596,0.45455,1.7267,2.1482,1.9253399999999998,0.15935837913332337,1.9128,2.6941,3.4097,2.95366,0.31971788814515834,2.7527,0.4254302,0.58832914,0.47250742,0.06683099,0.4596543,0.45802733,0.59005696,0.4951736,0.054127026,0.48033756,0.45802733,0.59005696,0.4951736,0.054127026,0.48033756,0.4254302,0.58832914,0.47250742,0.06683099,0.4596543,0.6199086,0.7466961,0.6552702,0.05208561,0.6401774,0.7864769,0.84817713,0.80342007,0.02551215,0.79417354,0.46000654,0.5626509,0.49048448,0.042202972,0.48214227,90.12389,92.649666,92.038025,1.0819237,92.5423,86.89041,87.9699,87.48266,0.5140601,87.71718,5.4672346,6.9472823,6.4735727,0.5958706,6.6001887,1.5966797,2.40625,2.1564453,0.32533047,2.2832031,35,43,38.2,3.1144823004794873,38.0,BBF-14,105,Genie3,SolubleMPNN,14,non_binder,0.7254149138927459,binder
150148b0-4bd9-5c2c-9589-cd57527dabea,0.47884,0.79235,0.6768959999999999,0.12507349531375542,0.69679,0.5,0.5,0.5,0.0,0.5,0.457,0.6615,0.5417799999999999,0.07602349636789929,0.5304,1.2432,34.6669,10.193299999999999,13.983665759556756,5.5445,0.48372775,0.7351774,0.67910635,0.10982032,0.73399353,0.58344525,0.7612733,0.7119631,0.0743972,0.7430243,0.58344525,0.7351774,0.70001596,0.0658363,0.73399353,0.48372775,0.7612733,0.6910535,0.11783699,0.7430243,0.8526999,0.9514162,0.9279493,0.042449854,0.946991,0.5386323,0.6759732,0.63839716,0.05649489,0.6629377,0.45360443,0.5395862,0.51760113,0.0366665,0.53558797,81.9928,83.98988,83.366264,0.8230455,83.76992,82.67899,85.1461,84.61076,1.0805018,85.08783,12.558417,17.653116,13.806259,2.1609154,12.960363,1.1914062,2.3007812,1.4808594,0.46899846,1.2490234,34,81,44.4,20.501219475923868,36.0,EGFR,100,PXDesign,SolubleMPNN,34,non_binder,0.8086083483695983,binder
150721bf-a683-500a-adf8-623e755060f3,0.00524,0.00561,0.005464,0.00019112822920751388,0.0056,0.0,0.0,0.0,0.0,0.0,24.365,28.4075,25.87094,1.6424851941494008,25.5731,71.1979,75.9016,74.08046,1.849358167851754,73.9749,0.0,0.44880745,0.097685754,0.16723388,0.0,0.0,0.74356455,0.20276657,0.32596856,0.0,0.0,0.74356455,0.20276657,0.32596856,0.0,0.0,0.44880745,0.097685754,0.16723388,0.0,0.569957,0.879678,0.70300055,0.11726722,0.6582844,0.6115242,0.8771583,0.73309505,0.09889059,0.70396847,0.0,0.44974974,0.11931685,0.17988855,0.005859375,80.48009,87.54729,84.100296,2.3173454,83.924835,74.185524,82.07453,77.71654,2.242264,77.659164,8.762715,28.116552,20.013487,7.426492,23.85624,2.1328125,21.375,12.022852,7.035635,14.378906,25,60,42.0,10.274023338281628,42.5,Latent GDF-8,69,BoltzGen,SolubleMPNN,22,non_binder,0.38220559835433954,non_binder
15259d07-3269-5ae1-b4d8-8e4372454d52,0.88826,0.94566,0.921682,0.026314319675796272,0.93769,0.875,1.0,0.95,0.06846531968814577,1.0,0.6263,0.7395,0.67946,0.04042979099624435,0.6743,0.9564,1.1071,1.03232,0.05342739933779291,1.0326,0.8982348,0.91695786,0.90823996,0.0068474584,0.90737337,0.9038058,0.9198262,0.9109375,0.0058186646,0.91000783,0.8982348,0.91695786,0.90836704,0.0069253645,0.90737337,0.9038058,0.9198262,0.91081035,0.005796592,0.91000783,0.95839775,0.9657375,0.9616335,0.0026507934,0.961288,0.9707932,0.9751835,0.9729786,0.0016341702,0.97299963,0.806895,0.8209521,0.8147071,0.0052967714,0.8162615,95.929276,96.21531,96.013626,0.1167588,95.96955,95.80337,96.10677,96.017105,0.12924944,96.08804,2.286525,2.458175,2.349091,0.0749654,2.3065271,0.42016602,0.47265625,0.4495117,0.025910785,0.4584961,45,47,46.2,0.8366600265340757,46.0,TrkA,80,Genie3,SolubleMPNN,37,non_binder,0.9769272708892822,binder
155e8f7b-635a-5fb4-87c0-a56c6d2f23d1,0.03032,0.05713,0.041646,0.013214898032145386,0.03319,0.0,0.07692,0.030768,0.04213081912329738,0.0,13.0907,16.1101,14.258679999999998,1.1145327348265732,14.0366,27.1505,29.8427,28.286340000000003,1.1255247256280079,28.2561,0.08596977,0.5107314,0.28591496,0.16880615,0.24227196,0.12338467,0.5952137,0.33200833,0.18444204,0.26378307,0.12338467,0.5952137,0.33194605,0.18447986,0.26378307,0.08596977,0.5107314,0.2859773,0.16878606,0.24258353,0.25800672,0.7150215,0.4778418,0.17862408,0.4182475,0.5853938,0.8323948,0.7075613,0.09649332,0.6777682,0.17960928,0.5674398,0.38146603,0.15477641,0.33351657,86.363655,89.95324,88.41957,1.6783091,89.13809,81.691765,87.19191,84.16253,2.0501156,83.89768,6.2476816,11.354469,8.451681,2.074324,8.824158,1.0517578,6.2070312,3.420508,1.9249238,3.6464844,18,35,24.2,6.457553716385176,23.0,TrkA,96,FreeBindCraft (BindCraft),designed jointly by the structure model (native co-design),23,non_binder,0.3719516545534134,non_binder
15fca0fe-0d09-50a5-8731-f2172d3e0e27,0.00596,0.01386,0.007186,0.0023635011694047832,0.006475,0.0,0.0,0.0,0.0,0.0,20.7091,31.6841,29.47427,3.2107772783583464,30.714550000000003,43.7668,67.4357,62.77196,6.85871013403152,64.70060000000001,0.0,0.0,0.0,0.0,0.0,0.0,0.0,0.0,0.0,0.0,0.0,0.0,0.0,0.0,0.0,0.0,0.0,0.0,0.0,0.0,0.19328487,0.83873236,0.5389126,0.29918244,0.5754344,0.6305672,0.8758312,0.75222826,0.11632715,0.75707424,0.0,0.0,0.0,0.0,0.0,72.2442,77.97148,74.82908,2.102493,74.78386,84.59292,85.83073,85.43684,0.3583614,85.437515,22.670073,29.181797,26.60726,2.12378,27.383183,12.59375,26.140625,19.494532,4.602841,18.320312,29,63,47.0,9.988882709181132,46.0,Cas9,80,PXDesign,SolubleMPNN,25,non_binder,0.3380149841308594,non_binder
16c91689-ab0d-5dd2-9ca0-7555cd6b322e,0.00488,0.0053,0.005024,0.00016349311912126438,0.00499,0.0,0.0,0.0,0.0,0.0,26.1519,29.6237,27.068959999999997,1.4384798010399729,26.5312,73.0756,78.9079,77.25016000000001,2.379670376964005,78.12,0.0,0.3656232,0.06326664,0.11709837,0.0,0.0,0.6666196,0.14185444,0.23289244,0.0,0.0,0.6666196,0.14185444,0.23289244,0.0,0.0,0.3656232,0.06326664,0.11709837,0.0,0.5715532,0.8231916,0.66923153,0.083282076,0.6483165,0.6235484,0.8253176,0.70684636,0.06695543,0.69303226,0.0,0.37822655,0.08054219,0.123710014,0.013733879,72.39868,80.28152,76.41437,3.239497,76.38524,71.82079,80.697945,76.953476,3.2043593,75.63432,10.114419,27.237679,19.695377,5.987531,20.787241,2.703125,20.8125,11.307813,5.919485,11.8515625,25,105,63.8,20.826265467753295,64.5,Latent GDF-8,72,RFdiffusion3,SolubleMPNN,17,non_binder,0.33951128005981435,non_binder
171b9278-7587-400a-aad5-6e50a9ecea9a,0.02257,0.44223,0.167536,0.15413017054136777,0.104715,0.0,0.29825,0.107017,0.10669951182331311,0.114035,2.0583,18.2723,8.89615,5.5614314960269,8.04525,3.2193,33.3423,17.84494,10.473985424448305,17.354,0.0,0.6080545,0.090478145,0.1911434,0.0,0.0,0.6640309,0.14750493,0.22156784,0.046716023,0.0,0.81191134,0.14976159,0.27273944,0.0,0.0,0.6080545,0.090478145,0.1911434,0.0,0.69302136,0.946444,0.7939398,0.07763965,0.79485726,0.7541704,0.9546419,0.83896905,0.062555246,0.84561455,0.0,0.59889984,0.11332111,0.18859479,0.031061951,85.65794,88.05885,87.18052,0.8414046,87.27074,86.6674,89.628136,87.87318,1.089376,87.64488,5.3726616,24.626026,16.537468,6.197888,17.320831,1.5341797,15.453125,9.913965,4.6027184,10.4140625,6,47,25.3,13.400248753910008,23.0,TNFa,80,RFdiffusion3,SolubleMPNN,7,non_binder,0.41732439279556266,non_binder
175de4bc-6d7a-524b-97de-e5bdde27a113,0.52416,0.72393,0.625548,0.075370899689469,0.64373,0.33333,0.55556,0.45555600000000007,0.09938399785679786,0.44444,0.9965,1.7947,1.39474,0.30266595943382857,1.3822,2.4649,3.8758,3.16314,0.5322326493179462,3.1289,0.45959583,0.63147646,0.53087866,0.069373734,0.5395806,0.533785,0.7192085,0.6119396,0.07360857,0.61934763,0.533785,0.7192085,0.6119396,0.07360857,0.61934763,0.45959583,0.63147646,0.53087866,0.069373734,0.5395806,0.6929791,0.818303,0.7476611,0.05065833,0.7576456,0.8642768,0.9101921,0.8851538,0.018752096,0.88940734,0.5786132,0.6518846,0.61478215,0.03047929,0.6240797,92.969765,94.67188,93.599365,0.8221807,93.06153,93.44813,94.59079,93.97768,0.51950026,93.7533,4.5033526,5.354928,4.9257708,0.3434651,4.8105135,1.2890625,2.0957031,1.7765625,0.3212003,1.78125,18,23,19.6,2.3021728866442674,18.0,PD-L1,77,FoldCraft,SolubleMPNN,23,non_binder,0.9267750716209411,binder
1779afa2-921e-5dea-b8e6-df30cb342387,0.22356,0.39321,0.271886,0.07262441689955244,0.22839,0.3913,0.47826,0.430432,0.044553741930392354,0.41304,4.2237,8.6395,7.2156400000000005,1.8484423856317513,8.1386,7.0951,15.0637,12.657140000000002,3.326207195590798,14.3625,0.20795736,0.6219275,0.41519696,0.14984933,0.39852157,0.32753173,0.7234249,0.5538999,0.15962319,0.55117184,0.32753173,0.7234249,0.5538999,0.15962319,0.55117184,0.20795736,0.6219275,0.41519696,0.14984933,0.39852157,0.4385959,0.8371265,0.67423695,0.15208738,0.6718,0.6890198,0.88240176,0.80037606,0.07221941,0.7992644,0.42679408,0.6926857,0.57555854,0.09814358,0.58009386,84.652794,88.846695,87.493805,1.6647427,88.168,82.21052,87.805,85.156204,2.0459352,85.48243,3.9221675,7.5088763,5.522792,1.3254873,5.518162,0.85791016,2.0644531,1.3385742,0.51036507,1.1884766,44,59,49.0,6.284902544988268,47.0,BBF-14,63,BoltzGen,Caliby (SolubleCaliby),21,non_binder,0.7506121611595153,binder
177b0475-5c63-516d-b0e1-93a01ea2933e,0.01663,0.9279,0.5465,0.48325146688861687,0.87032,0.0,1.0,0.571428,0.5224544702364026,0.92857,0.7786,15.7662,6.3878,7.613413404971517,0.99,0.5431,41.147,16.66772,21.728074028707653,1.0194,0.17890918,0.2792597,0.23238647,0.042018045,0.2492913,0.27968743,0.4186337,0.3451071,0.058815543,0.3526976,0.27968743,0.4186337,0.3451071,0.058815543,0.3526976,0.17890918,0.2792597,0.23238647,0.042018045,0.2492913,0.404934,0.54157865,0.47467962,0.057528332,0.49957943,0.7179634,0.77918345,0.75379765,0.025508963,0.76074564,0.36192656,0.488425,0.44160518,0.05418265,0.47073567,81.07658,94.14883,89.881645,6.0092564,94.01146,84.21224,92.00137,89.09284,3.588808,91.20391,6.3076086,7.852411,6.900977,0.65981203,6.6392684,3.0683594,4.0976562,3.492578,0.54098105,3.1523438,28,39,35.4,4.560701700396551,38.0,BBF-14,68,RFdiffusion,SolubleMPNN,15,non_binder,0.7580032181739806,binder
17a68c50-d227-5db3-8dce-43d3cdaf78df,0.5271,0.73448,0.626868,0.08934259041589418,0.63323,0.46429,0.64286,0.560715,0.07443974420070683,0.580355,1.2024,2.6106,1.92361,0.6331850272848986,1.8955,1.5035,3.9119,2.59781,0.9733692989359749,2.45355,0.48616198,0.7185412,0.6313504,0.08109623,0.6426417,0.639117,0.86179936,0.75833756,0.075103946,0.7560965,0.71918243,0.8829171,0.83041734,0.051267967,0.84299225,0.48616198,0.7185412,0.6313504,0.08109623,0.6426417,0.9441995,0.9696811,0.9575324,0.009666056,0.9576379,0.9527268,0.97471297,0.96358013,0.008353465,0.96366113,0.52458614,0.6502029,0.5972637,0.04311431,0.5962704,76.2864,83.30419,79.99806,2.244352,80.882675,87.26055,89.82254,88.32701,0.9106716,88.17343,4.5636907,6.446971,5.393248,0.62692666,5.530467,0.7788086,1.7597656,1.1415039,0.3342288,1.0444336,56,72,64.4,4.6951511631090685,64.5,TNFa,68,Genie3,ProteinMPNN,50,non_binder,0.9391931128501891,binder
17d4bf4d-4711-5a20-bfdb-d7579df45328,0.64785,0.84753,0.720575,0.07056357153501926,0.70676,0.8,0.92857,0.8776189999999999,0.058966949961633416,0.8976200000000001,0.8748,2.047,1.58095,0.4590151129199222,1.6429,3.3176,5.1597,4.37091,0.46222762177668825,4.39325,0.57864875,0.8282613,0.74361026,0.090088196,0.77268314,0.695652,0.83063734,0.79061735,0.045756623,0.81069875,0.695652,0.85464066,0.8015569,0.05566023,0.82148594,0.57864875,0.8282613,0.74361026,0.090088196,0.77268314,0.8826131,0.92806685,0.9135243,0.012829226,0.91629124,0.8961895,0.9357554,0.92378837,0.013008439,0.93054104,0.5835359,0.6969127,0.6565838,0.040957894,0.6712847,93.877884,96.05016,95.23205,0.6551149,95.25343,94.506966,96.281586,95.68559,0.53054994,95.83654,4.091619,5.6964707,4.664955,0.5731585,4.4183464,0.53808594,1.5,0.8574219,0.31149393,0.7873535,25,31,28.6,1.6465452046971294,28.5,VEGF-A,76,FreeBindCraft (BindCraft),SolubleMPNN,9,binder,0.9635382962226866,binder
17db583e-15eb-574f-9ed5-5e7297e92d8d,0.55939,0.80402,0.621298,0.10398192088050691,0.57477,0.52273,0.72727,0.586362,0.08257173196681779,0.54545,0.9045,2.4161,2.0206600000000003,0.6353145543744453,2.2775,1.92,3.5647,2.93616,0.618888922182325,3.1235,0.8660163,0.8871838,0.87422764,0.008872844,0.8698805,0.8931519,0.9215549,0.90454215,0.010671871,0.90366375,0.8931519,0.9215549,0.90454215,0.010671871,0.90366375,0.8660163,0.8871838,0.87422764,0.008872844,0.8698805,0.963489,0.97252256,0.96632797,0.003870574,0.9642717,0.96493155,0.9706455,0.9669436,0.002331223,0.96627533,0.7059175,0.73107743,0.71589327,0.010073295,0.7135204,92.126945,92.733635,92.426704,0.26522785,92.51745,96.28232,96.47204,96.38939,0.08036907,96.37671,3.3974624,3.9201539,3.7482853,0.21387494,3.8195443,0.5600586,0.62158203,0.59101564,0.026680896,0.6035156,42,53,47.0,4.301162633521313,47.0,MBP,96,RFdiffusion,SolubleMPNN,20,non_binder,0.9588710165023803,binder
17dd78d3-fa3a-5fc8-8467-70154e8994bf,0.05933,0.10696,0.09430799999999999,0.019940499492239406,0.09969,0.06667,0.24444,0.195554,0.07436667587031169,0.22222,11.6022,20.6061,17.94806,3.743285763603949,20.0,26.2537,31.4431,29.19036,2.482605981222152,30.7115,0.0,0.6142801,0.4365879,0.25302646,0.4949475,0.0,0.7191195,0.5495417,0.30871594,0.6615708,0.0,0.7191195,0.5495417,0.30871594,0.6615708,0.0,0.6142801,0.4365879,0.25302646,0.4949475,0.2392352,0.92525584,0.7680497,0.29663104,0.8828351,0.5389974,0.63892424,0.6028482,0.039126683,0.61893827,0.0,0.526962,0.40108067,0.2255984,0.48111272,80.404305,91.0626,88.26344,4.449542,89.726875,86.57024,88.99952,88.328224,0.994912,88.65214,13.19346,21.790098,15.47012,3.5830343,13.819717,1.5253906,14.3359375,4.348047,5.592843,2.1367188,32,35,33.6,1.341640786499874,33.0,EGFR,82,PXDesign,SolubleMPNN,16,non_binder,0.4888345575332641,non_binder
17df70b8-9fa1-550e-8eb4-9c687e75eaab,0.58906,0.72855,0.633978,0.05553188336442409,0.62414,0.5,1.0,0.6,0.22360679774997896,0.5,1.5071,1.9817,1.7118000000000002,0.2001824417874854,1.7573,2.9047,3.9634,3.35936,0.43099173193925644,3.216,0.34848183,0.46360373,0.41931763,0.04583617,0.4418633,0.3934996,0.54944783,0.47774953,0.058465175,0.47461188,0.3934996,0.54944783,0.47774953,0.058465175,0.47461188,0.34848183,0.46360373,0.41931763,0.04583617,0.4418633,0.63339406,0.7339211,0.6968198,0.040505428,0.7167929,0.84017104,0.87691486,0.8611132,0.014023701,0.8665243,0.40899917,0.49305618,0.45471367,0.0319021,0.46611282,93.25942,94.20394,93.80153,0.37320116,93.93544,96.46329,96.639946,96.57703,0.07917027,96.62861,6.5212784,7.868959,7.104646,0.51016974,6.932855,1.7978516,2.6523438,2.170508,0.31588408,2.1875,13,20,18.0,3.082207001484488,20.0,IL-7Ra,87,Proteina-Complexa,SolubleMPNN,20,binder,0.8987253642082214,binder
17f624db-89bb-5b5e-9b73-dec27674657e,0.02317,0.55098,0.24375399999999997,0.23511425804867253,0.219485,0.0,0.7037,0.322222,0.340816533890792,0.296295,1.4906,20.1061,10.772079999999999,9.61562653217263,10.7156,7.23,32.5234,23.21883,9.88543332238007,24.489250000000002,0.0,0.84290695,0.4532674,0.40927806,0.5787464,0.0,0.9134841,0.513934,0.42865288,0.70186734,0.0,0.84290695,0.48223028,0.39751124,0.67780674,0.0,0.9134841,0.4849711,0.44190174,0.602807,0.72974634,0.9641104,0.8593113,0.107537344,0.9001546,0.7087841,0.86422676,0.79249614,0.06069401,0.82082224,0.0,0.7643851,0.44312876,0.33631328,0.53682446,71.46743,90.24653,82.71603,6.3585815,83.43974,74.66746,81.13082,77.62284,1.9871145,77.25153,6.8701468,24.47552,12.564311,6.4050236,9.19774,0.4423828,12.296875,4.0139403,4.3082695,1.7363281,31,92,61.3,19.96135154631458,68.5,RBX1,83,Genie3,SolubleMPNN,21,non_binder,0.7109672117233277,binder
1803abc5-18dc-5b0c-96ed-f134706cab74,0.0029,0.00535,0.0038599999999999997,0.0011694656899627284,0.00324,0.0,0.0,0.0,0.0,0.0,26.5352,37.6646,33.49286,4.813728312649145,36.1966,72.3454,100.6524,89.3632,13.003478999675432,94.7072,0.0,0.26823047,0.043508437,0.09085019,0.0,0.0,0.5482006,0.09984614,0.20537484,0.0,0.0,0.5482006,0.09984614,0.20537484,0.0,0.0,0.26823047,0.043508437,0.09085019,0.0,0.5993054,0.84659374,0.68137217,0.07781622,0.67626345,0.64638937,0.8581116,0.71967554,0.07081685,0.7139921,0.0,0.2996557,0.069135495,0.101024054,0.017469618,71.18647,79.065,74.65684,2.6448672,74.101715,72.293175,79.7826,75.66922,3.1369855,75.0564,12.0638485,24.165537,19.179401,4.1806836,20.580566,2.7636719,16.234375,10.304102,4.1779194,11.511719,31,84,59.6,19.34022865543333,63.0,Latent GDF-8,77,RFdiffusion3,SolubleMPNN,25,non_binder,0.3609755855798721,non_binder
180f8b6c-4c74-5725-810d-f4fc62ae9c89,0.87967,0.91627,0.893364,0.013610159073280557,0.89002,0.93333,1.0,0.946664,0.02981573041198222,0.93333,0.5709,0.6512,0.5946199999999999,0.03249818456467994,0.585,3.2078,3.3685,3.2949800000000002,0.06650403747141974,3.2754,0.82143253,0.8253982,0.8230561,0.0017309407,0.82224166,0.83472437,0.843845,0.8384245,0.0035258953,0.837231,0.83472437,0.843845,0.8384245,0.0035258953,0.837231,0.82143253,0.8253982,0.8230561,0.0017309407,0.82224166,0.9512497,0.95243543,0.9517484,0.0005301629,0.9514876,0.9438414,0.9480379,0.9461206,0.0015175996,0.946048,0.7072953,0.71534556,0.7099017,0.003262725,0.7092178,97.28238,97.39035,97.34254,0.043115813,97.34825,96.574394,96.69558,96.63844,0.043229647,96.64132,3.729378,3.8408718,3.8061135,0.04535934,3.8148756,0.7055664,0.7216797,0.7139648,0.005791847,0.7133789,46,50,47.8,1.4832396974191333,48.0,IL-7Ra,68,BoltzGen,SolubleMPNN,22,binder,0.9781223917007446,binder
181ef227-5986-5d3f-9e14-bf703ded5c95,0.91728,0.94609,0.93057,0.011937792928343162,0.92834,0.91667,0.91667,0.9166700000000001,0.0,0.91667,0.4228,0.5723,0.5185000000000001,0.06551820357732652,0.554,0.5912,1.7441,1.05912,0.4727630981792043,0.9213,0.8726607,0.89670026,0.888346,0.009526068,0.8901477,0.8971863,0.9135255,0.90664655,0.006433766,0.9064335,0.8971863,0.9135255,0.90664655,0.006433766,0.9064335,0.8726607,0.89670026,0.888346,0.009526068,0.8901477,0.94227123,0.9527583,0.9489148,0.0041427775,0.9495175,0.9590802,0.9658406,0.9635971,0.0027430118,0.96391535,0.7830716,0.79840064,0.7917105,0.0057878275,0.79119456,97.609886,97.83628,97.759094,0.092545,97.765785,96.51505,96.7182,96.64326,0.08116976,96.65996,2.5769317,2.8271575,2.6869802,0.0900271,2.6706614,0.48950195,0.5566406,0.5148926,0.025151225,0.5102539,31,38,34.8,2.5884358211089564,35.0,TrkA,85,RFdiffusion3,SolubleMPNN,16,binder,0.9816470050811767,binder
182956ca-2676-5242-810f-a7b50e023193,0.01394,0.02157,0.016866,0.0037199368274205952,0.01435,0.0,0.0,0.0,0.0,0.0,11.0638,15.0919,13.896,1.6622408610066104,14.6847,37.4589,46.7325,43.02194,4.654334244873264,46.2071,0.0,0.17347461,0.039022263,0.075357795,0.009993535,0.0,0.24527,0.05373432,0.10723173,0.0113329375,0.0,0.24527,0.053381342,0.1074069,0.009993535,0.0,0.17347461,0.039375246,0.07519222,0.0113329375,0.10032459,0.3679702,0.19521372,0.10408128,0.18148053,0.5534551,0.6666123,0.5970322,0.044691544,0.5961546,0.0,0.3223338,0.10387105,0.12673095,0.06982106,81.25806,85.94001,83.87118,1.8745078,84.44891,83.61663,88.86981,85.76183,2.0191712,85.51589,8.444154,17.564672,13.457998,3.469024,13.124216,4.4335938,12.2421875,8.564062,2.9462793,8.6328125,16,47,27.0,12.103718436910205,22.0,BBF-14,83,Genie3,SolubleMPNN,18,non_binder,0.19401081204414367,non_binder
182b5d1a-32d5-58e5-a69f-7662f16f28bd,0.00586,0.52919,0.05905900000000001,0.1651946972817227,0.0063549999999999995,0.0,0.59375,0.059375,0.18776023607249753,0.0,7.8674,31.2758,27.90332,7.303490610781791,30.6928,1.7635,68.5234,57.61779,20.413506560251825,65.17105000000001,0.0,0.010835169,0.0010835169,0.0034263812,0.0,0.0,0.011175989,0.001117599,0.003534158,0.0,0.0,0.010835169,0.0010835169,0.0034263812,0.0,0.0,0.011175989,0.001117599,0.003534158,0.0,0.16892138,0.8439004,0.51339364,0.32969713,0.5147691,0.62420267,0.88143176,0.7530571,0.121383786,0.74303734,0.0,0.0605147,0.00605147,0.019136429,0.0,75.3239,82.11112,78.33824,2.169264,78.71237,84.73284,85.51357,85.26721,0.25098193,85.35639,15.344916,28.653616,26.047375,3.9012952,27.451674,8.8046875,23.109375,19.296093,4.268563,19.109375,10,73,48.0,19.871811414385174,53.5,Cas9,80,PXDesign,SolubleMPNN,24,non_binder,0.46039722442626946,non_binder
182c78da-1411-5211-b534-4a109bd06abc,0.84502,0.95147,0.9003059999999999,0.03811529391202437,0.89739,0.8,0.95,0.8699999999999999,0.05700877125495687,0.85,0.4475,0.8444,0.6213,0.14235020196683953,0.6094,1.0072,1.3724,1.22702,0.16628115347206365,1.3238,0.86719084,0.90553707,0.89175004,0.015117342,0.8931909,0.89963543,0.9277065,0.91745424,0.011060892,0.9179065,0.89963543,0.9277065,0.91745424,0.011060892,0.9179065,0.86719084,0.90553707,0.89175004,0.015117342,0.8931909,0.941727,0.9601851,0.95343417,0.0072637317,0.95407444,0.95739925,0.9700295,0.9657219,0.005104069,0.9660242,0.7960648,0.8241505,0.8134081,0.010746407,0.81360704,96.74396,97.04158,96.8867,0.10603538,96.87854,96.337494,96.493774,96.41114,0.058572035,96.41174,2.384886,2.879584,2.5801842,0.19380158,2.5860724,0.48486328,0.6015625,0.53330076,0.04457743,0.5292969,24,29,25.6,2.0736441353327724,25.0,TrkA,76,FreeBindCraft (BindCraft),SolubleMPNN,8,non_binder,0.9788402819633484,binder
18bd8afe-719a-5334-ab7e-2c4d5452dd3e,0.00587,0.01435,0.008698000000000001,0.0036837444717750622,0.0064399999999999995,0.0,0.0,0.0,0.0,0.0,20.2235,31.283,27.08184,4.800258307679331,29.5779,43.0153,68.4388,58.80567,10.855637880643705,65.04835,0.0,0.0,0.0,0.0,0.0,0.0,0.0,0.0,0.0,0.0,0.0,0.0,0.0,0.0,0.0,0.0,0.0,0.0,0.0,0.0,0.19288598,0.8492686,0.5316466,0.32171187,0.5593504,0.6352387,0.88744086,0.7605368,0.12203125,0.76280653,0.0,0.020377604,0.0020377603,0.0064439643,0.0,65.900246,73.64489,70.23519,2.6479745,70.806,85.445885,86.92468,86.312454,0.5681155,86.35037,20.333563,27.992,25.688557,2.2062533,25.96468,11.2109375,20.671875,17.701563,2.9203677,18.570312,37,69,52.8,9.930872178324632,52.0,Cas9,77,Genie3,SolubleMPNN,42,non_binder,0.37345747172832483,non_binder
19962e1f-8ea4-5c80-bc74-35af88d904cc,0.69532,0.82829,0.7579830000000001,0.040959137645544576,0.754505,0.56667,0.73333,0.676666,0.05454494134809082,0.683335,0.8342,1.5099,1.1958199999999999,0.19804138624708384,1.2214,0.6297,1.572,1.08853,0.29743502763909074,1.0381,0.5097608,0.7347984,0.631504,0.07016327,0.6224489,0.76595044,0.89434606,0.83617246,0.042095218,0.83596975,0.76595044,0.89434606,0.83617246,0.042095218,0.83596975,0.5097608,0.7347984,0.631504,0.07016327,0.6224489,0.8667424,0.93603694,0.90642846,0.020487005,0.90868986,0.82235193,0.964115,0.91934264,0.05111888,0.9418098,0.53170973,0.67472833,0.6023962,0.051963508,0.6066375,92.88316,93.95218,93.4606,0.38098678,93.433365,82.62051,93.87441,89.121155,4.6120934,89.71836,4.368801,9.858228,6.227304,1.7971714,5.8770976,1.0712891,1.9980469,1.4896485,0.2888356,1.4902344,34,51,41.4,6.275171533733384,39.5,Nipah-G,90,RFdiffusion3,SolubleMPNN,17,non_binder,0.9647644925117492,binder
19e037e2-9dec-5aeb-a63a-7bb3da5a09d4,0.00728,0.89677,0.09935999999999999,0.2802036662064855,0.010069999999999999,0.0,0.8,0.08,0.25298221281347033,0.0,0.4739,22.0116,15.492709999999999,5.828724876267726,16.826700000000002,1.1814,64.2372,50.278020000000005,18.74530855309314,56.10225,0.0,0.2635271,0.07361833,0.113836065,0.005319784,0.0,0.6344375,0.20859692,0.22968231,0.1333447,0.0,0.6344375,0.20859692,0.22968231,0.1333447,0.0,0.2635271,0.07361833,0.113836065,0.005319784,0.21095848,0.7198676,0.41618094,0.19044982,0.35584375,0.771431,0.9213911,0.84006804,0.047512192,0.8466072,0.0,0.3711784,0.15332332,0.13429631,0.10805334,82.37422,88.251564,85.740555,2.0104601,86.28381,81.05672,92.34391,87.69226,4.594866,88.64917,8.181996,19.402136,14.137629,3.5720425,14.085373,3.2949219,12.4375,7.1083984,3.1026824,6.5546875,29,79,46.3,16.779948351132273,40.0,Nipah-G,80,PXDesign,SolubleMPNN,14,non_binder,0.5367790544033051,binder
1a235fd5-0484-5252-a723-7b3719297db3,0.01481,0.7298,0.55089,0.30082057717184174,0.6685,0.0,0.85714,0.614286,0.3484656162808606,0.71429,1.5289,19.5457,5.3792,7.921375231612248,1.9298,2.6198,42.4343,10.930040000000002,17.622828253234495,2.748,0.0,0.012147562,0.006916172,0.006326747,0.01100641,0.0,0.013920094,0.009557301,0.005510209,0.011875935,0.0,0.012147562,0.009202794,0.005208088,0.011875935,0.0,0.013920094,0.007270679,0.006729971,0.01100641,0.07685497,0.18437792,0.14967799,0.044326268,0.16653495,0.5794673,0.6074423,0.59090835,0.011288927,0.5888012,0.0,0.09913964,0.06537382,0.04213621,0.08192802,64.14994,67.59279,65.16501,1.3948135,64.62451,77.32367,84.19709,79.19691,2.8244557,78.16457,12.760448,19.632881,14.649038,2.8888705,13.336768,7.8671875,14.828125,9.730469,2.9649878,8.1796875,23,59,48.4,14.587666023048376,52.0,BBF-14,66,Genie3,SolubleMPNN,30,non_binder,0.6386041653156279,binder
1aa0425f-9a7d-5bfb-b95c-c943062df73f,0.76554,0.80127,0.785566,0.01760770229189489,0.79224,0.54688,0.70312,0.628124,0.05676404037768978,0.64062,0.5851,1.132,0.8592600000000001,0.20127139140970832,0.8466,0.9418,1.6573,1.31554,0.2679553283665022,1.284,0.1294097,0.37008417,0.25248343,0.103991844,0.21735604,0.3756777,0.67473024,0.5351478,0.123971514,0.5135573,0.3756777,0.67473024,0.5351478,0.123971514,0.5135573,0.1294097,0.37008417,0.25248343,0.103991844,0.21735604,0.4472557,0.7468731,0.6131402,0.126026,0.5869196,0.86712205,0.92532706,0.89772046,0.024734573,0.8904944,0.18111002,0.5011747,0.3574576,0.13464262,0.3358908,85.31455,86.02736,85.52287,0.29274216,85.46325,94.15013,94.290474,94.22789,0.055655822,94.22271,6.2891717,10.326539,8.073431,1.6822287,8.29379,3.3203125,6.5078125,4.759375,1.3500081,5.0546875,50,63,56.6,4.9295030175464944,57.0,MBP,87,RFdiffusion3,Caliby (SolubleCaliby),27,non_binder,0.9262919998168945,binder
1aa7bc14-94cc-5bc7-b8b9-3c00beabef9c,0.01774,0.86118,0.523257,0.2747059558489566,0.52861,0.0,0.85714,0.421429,0.27653932404512266,0.392855,0.7956,17.7131,3.3854100000000003,5.177966334479204,1.6397,1.3308,38.6613,8.18091,10.974806322102756,5.3414,0.0,0.58939815,0.28410277,0.28425562,0.29789156,0.0,0.7552199,0.3862477,0.37687114,0.44411886,0.0,0.7552199,0.3862477,0.37687114,0.44411886,0.0,0.58939815,0.28410277,0.28425562,0.29789156,0.7916129,0.946837,0.8813158,0.06325185,0.89193094,0.68138725,0.8949943,0.78051627,0.09189552,0.77740085,0.0,0.4503385,0.23428878,0.21950951,0.263142,79.70944,90.80966,86.139305,4.9180446,87.053345,85.188324,86.49463,85.87256,0.47575915,85.94238,14.487868,25.892414,18.259632,4.0700064,16.29552,1.7460938,14.84375,6.825488,5.55081,4.8476562,13,74,29.7,16.85922101798696,29.5,Cas9,88,BoltzGen,designed jointly by the structure model (native co-design),10,non_binder,0.849798309803009,binder
1acdc691-2e10-45b8-88bd-45a1dcd9b1c8,0.58439,0.7136,0.644025,0.0391586287496837,0.6344449999999999,0.54128,0.77419,0.6547769999999999,0.062248421140173885,0.65744,1.6868,2.2765,2.00783,0.2458054653130759,2.0467,2.086,2.8784,2.59283,0.30625825721294614,2.7249499999999998,0.3720003,0.87275165,0.6842568,0.19854799,0.73827285,0.6727002,0.884304,0.8109107,0.077012226,0.83779037,0.6727002,0.93195003,0.8413148,0.100658365,0.8784983,0.3720003,0.87275165,0.6842568,0.19854799,0.73827285,0.92727995,0.97658575,0.95981675,0.016060546,0.9637263,0.9405458,0.97836703,0.9653519,0.012260651,0.96820366,0.4722511,0.7322208,0.6353289,0.09748617,0.6666229,82.741425,91.3862,87.40934,3.8689437,88.08212,87.38924,89.04432,88.19159,0.52328134,88.11269,3.5279467,6.9362054,4.816849,1.2373214,4.567748,0.5961914,2.7480469,1.327832,0.775515,1.0837402,36,51,44.6,4.765617600176404,45.0,TNFa,80,PXDesign,SolubleMPNN,40,non_binder,0.9713757419586181,binder
1af19b92-b31b-522c-ab53-49afe3c0c48c,0.00521,0.00572,0.005488,0.00019018412131405714,0.00551,0.0,0.0,0.0,0.0,0.0,25.8302,27.6727,26.486,0.697810758730473,26.2952,71.8624,74.9472,73.33876000000001,1.209155925842489,73.2569,0.0,0.5639029,0.21137324,0.24877872,0.06975689,0.0,0.7878302,0.3464108,0.37880665,0.2126602,0.0,0.7878302,0.3464108,0.37880665,0.2126602,0.0,0.5639029,0.21137324,0.24877872,0.06975689,0.47051162,0.882133,0.7085845,0.15375856,0.72641754,0.51986516,0.8773329,0.73306775,0.13246524,0.76489246,0.0,0.47362697,0.19484292,0.2198345,0.08723344,79.86492,88.891235,85.07783,3.6124895,85.44745,73.67729,80.92463,78.06207,2.530365,77.70342,8.218675,28.502258,16.90315,8.234524,16.405653,1.6943359,22.796875,9.759375,8.407207,8.146484,41,86,53.8,16.047152741564815,48.5,Latent GDF-8,85,RFdiffusion3,SolubleMPNN,15,non_binder,0.4483388292789458,non_binder
1b5dc902-53f6-5147-939d-a2d6ec469991,0.01827,0.04827,0.026012,0.01256210253102561,0.02046,0.0,0.0,0.0,0.0,0.0,14.2185,17.1776,15.567680000000001,1.0819310823707768,15.4093,21.6258,38.7324,33.32272,6.779169827272361,36.1672,0.0,0.0,0.0,0.0,0.0,0.0,0.0,0.0,0.0,0.0,0.0,0.0,0.0,0.0,0.0,0.0,0.0,0.0,0.0,0.0,0.18267578,0.30318457,0.23967838,0.051137906,0.23109634,0.5466134,0.62799305,0.58959603,0.03537287,0.5813943,0.0,0.012362221,0.0043387637,0.006036946,0.0,82.025185,83.99687,82.8462,0.8684215,82.7531,84.36085,84.86082,84.644936,0.18916704,84.624985,19.360697,24.368917,22.346127,1.98562,22.479576,11.5078125,16.578125,13.876562,2.2656615,13.9453125,18,39,28.2,8.927485648266257,25.0,EGFR,96,RFdiffusion3,SolubleMPNN,33,non_binder,0.2535578817129135,non_binder
1b667536-e09f-5e5b-bd8e-2cc05b0e4fc0,0.47366,0.61269,0.567892,0.0627325543079508,0.60944,0.36842,0.47368,0.452628,0.047073703062325556,0.47368,1.3968,1.9867,1.6116199999999998,0.2792909808783663,1.4224,3.739,5.7045,4.50522,0.9052435677760986,3.924,0.6817589,0.7620989,0.72384846,0.029556556,0.72194743,0.74946827,0.8448247,0.81259185,0.036796954,0.8196506,0.6817589,0.7620989,0.72384846,0.029556556,0.72194743,0.74946827,0.8448247,0.81259185,0.036796954,0.8196506,0.91341555,0.9508641,0.93843496,0.014519122,0.941444,0.8475943,0.909175,0.86990136,0.029687114,0.8494162,0.64897394,0.7023326,0.6775883,0.019259518,0.67818135,93.35674,95.85447,95.16765,1.0218519,95.52003,80.92755,86.89921,84.56468,2.3362997,85.23051,4.8212676,6.5270534,5.8992596,0.7510931,6.348971,0.67285156,0.90234375,0.7679688,0.08645915,0.7519531,15,22,17.2,2.7748873851023212,16.0,TREM2,70,PXDesign,SolubleMPNN,7,binder,0.9146282982826232,binder
1b9fe1ef-16f5-5218-a5a0-64aee5f6f043,0.79908,0.83934,0.81728,0.018100642253798597,0.81865,0.57895,0.68421,0.642106,0.044033417196488366,0.63158,0.6258,0.7218,0.65302,0.040556898303494564,0.6299,1.1489,1.8647,1.49924,0.262106224649473,1.541,0.7567801,0.80607575,0.78771627,0.019133907,0.7939616,0.86709946,0.90550256,0.885742,0.016293997,0.8797728,0.7567801,0.80607575,0.78771627,0.019133907,0.7939616,0.86709946,0.90550256,0.885742,0.016293997,0.8797728,0.95734113,0.9712941,0.9641713,0.0058669345,0.96208614,0.8043828,0.9316167,0.8456453,0.05370554,0.8191168,0.7055104,0.74814266,0.7279817,0.02024721,0.737553,95.87643,96.30669,96.01306,0.19317637,95.88538,79.0058,86.07023,81.45139,3.0070283,79.8687,4.391962,8.209723,6.8891854,1.6082084,7.643755,0.52734375,0.67333984,0.602832,0.064038046,0.6303711,12,15,12.6,1.3416407864998738,12.0,TREM2,70,PXDesign,SolubleMPNN,8,binder,0.9576185345649718,binder
1bd217fa-36f3-54c7-a31a-f8471a533172,0.83666,0.84096,0.839452,0.0016631055288225413,0.84,1.0,1.0,1.0,0.0,1.0,1.3261,1.3756,1.3469,0.01947857797684414,1.3387,1.5425,1.7458,1.6248,0.0825164226078664,1.5895,0.83324194,0.84999156,0.84038293,0.0066298144,0.8415929,0.835335,0.8530937,0.84283143,0.006517401,0.84164506,0.835335,0.8530937,0.8424794,0.0065046134,0.8415929,0.83324194,0.84999156,0.8407351,0.006779828,0.84164506,0.94380295,0.9503153,0.9467343,0.0026216924,0.9470956,0.9379218,0.9494395,0.94370365,0.0041122255,0.9433974,0.6936258,0.7140296,0.70335263,0.007267935,0.7030974,96.54782,96.76491,96.64824,0.08121478,96.64263,96.426865,96.526924,96.49057,0.03769212,96.4976,3.6213453,3.9422035,3.7944767,0.11539965,3.7967014,0.60791016,0.6567383,0.6261719,0.019751566,0.6279297,44,49,47.2,2.1679483388678795,48.0,IL-7Ra,84,BoltzGen,SolubleMPNN,30,binder,0.965722107887268,binder
1be9a332-94fd-5a39-8834-a2de03e1ece0,0.66378,0.78647,0.726078,0.05221359803729293,0.73334,0.5,0.66667,0.600002,0.09128891865938604,0.66667,0.8858,1.1626,1.01984,0.10193798605034339,1.0395,1.9228,3.4611,2.8907,0.6596173398266605,3.2416,0.4861637,0.5584705,0.5123619,0.02785416,0.5100361,0.5357907,0.5858054,0.5536826,0.019857993,0.5535642,0.5357907,0.5858054,0.5536826,0.019857993,0.5535642,0.4861637,0.5584705,0.5123619,0.02785416,0.5100361,0.7854182,0.83150345,0.80264425,0.017729,0.8017546,0.8296642,0.87844753,0.85126877,0.020024316,0.84642655,0.55860114,0.5923188,0.56793255,0.0141257355,0.5616715,88.74694,89.47234,88.98244,0.28437877,88.92505,81.15814,83.33273,81.74236,0.915057,81.27841,5.9667964,7.1182947,6.578612,0.4618766,6.735037,1.3203125,1.5126953,1.4386718,0.071440734,1.4570312,16,21,18.4,1.949358868961793,19.0,TREM2,64,BoltzGen,Caliby (SolubleCaliby),13,non_binder,0.9315816068649292,binder
1bf9947d-5d27-5b5e-8c44-a071ca523330,0.8967,0.93982,0.921434,0.01761845850237753,0.91744,0.77419,0.90323,0.858066,0.053981304911978556,0.87097,0.4039,0.5165,0.43624,0.04550470305364049,0.4205,0.9054,1.1442,1.05908,0.09314589094533378,1.0894,0.8807371,0.9088795,0.8979975,0.010564761,0.9000584,0.9361919,0.9521271,0.94458044,0.0056666215,0.94477916,0.9361919,0.9521271,0.94458044,0.0056666215,0.94477916,0.8807371,0.9088795,0.8979975,0.010564761,0.9000584,0.9598231,0.97010434,0.965248,0.003656801,0.965387,0.9711373,0.97784364,0.97512835,0.0024883887,0.9756801,0.79499394,0.8171256,0.80691165,0.008321479,0.80927324,96.97174,97.20276,97.07978,0.08579615,97.08487,96.34917,96.56569,96.495415,0.08826415,96.528946,2.2798443,2.6220834,2.4425683,0.1263646,2.4183867,0.4038086,0.47094727,0.42963868,0.024943838,0.4230957,31,41,38.2,4.207136793592525,40.0,PD-L1,70,BoltzGen,Caliby (SolubleCaliby),12,binder,0.9827571940422057,binder
1c15a286-2e8f-5d53-a4fa-6a16f560614d,0.81135,0.90091,0.864762,0.035587912554686324,0.86285,0.68421,0.84211,0.757896,0.07982262198149093,0.73684,0.4973,0.709,0.55652,0.08821112174777053,0.5179,1.118,2.2876,1.73868,0.414987466075784,1.7703,0.73186934,0.7693227,0.75478,0.014423193,0.758838,0.80095357,0.83034927,0.81843185,0.010749664,0.8205967,0.80095357,0.83034927,0.81843185,0.010749664,0.8205967,0.73186934,0.7693227,0.75478,0.014423193,0.758838,0.9017242,0.9182544,0.9118541,0.006356854,0.91367733,0.9340004,0.94326806,0.9390794,0.0035612625,0.9384184,0.66963553,0.6879181,0.6810837,0.007035134,0.6827944,96.869,97.22102,97.08446,0.13686159,97.12061,97.08846,97.19197,97.15115,0.03796057,97.15806,3.9247224,4.20754,4.0252576,0.11244322,4.014277,0.84033203,1.0117188,0.9266602,0.070884414,0.92822266,28,34,31.0,2.23606797749979,31.0,IL-7Ra,85,PXDesign,SolubleMPNN,11,non_binder,0.9800566649436949,binder
1c46f0e4-474f-5fa7-87e7-d04869b15fa9,0.84521,0.87978,0.862484,0.01228567377069732,0.86319,0.75556,0.82222,0.786668,0.029811258276027187,0.8,0.6338,0.7083,0.67894,0.03369930266340832,0.691,1.2939,1.6806,1.4645,0.16836080303918724,1.4476,0.92309827,0.9376489,0.9313361,0.0056677493,0.9305291,0.93349093,0.94950753,0.9418951,0.006540293,0.9417988,0.93349093,0.94950753,0.9418951,0.006540293,0.9417988,0.92309827,0.9376489,0.9313361,0.0056677493,0.9305291,0.96649075,0.9731208,0.9702794,0.0025870986,0.9699289,0.97278154,0.9789902,0.97622126,0.0025549456,0.97626394,0.7604114,0.7852529,0.7728885,0.009795385,0.7723003,95.690315,95.94157,95.78773,0.09731089,95.75319,95.192024,95.33594,95.27147,0.07171511,95.30736,2.8958075,3.3025558,3.0824614,0.16735558,3.074411,0.36743164,0.40966797,0.38691407,0.017641082,0.39135742,82,87,84.6,2.073644135332771,85.0,BHRF1,110,Proteina-Complexa,designed jointly by the structure model (native co-design),18,binder,0.9788377118110656,binder
1c9553d4-de7a-42b3-8857-134da1531a5f,0.24659,0.68425,0.444027,0.1425585337131539,0.428585,0.13333,0.66667,0.295671,0.17762471127195237,0.24140499999999998,1.6901,5.0852,2.8793200000000003,1.0928733969576614,2.6125,1.8321,8.0687,4.44979,2.01853146698837,3.9107000000000003,0.0,0.86210364,0.33992383,0.3085184,0.26619208,0.009947102,0.8718589,0.4184447,0.3347281,0.4189043,0.009947102,0.9113252,0.45214233,0.35418484,0.5022477,0.0,0.86210364,0.33992383,0.3085184,0.26619208,0.8131272,0.9783801,0.88876516,0.063755915,0.88779867,0.85162544,0.9809389,0.9119612,0.048097104,0.91331244,0.03956814,0.7140287,0.34888285,0.2442019,0.34031624,81.950935,89.46888,85.12224,2.5133407,85.669235,84.87643,86.74244,85.74017,0.5905573,85.759125,3.6218839,16.954931,9.447697,4.302908,8.91522,0.7211914,9.9765625,4.310498,3.2322319,3.7695312,42,74,57.2,11.32156251485535,54.5,TNFa,80,RFdiffusion3,SolubleMPNN,23,non_binder,0.824831383228302,binder
1cb0c676-09c6-5cba-8d3e-78081f468215,0.72603,0.7696,0.752108,0.018269000246318903,0.75682,0.6,0.9,0.7,0.12247448713915893,0.7,1.0338,1.5576,1.1731200000000002,0.21899259576524507,1.117,2.0256,2.526,2.28964,0.18151477350342582,2.2983,0.79985297,0.86708385,0.82752573,0.024505612,0.82180357,0.83920246,0.90566033,0.8688663,0.024923423,0.86518,0.83920246,0.90566033,0.8688663,0.024923423,0.86518,0.79985297,0.86708385,0.82752573,0.024505612,0.82180357,0.91562784,0.9472475,0.9287589,0.011522618,0.926294,0.95444673,0.96881306,0.9601547,0.005284191,0.95895135,0.77110124,0.8065883,0.7831582,0.013734133,0.7782346,95.37741,97.07838,96.655914,0.71954083,96.96676,96.13868,96.784584,96.56328,0.2500195,96.65949,2.4924562,2.960099,2.8084862,0.18760447,2.8519895,0.5522461,0.80322266,0.6773437,0.09132713,0.67529297,12,15,13.8,1.30384048104053,14.0,PD-L1,75,PXDesign,SolubleMPNN,8,non_binder,0.9778417778015136,binder
1d5855c0-9c16-5c16-b81c-76eec408e06a,0.85433,0.8782,0.86473,0.008853312939233523,0.86435,0.875,1.0,0.9125,0.055901699437494734,0.875,0.8825,1.0972,0.98866,0.0873313403080475,0.9881,0.8272,1.1573,1.06798,0.13771109977049784,1.1129,0.8405157,0.86942846,0.85395896,0.010814856,0.85116297,0.8450052,0.879658,0.86414117,0.015173359,0.8719159,0.8405157,0.86942846,0.85395896,0.010814856,0.85116297,0.8450052,0.879658,0.86414117,0.015173359,0.8719159,0.93254626,0.9487851,0.9415493,0.007128223,0.9452012,0.93545836,0.94906217,0.9429137,0.005407968,0.9445237,0.74608654,0.76820177,0.75744885,0.0087783635,0.7588305,96.73894,96.98222,96.844795,0.090354696,96.82626,92.36214,93.228745,92.84341,0.3759023,92.740166,2.9219484,3.1885743,3.0662189,0.10938096,3.045743,0.6123047,0.67626953,0.650293,0.03185338,0.66748047,46,50,48.4,1.6733200530681513,48.0,BBF-14,80,RFdiffusion3,SolubleMPNN,16,non_binder,0.9796482443809509,binder
1d76e16e-0e6c-5938-9c80-e905ce7b9d23,0.01398,0.97271,0.488642,0.49633259146575415,0.488685,0.0,1.0,0.5,0.5270462766947299,0.5,0.3932,16.255,7.54306,7.561408291258389,6.4649,1.1369,45.727,21.36623,21.27586520815703,18.3707,0.013876726,0.8336096,0.42988124,0.37857893,0.43618935,0.01685516,0.8358239,0.48964515,0.34222475,0.5672434,0.013876726,0.8336096,0.48912588,0.3424348,0.5672434,0.01685516,0.8358239,0.43040046,0.37847927,0.43618935,0.756648,0.94052976,0.85527784,0.07050057,0.85864615,0.73278856,0.806515,0.7776936,0.026255546,0.7833066,0.14101875,0.7569733,0.45987043,0.28753084,0.47604224,79.27404,88.65421,84.3536,4.122953,84.77777,73.50289,80.547516,78.39688,2.0414445,78.53281,7.926979,18.844694,12.10658,3.9065192,11.370684,0.58496094,6.1445312,2.6075683,2.1271675,2.2580566,18,31,26.2,3.614784456460255,27.0,RBX1,65,RFdiffusion,SolubleMPNN,21,non_binder,0.7372049033641814,binder
1dab1856-35d1-52c9-b2a4-00b3af0f76f9,0.94035,0.97489,0.9540660000000001,0.01286420149095932,0.94999,0.875,0.96875,0.9125,0.03423265984407289,0.90625,0.2927,0.3533,0.32818,0.027489397956303098,0.3445,0.4418,0.7502,0.55606,0.11764080074531963,0.5187,0.9021525,0.9191438,0.91178834,0.0065041925,0.9134472,0.9367618,0.9509052,0.9459915,0.0055182483,0.948174,0.9367618,0.9509052,0.9459915,0.0055182483,0.948174,0.9021525,0.9191438,0.91178834,0.0065041925,0.9134472,0.96465594,0.9712168,0.96839887,0.0025133966,0.9690749,0.9738393,0.97862035,0.97664756,0.0018284213,0.97727644,0.8035274,0.8208961,0.81409514,0.0070521603,0.81719697,97.50843,97.72149,97.585495,0.08158315,97.55806,96.69293,96.88416,96.77291,0.08844356,96.72978,2.2337642,2.460068,2.318294,0.09415691,2.269465,0.39013672,0.4477539,0.40966797,0.023310635,0.39770508,35,38,36.8,1.303840481040529,37.0,PD-L1,70,BoltzGen,Caliby (SolubleCaliby),13,binder,0.985534360408783,binder
1e1c863b-966f-58e9-a601-bdb4c46ccb2b,0.00626,0.01377,0.008111,0.00235767988591421,0.007205,0.0,0.0,0.0,0.0,0.0,20.9375,31.9528,28.008889999999997,3.66559597199267,29.29545,43.862,65.7017,58.9314,7.170239963596447,61.228449999999995,0.0,0.0,0.0,0.0,0.0,0.0,0.0,0.0,0.0,0.0,0.0,0.0,0.0,0.0,0.0,0.0,0.0,0.0,0.0,0.0,0.19350705,0.8425653,0.51303834,0.3242306,0.5099654,0.6293282,0.88276684,0.7530265,0.11766874,0.751825,0.0,0.031420697,0.007190995,0.012009117,0.0,70.17804,78.76289,74.48105,3.1094098,74.99033,85.01024,86.041595,85.5279,0.30122998,85.54501,18.623663,27.728651,24.225315,3.6069672,25.88126,10.3125,19.5625,16.028906,3.9868882,18.460938,28,74,47.7,13.013241119891864,48.0,Cas9,80,PXDesign,SolubleMPNN,30,binder,0.245249251127243,non_binder
1e846122-77e9-58ca-8818-81d61f59b3a4,0.01097,0.73931,0.326937,0.3350214498953761,0.296475,0.0,0.90909,0.390909,0.41505190798394254,0.363635,0.6053,15.9668,8.06795,7.78137028424657,7.0329500000000005,6.2499,54.0958,32.877159999999996,20.669441557160873,31.699849999999998,0.011973027,0.868487,0.4817173,0.37995595,0.48778033,0.0140286535,0.92549783,0.6112343,0.33522666,0.68201613,0.011973027,0.868487,0.57704234,0.3028829,0.6396881,0.0140286535,0.92549783,0.5159092,0.41502815,0.5301084,0.7515948,0.97485715,0.88951415,0.08687311,0.9086525,0.72641313,0.9176151,0.8243718,0.049265314,0.8277317,0.11176063,0.78501636,0.4793008,0.29839036,0.48618278,79.976326,94.67948,90.95408,4.180667,91.79933,74.23385,80.93163,79.32356,2.0863142,79.98233,3.83381,19.47612,9.926256,4.8849783,9.305149,0.3400879,7.1015625,2.644165,2.51504,2.194336,26,55,40.5,12.886254520051805,41.0,RBX1,66,RFdiffusion,SolubleMPNN,10,non_binder,0.8699575328826904,binder
1ee7f2b0-a82f-5d0a-9fcf-8e7252979514,0.00789,0.05866,0.038904,0.0192522188331631,0.04027,0.0,0.05556,0.022224,0.030431465294987033,0.0,15.0969,21.0721,16.58476,2.5568199277618278,15.2962,24.0523,61.7161,32.509299999999996,16.391613846568006,25.095,0.0,0.0,0.0,0.0,0.0,0.0,0.0,0.0,0.0,0.0,0.0,0.0,0.0,0.0,0.0,0.0,0.0,0.0,0.0,0.0,0.14579786,0.317983,0.22384897,0.06307717,0.21152662,0.5218369,0.6431126,0.5744499,0.047840007,0.5555827,0.0,0.0126953125,0.0025390624,0.0056775166,0.0,60.94583,63.2414,61.9023,0.9038466,61.808987,82.73858,84.3509,83.33805,0.60871303,83.219604,18.360935,25.735249,22.4655,2.682197,22.601364,11.7265625,19.375,15.21875,2.822946,15.53125,25,48,33.4,10.4546640309481,27.0,EGFR,77,FoldCraft,SolubleMPNN,22,non_binder,0.15443175196647643,non_binder
1f248258-cc6c-51a0-b2ad-81b1bb8a9e17,0.64734,0.82563,0.707889,0.05163610417570679,0.70737,0.55556,0.77778,0.633337,0.10540820124639257,0.55556,0.8901,1.4976,1.2402799999999998,0.20032648795847685,1.2182,1.7454,3.8145,2.91141,0.5648521034552122,2.92755,0.49965563,0.6670798,0.58560604,0.05627383,0.5878372,0.7960376,0.8872446,0.84326744,0.031548955,0.8444255,0.7960376,0.8872446,0.84326744,0.031548955,0.8444255,0.49965563,0.6670798,0.58560604,0.05627383,0.5878372,0.88581395,0.9277884,0.9081953,0.013186698,0.90897024,0.847632,0.963197,0.91459304,0.047243524,0.9166018,0.5269374,0.62750465,0.5808661,0.036770668,0.5841757,89.25423,90.89555,90.21895,0.5458198,90.39628,83.253586,93.74532,89.51294,4.644826,91.7005,4.9381876,8.530214,6.52493,1.4448335,6.376561,1.1367188,1.8857422,1.46875,0.25768054,1.4326172,49,59,53.2,2.9363620727393664,53.0,Nipah-G,74,Genie3,ProteinMPNN,35,non_binder,0.948225679397583,binder
200ce0e5-8ec5-5dee-9af9-a881a4cb83a1,0.4245,0.52317,0.493926,0.039467774576228666,0.50902,0.38889,0.5,0.45555599999999996,0.060857453364399,0.5,1.5546,2.0811,1.7526,0.2063350309569367,1.7096,6.1545,7.8023,6.95388,0.6225310891835042,6.8468,0.011988631,0.29666647,0.14413248,0.10906328,0.1411481,0.049771998,0.3197272,0.17846484,0.10368912,0.15463741,0.049771998,0.3197272,0.17846484,0.10368912,0.15463741,0.011988631,0.29666647,0.14413248,0.10906328,0.1411481,0.20843408,0.4869992,0.3251914,0.10702901,0.2915579,0.5915377,0.7332533,0.6493137,0.05498111,0.640964,0.13552459,0.4133288,0.25043923,0.11085093,0.212877,92.002365,95.20548,93.44857,1.176184,93.33395,89.74987,91.81935,90.79579,0.8928535,90.586266,7.20937,12.257644,9.690676,1.9272468,9.84013,3.3574219,7.203125,5.1402345,1.475092,5.1523438,23,32,27.6,4.159326868617084,26.0,BBF-14,94,PXDesign,SolubleMPNN,19,non_binder,0.6958741676807403,binder
208bf0f4-5192-5494-b9b4-452ba85efcdb,0.02267,0.11805,0.056296,0.02638655600448413,0.04907,0.0,0.0,0.0,0.0,0.0,16.7459,21.1278,17.66208,1.2809987568733663,17.3917,11.6784,32.7845,20.97241,5.7185598607516575,21.09015,0.0,0.0,0.0,0.0,0.0,0.0,0.0,0.0,0.0,0.0,0.0,0.0,0.0,0.0,0.0,0.0,0.0,0.0,0.0,0.0,0.61355215,0.80497193,0.7175112,0.08702303,0.7284441,0.69403344,0.8540387,0.7799032,0.07363499,0.78835213,0.0,0.0113932295,0.001139323,0.0036028556,0.0,84.118095,87.87502,86.34712,1.2286767,86.21823,84.23962,88.66461,86.422646,1.6467298,86.35933,18.04375,23.658531,20.453003,1.7417108,20.36304,11.5390625,17.375,13.472656,1.739674,12.722656,10,38,25.0,9.944289260117532,28.5,TNFa,80,BoltzGen,SolubleMPNN,14,non_binder,0.41543468832969666,non_binder
20ac2e6c-a4f0-56d1-841d-42658dd36e26,0.08881,0.10718,0.094696,0.0072653719794653305,0.09296,0.2093,0.27907,0.23953600000000003,0.025476173770800036,0.23256,12.3413,15.3558,14.155199999999999,1.2082099734731535,14.3989,40.3068,49.8445,46.22218,3.789627680524829,46.961,0.046753556,0.29943496,0.17359473,0.11606452,0.22156927,0.2543701,0.43427283,0.36505055,0.0714684,0.39907065,0.2543701,0.43427283,0.36505055,0.0714684,0.39907065,0.046753556,0.29943496,0.17359473,0.11606452,0.22156927,0.39228275,0.588938,0.51563215,0.07818683,0.5538439,0.5621342,0.6903857,0.63329107,0.055158224,0.6443278,0.22241628,0.34753567,0.27811098,0.055751536,0.2616171,87.64364,90.07085,89.188324,1.0603805,89.674805,82.51695,86.95297,85.42499,1.7522389,85.91226,8.272172,14.382874,10.778701,2.6595716,9.978754,1.6816406,2.5898438,2.0302734,0.37318617,1.9355469,70,96,77.8,10.401922899156675,74.0,BBF-14,96,Protein Hunter,SolubleMPNN,44,non_binder,0.5460166490077972,binder
20f561a4-ea1f-569e-94ee-ba624e60fa02,0.78462,0.88164,0.839908,0.04025141823588332,0.85506,0.57895,0.73684,0.673684,0.06862112451716311,0.68421,0.4175,0.8139,0.5436799999999999,0.15768335993376092,0.5115,0.8612,1.9559,1.57334,0.43462662481721026,1.6076,0.8909667,0.9171855,0.9053869,0.009570313,0.9075659,0.9030402,0.93107,0.92047536,0.010465075,0.9227491,0.9030402,0.93107,0.92047536,0.010465075,0.9227491,0.8909667,0.9171855,0.9053869,0.009570313,0.9075659,0.9500713,0.96272016,0.9571331,0.0045856643,0.9580643,0.9624719,0.97337174,0.96924925,0.0040459065,0.97026557,0.795596,0.82238644,0.8106594,0.009740909,0.8124805,96.804955,97.085846,96.962746,0.10438285,96.98746,96.99581,97.36656,97.210335,0.15714213,97.291794,2.2967117,2.7153563,2.4673674,0.15460606,2.4629314,0.45458984,0.5385742,0.4888672,0.031656295,0.48828125,28,32,30.8,1.6431676725154987,31.0,TrkA,85,RFdiffusion3,SolubleMPNN,13,non_binder,0.9780343055725097,binder
210550cc-e2b2-5b8e-9364-09b800ee5838,0.59936,0.80802,0.6976910000000001,0.07248288724473749,0.6918,0.48235,0.8,0.6605030000000001,0.0980290135113069,0.6554599999999999,1.0121,2.0037,1.43845,0.31652093225497036,1.4704,2.2061,3.4445,2.7813000000000003,0.4337255558273893,2.72835,0.6982015,0.88228506,0.8118275,0.06956094,0.82212645,0.7524529,0.886701,0.8348614,0.049761165,0.8438643,0.7524529,0.89234304,0.83700943,0.051908415,0.84316325,0.6982015,0.88228506,0.8118275,0.06956094,0.82212645,0.903663,0.9338186,0.92358655,0.009220018,0.9254872,0.90431273,0.945363,0.92964804,0.013488803,0.9309878,0.62837654,0.74558836,0.6968,0.041881055,0.7006622,92.75268,95.613815,94.24319,1.2053163,94.42903,95.28368,96.69881,96.01789,0.5895128,96.16433,3.276067,4.92135,3.9595535,0.57734615,3.9382882,0.5830078,1.2460938,0.8461426,0.25775737,0.8186035,36,45,40.6,2.796823595120404,40.5,VEGF-A,81,Genie3,SolubleMPNN,16,non_binder,0.961998541355133,binder
2138585b-4765-5d43-8de7-9aa8807897fa,0.64242,0.73659,0.6927260000000001,0.03629103236338144,0.70025,0.74359,0.79487,0.76923,0.018130217869623058,0.76923,0.7584,0.9755,0.83912,0.0817670899567791,0.8258,6.3177,10.6165,7.859440000000001,1.7532306117564798,6.9107,0.0,0.4498204,0.18828133,0.2010204,0.16469546,0.0,0.6243074,0.2948196,0.31109962,0.28539032,0.0,0.6243074,0.2948196,0.31109962,0.28539032,0.0,0.4498204,0.18828133,0.2010204,0.16469546,0.4440281,0.7789165,0.66787636,0.1095229,0.690673,0.51060385,0.78495735,0.69969004,0.088732414,0.72068137,0.0,0.35176462,0.16474548,0.17060278,0.16207314,76.55812,95.433266,87.078094,8.397999,87.49481,72.660225,82.70746,77.90578,4.1642895,77.49301,12.328363,26.380323,18.714497,6.3442836,16.933788,1.9677734,17.484375,8.954785,7.0608225,7.131836,32,66,47.9,9.848293704438799,49.0,Latent GDF-8,83,RFdiffusion,SolubleMPNN,22,binder,0.7740664947032928,binder
21dbf836-677e-5f98-842a-6dfd35af4468,0.62988,0.82856,0.719489,0.07470650298185415,0.70103,0.44828,0.85185,0.724904,0.13094358532504663,0.7496799999999999,0.7446,2.2698,1.52243,0.7566107410316381,1.5217,1.6076,3.9906,2.86311,1.1201266262248113,2.92615,0.65694356,0.8939015,0.81692713,0.074282944,0.82889426,0.83953583,0.9044445,0.88257253,0.018850256,0.8845347,0.83953583,0.9434516,0.91140527,0.033816725,0.91640866,0.65694356,0.8939015,0.81692713,0.074282944,0.82889426,0.94921756,0.9788331,0.9678879,0.009631214,0.96891373,0.95528746,0.9802475,0.9707135,0.008238497,0.9710892,0.6102747,0.75319135,0.6978296,0.043870423,0.7058406,89.8992,93.271675,92.20924,1.0657121,92.37163,88.6183,90.029594,89.28267,0.4934722,89.13696,3.4682844,5.6715674,4.3116536,0.6903634,4.2530518,0.5083008,1.1621094,0.715625,0.20350535,0.6972656,43,57,49.6,5.125101625008683,50.5,TNFa,74,Genie3,SolubleMPNN,38,non_binder,0.9665042519569397,binder
21f197fc-487c-5746-960d-7feaf6f3e4fd,0.86619,0.91733,0.8973420000000001,0.021021317037711974,0.90393,0.69231,0.80769,0.761538,0.05014570490081878,0.76923,0.3258,0.4485,0.3771,0.045896786379876334,0.3741,0.617,0.9628,0.8263999999999999,0.14264716961790724,0.8812,0.8635627,0.9137381,0.88837034,0.018606272,0.8895845,0.9102578,0.9441647,0.9278226,0.012778175,0.92988557,0.9102578,0.9441647,0.9278226,0.012778175,0.92988557,0.8635627,0.9137381,0.88837034,0.018606272,0.8895845,0.94945097,0.96917236,0.9597131,0.007433624,0.9609564,0.95825195,0.97333986,0.9659422,0.005648142,0.9667203,0.76002777,0.80678594,0.7823403,0.017667595,0.7858333,95.862816,96.09969,95.97093,0.084884875,95.97099,96.70683,96.91296,96.82138,0.07760041,96.8358,2.5899708,3.2641866,2.9425502,0.25279367,2.9168417,0.43554688,0.5888672,0.50698245,0.057280928,0.4958496,30,34,32.0,1.5811388300841904,32.0,PD-L1,97,FreeBindCraft (BindCraft),SolubleMPNN,12,binder,0.9769505190849304,binder
223dc3f0-22d4-504d-99a4-a4b5a620fe50,0.9597,0.96909,0.9641120000000001,0.0035612596086216828,0.96398,1.0,1.0,1.0,0.0,1.0,0.4021,0.468,0.43232,0.027604383709838563,0.4341,1.3796,1.7141,1.51112,0.13925703572889953,1.5309,0.80394703,0.83464557,0.81651527,0.011205237,0.8139402,0.85154045,0.874652,0.85928077,0.0094077075,0.8548674,0.85154045,0.874652,0.85928077,0.0094077075,0.8548674,0.80394703,0.83464557,0.81651527,0.011205237,0.8139402,0.9126666,0.92806315,0.9189928,0.005616943,0.91766113,0.94568163,0.95382744,0.9481993,0.0034207033,0.9463192,0.760162,0.7761833,0.76676357,0.006731052,0.7652544,97.438614,97.53301,97.481415,0.041068003,97.49436,95.58306,95.942635,95.84654,0.14839706,95.90573,2.9691398,3.3080559,3.1470983,0.12400388,3.1728053,0.6948242,0.7817383,0.74052733,0.03633121,0.72802734,21,23,22.0,0.7071067811865476,22.0,TrkA,75,PXDesign,SolubleMPNN,17,non_binder,0.9770217823982239,binder
2266ce17-07bd-5de0-a4bc-7457c493d9f4,0.79382,0.81535,0.8031140000000001,0.008078714625483445,0.80083,0.73529,0.79412,0.7529399999999999,0.02631013492933857,0.73529,0.9461,1.0661,0.98816,0.04736647548636061,0.9716,1.569,1.9007,1.7555599999999998,0.11929800082147234,1.7736,0.8373265,0.8597868,0.85125476,0.009520096,0.8539141,0.93446213,0.9456987,0.9409391,0.0044379868,0.9425557,0.93446213,0.9456987,0.9409391,0.0044379868,0.9425557,0.8373265,0.8597868,0.85125476,0.009520096,0.8539141,0.9655935,0.97060376,0.9688026,0.0021110657,0.96968925,0.96877307,0.97281533,0.9708537,0.0018788096,0.97098595,0.74126923,0.7533838,0.74693966,0.005663463,0.743723,91.10075,91.95391,91.685135,0.35020992,91.84215,96.84636,97.27063,97.075134,0.16791505,97.05846,3.2427104,3.3380404,3.300326,0.03500255,3.3048785,0.5649414,0.6591797,0.62246096,0.039746813,0.6333008,49,52,50.8,1.303840481040529,51.0,MBP,80,PXDesign,SolubleMPNN,14,non_binder,0.9767453742027281,binder
22682b18-9b2a-5e91-a92f-1a4a51168619,0.01736,0.69175,0.337332,0.33355265377448284,0.32434999999999997,0.0,0.70833,0.322305,0.32174327523836627,0.290445,1.4462,31.0261,15.41967,14.676669975247563,13.84995,3.2574,48.2235,22.86693,20.93410270624625,17.88445,0.0,0.8777972,0.43442088,0.4579367,0.43100128,0.0,0.8953351,0.44706884,0.4645402,0.4578716,0.0,0.8953351,0.44708794,0.46452126,0.45796716,0.0,0.8777972,0.43442088,0.4579367,0.43100128,0.3411969,0.95345753,0.66579473,0.3025083,0.72490364,0.484787,0.94771147,0.7317425,0.22592454,0.77626514,0.0,0.722831,0.3663882,0.37136173,0.39359713,92.71029,96.96425,95.20308,1.7764919,95.50119,89.35173,97.2172,94.33876,3.1316464,94.911385,3.56354,25.809757,12.820192,10.206363,8.680032,0.6611328,18.25,8.315674,8.475855,4.683838,16,45,30.6,12.963195765105317,31.5,VEGF-A,96,RFdiffusion3,SolubleMPNN,19,non_binder,0.8037229561805724,binder
22883cdc-3088-52c3-827b-4d40546cc60b,0.08102,0.5523,0.179876,0.208232153809156,0.0883,0.0,0.64516,0.12903199999999998,0.28852432327275285,0.0,2.2785,8.1468,6.76958,2.5152595834227527,7.7808,5.4406,16.4728,13.7072,4.648946561856783,15.6001,0.3311694,0.5036069,0.41279584,0.077562064,0.40764686,0.4148246,0.59498364,0.50014937,0.081938095,0.51027095,0.4148246,0.59498364,0.50014937,0.081938095,0.51027095,0.3311694,0.5036069,0.41279584,0.077562064,0.40764686,0.55847585,0.72196656,0.63677883,0.07570193,0.6489806,0.7488908,0.8402921,0.7912658,0.04249176,0.79026353,0.4831474,0.6092813,0.54151887,0.058941606,0.53764325,87.1448,88.39768,88.030075,0.5085079,88.19496,84.445915,87.95819,86.225914,1.3157262,86.147484,5.056575,6.679221,5.8849993,0.7711024,5.9250607,1.6669922,2.8574219,2.2050781,0.48927876,2.0605469,31,38,34.2,2.5884358211089578,34.0,BBF-14,84,Proteina-Complexa,Caliby (SolubleCaliby),19,non_binder,0.6963289093971251,binder
2389c225-0660-4a79-a90c-71f6bf9d0554,0.60029,0.68005,0.639843,0.021568479599225882,0.6425799999999999,0.52542,0.66949,0.6005309999999999,0.04525505041183554,0.600845,1.6639,1.9451,1.83384,0.0907238569628861,1.8350499999999998,2.2469,2.8297,2.54619,0.1907545627821842,2.5603,0.71988946,0.9006976,0.82712823,0.07074665,0.8595724,0.86113507,0.92038065,0.8864263,0.01833477,0.88391155,0.86113507,0.9478644,0.9093603,0.03385335,0.9202815,0.71988946,0.9006976,0.82712823,0.07074665,0.8595724,0.95927227,0.9830987,0.9721115,0.008233041,0.9742297,0.96353865,0.9850044,0.9750007,0.0072045545,0.97693086,0.6509788,0.7627437,0.7121724,0.042114567,0.7249876,87.61299,91.26067,89.218185,1.3786734,89.16943,87.67542,90.14464,88.628006,0.7201215,88.34189,3.1197433,4.944933,4.043814,0.6748051,3.8774853,0.51171875,1.1806641,0.7739258,0.2580585,0.6813965,43,71,54.5,8.959786703810408,52.5,TNFa,80,PXDesign,SolubleMPNN,44,non_binder,0.9766299510002135,binder
23d571db-8a82-5782-9f1b-ed173e5f7035,0.7528,0.82618,0.7884439999999999,0.031837059066440146,0.78005,0.57143,0.75,0.65,0.07742804433795294,0.60714,0.7704,0.913,0.85686,0.06295993170263135,0.8823,1.4161,1.8507,1.6975200000000001,0.16925258343670863,1.7476,0.7875871,0.8444231,0.8185976,0.022669382,0.8137747,0.8203049,0.8612637,0.846241,0.017236982,0.85092956,0.8203049,0.8612637,0.846241,0.017236982,0.85092956,0.7875871,0.8444231,0.8185976,0.022669382,0.8137747,0.89625156,0.92716897,0.9138048,0.01224686,0.9136982,0.9367194,0.95428085,0.9458764,0.0068786163,0.9446782,0.7470036,0.78090036,0.7637763,0.013598094,0.76275414,95.19856,95.95288,95.69777,0.30652323,95.771835,94.89472,95.41112,95.19817,0.19746193,95.21016,2.809843,3.2727804,3.0471957,0.18720607,3.0645576,0.67822266,0.8120117,0.73476565,0.05794769,0.7285156,28,34,32.0,2.3452078799117153,33.0,TrkA,83,RFdiffusion3,SolubleMPNN,14,non_binder,0.9776289224624634,binder
2410b2e6-35eb-4bbb-8207-83faa00a4c23,0.25719,0.31146,0.27759999999999996,0.022704480835288903,0.26956,0.0,0.0,0.0,0.0,0.0,2.9692,3.9651,3.52624,0.4340330206332233,3.6328,5.1555,6.4363,5.89414,0.5048333863761388,5.8505,0.0,0.6857121,0.24423285,0.2838518,0.14804271,0.0,0.701426,0.26266107,0.2971357,0.16202533,0.0,0.8528374,0.35401028,0.38192064,0.27993876,0.0,0.6857121,0.2443778,0.28371945,0.14876747,0.80110973,0.96027374,0.86550885,0.06479398,0.8482566,0.84973574,0.96680635,0.89482164,0.046909407,0.88000417,0.0,0.6120656,0.25900474,0.25587788,0.20209888,78.17872,87.41297,83.208694,4.301906,83.531624,87.85586,88.79771,88.29787,0.34093451,88.37699,4.879425,19.453363,12.247559,6.003189,12.017429,1.1767578,12.2890625,6.4030275,4.682111,6.0214844,12,26,18.7,3.8887301554906357,18.5,TNFa,79,RFdiffusion,SolubleMPNN,25,non_binder,0.566656665802002,binder
24719866-84e4-5286-82c3-4d97a1e75745,0.01449,0.92363,0.44961700000000004,0.4589977807511104,0.43785,0.0,0.83333,0.36666699999999997,0.39126256538004983,0.333335,0.3339,17.0399,8.658339999999999,8.715892175815648,8.5919,0.8468,44.1353,22.52084,22.61318461680658,22.4415,0.012174016,0.86315876,0.42264518,0.42216787,0.40860972,0.012457624,0.9226579,0.47548747,0.46236217,0.51614064,0.012174016,0.86315876,0.42962018,0.4158967,0.43860334,0.01239763,0.9226579,0.46851245,0.46877003,0.48614702,0.7389891,0.97372645,0.8687873,0.109536014,0.89741564,0.72016716,0.8572482,0.7946387,0.050547216,0.8191737,0.09347289,0.7945376,0.44227728,0.3395279,0.44152883,82.35448,89.73115,86.27262,3.2889268,86.4928,76.53409,83.0577,78.80988,2.5898635,77.5606,5.405136,19.43792,12.063936,5.900681,11.052271,0.36035156,7.7890625,3.5849853,3.4243176,2.8969727,42,54,47.9,3.604010112206802,49.0,RBX1,67,PXDesign,SolubleMPNN,23,non_binder,0.8861077857017516,binder
2471a44f-f779-50ad-85e7-49011be014ed,0.34901,0.38568,0.367414,0.013731901907601875,0.3655,0.5,0.5,0.5,0.0,0.5,1.5027,1.6248,1.5628600000000001,0.04652889424862794,1.551,18.5368,29.5886,23.62154,4.657697582819219,21.3911,0.0,0.0,0.0,0.0,0.0,0.0,0.0,0.0,0.0,0.0,0.0,0.0,0.0,0.0,0.0,0.0,0.0,0.0,0.0,0.0,0.461396,0.66810834,0.5845765,0.06266289,0.58434176,0.51527536,0.72082233,0.6361318,0.06308534,0.6434696,0.0,0.005859375,0.0009765625,0.002109616,0.0,66.0276,88.037415,80.538765,8.241251,83.11047,72.24649,82.31679,77.520805,4.0262556,78.12716,22.415745,28.999874,25.44754,2.8119886,25.032911,11.9296875,22.359375,16.4875,4.4595184,15.402344,11,39,21.9,9.21894185299424,19.5,Latent GDF-8,70,RFdiffusion,SolubleMPNN,21,non_binder,0.3092380112409591,non_binder
24a04aeb-f53f-57d2-a461-f1230e9ac098,0.44059,0.62895,0.511628,0.07848040851065953,0.47607,0.28571,0.42857,0.35714,0.07143,0.35714,1.3985,2.1807,1.8660800000000002,0.31032865964973305,1.9548,2.4499,5.3682,4.5090200000000005,1.2444037797274643,5.2175,0.69670576,0.8200737,0.75724316,0.055217125,0.7446775,0.7305265,0.8805114,0.82344353,0.068506666,0.85586816,0.69670576,0.8200737,0.75724316,0.055217125,0.7446775,0.7305265,0.8805114,0.82344353,0.068506666,0.85586816,0.9053163,0.9631136,0.94165486,0.026343768,0.95474726,0.8757362,0.9389157,0.9134461,0.024940692,0.91747445,0.64832926,0.71579325,0.67911756,0.03249682,0.66016906,93.347984,95.53344,94.38985,0.9190783,94.07786,82.39017,85.67784,84.15654,1.4955021,84.53144,3.9765124,5.481536,4.6347346,0.6298172,4.7029643,0.5263672,0.8535156,0.66074216,0.14050516,0.6352539,12,24,18.4,4.277849927241487,19.0,TREM2,71,PXDesign,SolubleMPNN,7,binder,0.8661530649662017,binder
24b0f5a7-fc88-554f-9731-e5e56fc37aee,0.58044,0.83872,0.725608,0.09396865525269586,0.72741,0.45714,0.62857,0.52,0.06515335141034571,0.51429,0.5138,2.2128,1.08164,0.6585784296498026,0.9134,0.7349,2.1328,1.3738800000000002,0.5171408966616352,1.3504,0.38151273,0.7352206,0.49368852,0.142685,0.451328,0.51312244,0.80354846,0.6192634,0.113310315,0.5744154,0.51312244,0.80354846,0.6192634,0.113310315,0.5744154,0.38151273,0.7352206,0.49368852,0.142685,0.451328,0.66116804,0.8834694,0.7461295,0.086139515,0.713413,0.79295015,0.9259069,0.83793133,0.053438764,0.8230728,0.5264048,0.73238724,0.596986,0.08182378,0.5784534,85.75588,88.07416,86.94962,0.83760625,86.875534,91.01051,92.667366,91.659966,0.6843375,91.75012,3.4758945,6.4012785,5.314868,1.1526703,5.4752727,0.9760742,2.0976562,1.6200196,0.418821,1.7216797,29,34,31.4,2.4083189157584592,30.0,TrkA,83,RFdiffusion3,SolubleMPNN,36,non_binder,0.9425457596778869,binder
24bc1724-f301-5b98-8815-ef4c57dc43d3,0.78394,0.9042,0.866972,0.050967067504419,0.89747,0.77778,0.88889,0.8444459999999999,0.06085745336439896,0.88889,0.5375,1.0282,0.68416,0.19672420542475194,0.6061,2.0728,2.9315,2.31098,0.3510789540829812,2.1946,0.7087658,0.77630997,0.73582333,0.026348066,0.72620374,0.717731,0.7890294,0.74497896,0.028103648,0.73710144,0.717731,0.7890294,0.743923,0.029039523,0.73710144,0.7087658,0.77630997,0.7368793,0.025731767,0.72683287,0.8791989,0.9126229,0.8933285,0.012697223,0.8883529,0.9139377,0.9304638,0.92073184,0.006559527,0.9177306,0.6246551,0.6727417,0.64289504,0.01958585,0.63629156,95.36354,96.109726,95.73195,0.3022299,95.61951,95.51331,95.7866,95.67552,0.12157816,95.73419,4.240769,4.9188457,4.6519356,0.2731039,4.74332,0.86279297,1.2421875,1.0756836,0.14765725,1.1289062,47,53,49.8,2.1679483388678795,50.0,IL-7Ra,95,RFdiffusion,SolubleMPNN,24,binder,0.9669673466682434,binder
24bfdd90-3802-5cac-b3ed-b5f18bd129a7,0.76193,0.81265,0.792802,0.02038480978572034,0.79082,0.55556,0.61111,0.5777800000000001,0.030425988069411988,0.55556,0.6154,0.8245,0.67534,0.08497969169160365,0.6406,1.4102,1.6826,1.5013200000000002,0.11163358365653238,1.4715,0.75661933,0.7826538,0.7701562,0.011561435,0.7693025,0.9279213,0.93053585,0.9294033,0.0010958263,0.9292143,0.75661933,0.7826538,0.7701562,0.011561435,0.7693025,0.9279213,0.93053585,0.9294033,0.0010958263,0.9292143,0.97693753,0.97792023,0.97749174,0.00039893185,0.9774666,0.8695208,0.90894514,0.8893924,0.01562187,0.8899296,0.6889532,0.70300514,0.6933907,0.00590822,0.69018227,95.5135,96.040726,95.731094,0.23890613,95.589615,81.45439,85.306725,83.56224,1.4707105,84.0384,4.7474685,5.8925037,5.3878927,0.46489424,5.564245,0.40649414,0.43310547,0.41831055,0.009693028,0.4182129,15,17,15.6,0.8944271909999161,15.0,TREM2,76,RFdiffusion3,SolubleMPNN,12,binder,0.9655267763137817,binder
251ad2cb-aeee-5a88-9d25-f296da99a2c8,0.8894,0.93447,0.907964,0.02151067246740557,0.8989,1.0,1.0,1.0,0.0,1.0,0.6016,0.8015,0.70432,0.08507021805543936,0.7199,2.1096,3.2118,2.7295000000000003,0.5058675567774633,2.9841,0.72168064,0.76080024,0.7449817,0.016693767,0.7458525,0.777794,0.8039671,0.79201496,0.01134336,0.7935757,0.777794,0.8039671,0.79201496,0.01134336,0.7935757,0.72168064,0.76080024,0.7449817,0.016693767,0.7458525,0.8965336,0.9146578,0.9071368,0.007770035,0.9071881,0.92034036,0.9318618,0.9270264,0.004638104,0.92887336,0.62660486,0.65561616,0.64118975,0.011289595,0.64083457,94.53566,94.90987,94.697975,0.17603298,94.62305,96.29815,96.47556,96.35951,0.070534244,96.33623,4.5203695,5.1714206,4.8458276,0.25572285,4.900222,0.8852539,1.0097656,0.9616211,0.05682826,0.99365234,29,31,30.0,0.7071067811865476,30.0,IL-7Ra,82,FreeBindCraft (BindCraft),SolubleMPNN,20,binder,0.9696428751945495,binder
259d3571-3dff-5f08-9cc9-087ffcf26887,0.79902,0.86202,0.828726,0.02327422351014104,0.82865,0.85714,1.0,0.914284,0.05976262569532901,0.92857,1.0327,1.1562,1.1049,0.04588142325604126,1.1127,2.128,2.6299,2.44158,0.20085299848396582,2.5432,0.72684413,0.78715616,0.7553865,0.025999423,0.7462028,0.8271171,0.862383,0.8442813,0.014114473,0.8490768,0.72684413,0.78715616,0.7553865,0.025999423,0.7462028,0.8271171,0.862383,0.8442813,0.014114473,0.8490768,0.9462885,0.9590323,0.9526371,0.0050547766,0.9542116,0.85021985,0.92415696,0.8934267,0.029563846,0.8921814,0.6571928,0.6909052,0.6791159,0.014789257,0.68740606,95.306404,96.03394,95.73773,0.26705915,95.77997,83.61908,86.523605,84.650734,1.3702881,83.76446,4.477403,6.3023076,5.2382016,0.73801553,5.21664,0.45532227,0.53759766,0.4930664,0.038727123,0.4711914,38,42,40.6,1.6733200530681507,41.0,TREM2,67,Genie3,SolubleMPNN,16,non_binder,0.9632928466796874,binder
25bd4709-a2b9-5396-8397-b5f319774889,0.30988,0.39057,0.35137199999999996,0.035830115405898415,0.36948,0.33333,0.51515,0.41212,0.06976235410305474,0.42424,1.9125,2.353,2.2029,0.17152246208587374,2.2326,9.7405,15.246,12.58718,2.2823481147712763,13.4542,0.0,0.20067208,0.080678985,0.08892484,0.054996062,0.0,0.48932427,0.215133,0.22961403,0.16164504,0.0,0.48932427,0.215133,0.22961403,0.16164504,0.0,0.20067208,0.080678985,0.08892484,0.054996062,0.43300644,0.7973232,0.67776775,0.11362813,0.7000592,0.50897175,0.8101848,0.71058106,0.091953814,0.7302176,0.0,0.28014022,0.12555455,0.12044956,0.113054395,71.27101,91.21193,81.652855,9.593367,82.07269,74.01156,82.48019,78.26791,3.488804,78.384476,13.605196,27.496578,19.065731,5.2874546,18.288017,3.8945312,19.328125,9.10039,5.376643,7.8125,37,50,42.8,4.077035960378843,42.5,Latent GDF-8,68,RFdiffusion3,SolubleMPNN,16,binder,0.6130281710624694,binder
25f18261-82e3-56e3-b15b-d775b60e41f4,0.26737,0.36899,0.328862,0.04011810526433171,0.33689,0.27273,0.40909,0.336364,0.0518257969547985,0.31818,2.2806,4.0387,3.08688,0.7530493954582264,3.1733,8.727,11.2666,9.598400000000002,1.0246585772831844,9.3002,0.46439388,0.52466804,0.49773964,0.02968676,0.5140307,0.5683675,0.6437804,0.60730916,0.034738358,0.6228692,0.5683675,0.6437804,0.60730916,0.034738358,0.6228692,0.46439388,0.52466804,0.49773964,0.02968676,0.5140307,0.76323956,0.804645,0.78596294,0.0203998,0.79722345,0.89553165,0.90920705,0.90197,0.0059163594,0.9042347,0.53312504,0.575255,0.5570115,0.018884394,0.56658596,93.4726,94.00368,93.72868,0.23245405,93.8241,95.84416,96.131424,95.9326,0.117940255,95.88542,5.544018,6.1308107,5.7911744,0.25105503,5.659397,1.6181641,1.8818359,1.7496094,0.109718,1.7148438,30,41,36.4,4.159326868617084,36.0,IL-7Ra,75,RFdiffusion3,SolubleMPNN,14,non_binder,0.7772212398052215,binder
26066980-b929-5ca7-8a2d-e4c1968f3160,0.68106,0.7288,0.702144,0.01632808160467386,0.706715,0.8,0.93103,0.874827,0.04413015649442249,0.89655,2.166,2.5239,2.31403,0.11733860830945625,2.2707,2.0552,2.5756,2.2392,0.17001941065654835,2.26735,0.34034276,0.67090005,0.52767336,0.1131447,0.5440379,0.57679904,0.7106513,0.6533287,0.044399638,0.656416,0.57679904,0.8247264,0.72149444,0.08667298,0.73019063,0.34034276,0.67090005,0.52767336,0.1131447,0.5440379,0.89170855,0.9452912,0.9212329,0.015771601,0.92330694,0.9144149,0.9525887,0.93436706,0.011070443,0.93528473,0.3586521,0.5747088,0.47933236,0.06800329,0.4921368,82.80745,88.55598,85.6617,2.355007,85.36247,88.41083,89.880974,89.18014,0.47597986,89.28297,5.7987933,8.7269945,7.187031,0.918329,7.065322,1.3925781,3.46875,2.2175782,0.7202922,2.072754,23,40,31.2,4.9396356140913875,31.5,TNFa,115,RFdiffusion,SolubleMPNN,17,non_binder,0.9552522420883178,binder
2638ef1a-3af7-5608-934f-4f38e80bac24,0.56201,0.78029,0.655017,0.07900257225770146,0.61877,0.41379,0.81579,0.660391,0.12533399755586408,0.700095,0.6766,2.5315,1.6787599999999998,0.7327124692992925,1.81985,2.8106,5.3581,4.0407399999999996,0.8993559562264543,3.98475,0.0,0.7101625,0.3569774,0.29530013,0.40452623,0.0,0.7371482,0.4332921,0.27783686,0.5771134,0.0,0.87241775,0.52305716,0.35722095,0.6829388,0.0,0.7101625,0.3569774,0.29530013,0.40452623,0.81119466,0.9630888,0.90542334,0.0571552,0.9303396,0.85829747,0.9683352,0.9265148,0.040665764,0.94411945,0.02896013,0.65428543,0.3787641,0.25685096,0.47082484,84.55204,90.79139,87.92729,2.5447533,88.51927,87.28506,88.95515,88.02559,0.45537814,88.029495,4.6116576,18.447834,9.204043,5.002112,6.9549904,0.9707031,10.9140625,4.41084,3.8643332,2.590332,23,45,35.7,7.454305243727725,37.5,TNFa,76,RFdiffusion3,SolubleMPNN,24,non_binder,0.9228883004188537,binder
26d22720-d0d0-5b01-a606-afd711d43c54,0.87689,0.95696,0.90323,0.0326411726198677,0.89412,0.83333,1.0,0.9,0.06972366097674446,0.91667,0.5477,0.7534,0.67892,0.07838409915282564,0.687,0.9159,1.5664,1.18678,0.24754975661470563,1.117,0.17587051,0.21755116,0.19700135,0.017424751,0.18990816,0.20210004,0.26610783,0.23697996,0.026365535,0.22952877,0.20210004,0.26610783,0.23697996,0.026365535,0.22952877,0.17587051,0.21755116,0.19700135,0.017424751,0.18990816,0.33338654,0.40175295,0.36816493,0.029269313,0.3567757,0.62884283,0.6685734,0.6490647,0.017175721,0.6466034,0.23080303,0.3132813,0.27716592,0.03417501,0.26942748,95.03291,95.67045,95.27108,0.24934037,95.219765,89.77549,90.53754,90.14778,0.3379279,90.0915,8.830148,10.048919,9.366522,0.49324766,9.474943,4.9726562,5.9296875,5.4257812,0.39849493,5.5,16,23,20.0,3.082207001484488,20.0,BBF-14,90,PXDesign,SolubleMPNN,8,non_binder,0.9514160561561584,binder
2724480a-f61d-5952-8df2-fa08f8db0995,0.22003,0.5065,0.31911999999999996,0.11453226859710758,0.27804,0.0,0.5,0.1,0.22360679774997896,0.0,2.8218,4.2846,3.5738999999999996,0.6356070248195816,3.6854,3.7772,7.6746,5.60724,1.6227717732324531,5.6706,0.1454521,0.28107327,0.20368536,0.05312345,0.20041314,0.20875877,0.417988,0.308851,0.083396465,0.3292253,0.20875877,0.417988,0.308851,0.083396465,0.3292253,0.1454521,0.28107327,0.20368536,0.05312345,0.20041314,0.33625585,0.53921413,0.43138343,0.07972685,0.44545147,0.67171705,0.77139026,0.71895206,0.04069092,0.7188805,0.27798626,0.5164157,0.3980704,0.09571144,0.42478174,86.1036,88.35075,86.94847,0.94481736,86.51003,83.42413,86.932076,85.618126,1.3780981,85.78977,5.9225364,8.90284,7.392038,1.201851,7.0348973,2.3789062,3.7480469,3.0484376,0.5192364,2.9023438,21,38,31.8,6.723094525588645,34.0,BBF-14,68,Genie3,SolubleMPNN,21,non_binder,0.3780269980430603,non_binder
27d47084-b758-506e-b900-ed837f96155e,0.01462,0.01497,0.014838,0.00013736811857196048,0.01483,0.0,0.0,0.0,0.0,0.0,14.8001,15.022,14.86302,0.09569799893414786,14.8081,44.809,45.4473,45.02025999999999,0.25890126110160244,44.893,0.2881322,0.6710303,0.45159444,0.14855504,0.4764874,0.39142588,0.7307182,0.569527,0.13116287,0.6163335,0.39142588,0.7307182,0.569527,0.13116287,0.6163335,0.2881322,0.6710303,0.45159444,0.14855504,0.4764874,0.5253295,0.847597,0.6899693,0.12306368,0.72883487,0.7956888,0.91938686,0.8536207,0.047846626,0.8640371,0.49445632,0.70639914,0.60380536,0.08237555,0.6325109,91.15781,93.56965,92.49935,0.87848884,92.57814,93.89802,95.007256,94.60784,0.41793814,94.70596,3.7423441,6.2914305,4.948863,0.99406356,4.583241,1.1992188,3.1542969,2.1335938,0.7975256,1.8388672,39,47,44.0,3.1622776601683786,45.0,PD-L1,77,RFdiffusion,SolubleMPNN,23,non_binder,0.7485781776905059,binder
27d6215e-4847-5c17-8899-7276b4e27c83,0.76903,0.88304,0.844482,0.043734400304565726,0.85843,0.61538,0.80769,0.746152,0.07497670251484792,0.76923,0.5301,0.9076,0.72726,0.14111421969454388,0.7,0.8146,1.7415,1.21526,0.3453115737996629,1.1547,0.85201323,0.9029637,0.8812965,0.019631395,0.88248616,0.8621613,0.91428816,0.89169455,0.019751212,0.8928598,0.8621613,0.91428816,0.89169455,0.019751212,0.8928598,0.85201323,0.9029637,0.8812965,0.019631395,0.88248616,0.9306671,0.95622015,0.94550455,0.009853392,0.9462001,0.95852137,0.9715703,0.96589553,0.005130989,0.9657537,0.7382234,0.7919661,0.7676846,0.020314569,0.76503974,93.32175,94.071686,93.68019,0.34915993,93.72569,93.52055,94.10819,93.84321,0.2385224,93.79685,2.5929828,3.3799586,2.9463804,0.29278076,2.9796534,0.48950195,0.6875,0.6015137,0.07833651,0.60302734,41,44,42.6,1.1401754250991376,43.0,PD-L1,92,FoldCraft,SolubleMPNN,11,non_binder,0.9745695066452025,binder
27da1674-30ab-5d0e-a389-b217eb5437c5,0.0187,0.13213,0.052722000000000005,0.04405733683382246,0.028220000000000002,0.0,0.0,0.0,0.0,0.0,7.3998,19.3486,14.35884,4.575183995377187,15.9845,11.3762,36.9986,25.556350000000002,9.308331209340253,29.6055,0.0,0.16187958,0.05570086,0.0695585,0.01074631,0.0,0.31250077,0.09205767,0.117583394,0.016406879,0.0,0.31250077,0.112663664,0.14060244,0.01074631,0.0,0.16187958,0.06223917,0.06580862,0.03937732,0.7535969,0.88650656,0.8109993,0.04609772,0.8145377,0.80610627,0.9136769,0.8532506,0.037471708,0.8569175,0.0,0.25237462,0.12121911,0.08927624,0.11653839,80.44428,86.68274,83.51278,2.2224784,83.16718,87.88071,90.10788,88.88473,0.73103875,88.87251,10.663893,23.90148,14.4585085,3.9871132,14.0653515,3.3828125,15.8515625,7.8861327,3.6862957,7.267578,15,43,29.6,9.640193635676274,27.5,TNFa,70,Genie3,SolubleMPNN,17,non_binder,0.5228055453300475,binder
28b4db44-e64a-5b58-a2ef-9825cb336aba,0.23613,0.38953,0.31486200000000003,0.05449864374459238,0.31523,0.11111,0.27778,0.222222,0.06804274259610647,0.22222,2.6089,3.8091,3.25122,0.46697604542417365,3.1773,5.592,9.1535,7.90048,1.3591800679085906,8.3109,0.011422253,0.19056088,0.06767798,0.07403517,0.04725434,0.013244551,0.2819066,0.12453097,0.101717316,0.1329154,0.013244551,0.2819066,0.12453097,0.101717316,0.1329154,0.011422253,0.19056088,0.06767798,0.07403517,0.04725434,0.18392771,0.41791552,0.26979512,0.0902662,0.26612434,0.55911684,0.6638213,0.59792596,0.040009145,0.58373654,0.11181973,0.3393489,0.18889327,0.08921014,0.17157686,84.78343,86.59235,85.792274,0.8215798,86.1791,82.810425,83.88227,83.44381,0.42841363,83.424835,8.267017,13.181101,11.130299,1.8578995,11.024935,3.7363281,7.2421875,5.714453,1.3226279,5.6210938,16,39,32.0,9.219544457292887,35.0,BBF-14,90,PXDesign,SolubleMPNN,12,non_binder,0.48370079517364495,non_binder
28bb2e69-71b0-531e-b630-57a07f5233bd,0.56568,0.6814,0.620827,0.03872955146482681,0.62215,0.59615,0.71233,0.646337,0.03763252672592924,0.646075,1.8083,2.8547,2.33112,0.4850401353381892,2.3266,1.5868,3.3934,2.64041,0.7131989179433431,2.72815,0.553109,0.92427653,0.77210563,0.15621193,0.80920875,0.74052966,0.92642504,0.85074216,0.07596456,0.8669311,0.74052966,0.9482126,0.86045283,0.08569311,0.87920356,0.553109,0.92427653,0.77210563,0.15621193,0.80920875,0.93905526,0.9841676,0.96534634,0.017071227,0.9677371,0.9486955,0.98566324,0.9697794,0.013766686,0.97109085,0.5150856,0.76137996,0.65719897,0.10281683,0.6737521,83.06209,90.801056,87.01868,3.4804227,87.20914,88.267654,89.83698,89.223274,0.5248858,89.462616,3.04933,6.5395937,4.5940084,1.3837593,4.448389,0.5341797,1.9160156,1.0757812,0.5695512,0.8959961,60,84,70.9,8.543353491977777,70.0,TNFa,91,RFdiffusion3,SolubleMPNN,25,non_binder,0.953792746067047,binder
28e51648-37f9-50a2-b682-debdb5713f6f,0.02933,0.8628,0.492326,0.42228430266823797,0.73888,0.0,0.8,0.4,0.3741657386773941,0.6,0.7279,16.4438,7.015219999999999,8.443883551541909,1.0688,0.9366,28.8772,11.778699999999999,14.316437758744318,1.88,0.0114608025,0.22367594,0.12963098,0.10901772,0.17747326,0.012385539,0.27952355,0.15149954,0.13039966,0.19604796,0.0114608025,0.27952355,0.15131459,0.13064672,0.19604796,0.012385539,0.22367594,0.12981594,0.10876763,0.17747326,0.13358529,0.47826976,0.3328591,0.1707347,0.41073155,0.68792474,0.79445535,0.7499562,0.051507298,0.7733042,0.085904405,0.29674175,0.20897028,0.09718572,0.24584118,86.50608,91.36238,89.08187,2.311423,90.00045,93.580154,95.15885,94.47786,0.7413459,94.82611,9.0890465,19.491886,13.269194,5.1143904,10.206045,3.6972656,8.7109375,5.654297,2.391622,4.2265625,11,20,16.6,4.277849927241487,19.0,IL-7Ra,89,RFdiffusion3,SolubleMPNN,17,non_binder,0.7796690762042999,binder
290e4368-81d8-5c48-83d8-691d9941c776,0.66396,0.79284,0.7269680000000001,0.056504803955062126,0.74282,0.22727,0.54545,0.418182,0.1176567708208924,0.45455,0.6256,1.0951,0.77728,0.1899677525265801,0.7506,1.0154,1.8095,1.34016,0.2980742407521993,1.317,0.5634726,0.68371314,0.6395486,0.051709622,0.66528386,0.63014776,0.7235194,0.6825685,0.036656234,0.6762093,0.63014776,0.7108535,0.6717732,0.028908843,0.6762093,0.5634726,0.7235194,0.65034384,0.06365163,0.6721126,0.910223,0.95385826,0.93474656,0.017506188,0.94213784,0.6438325,0.7933994,0.731623,0.07409558,0.7717706,0.37317243,0.546754,0.45705733,0.07639823,0.4276605,89.018036,90.44794,89.53098,0.56371003,89.38875,86.96254,89.85296,88.15856,1.4427217,87.20803,8.5380335,13.382104,10.560259,2.291679,9.379534,1.21875,1.8261719,1.4558594,0.2367851,1.4472656,10,37,23.0,11.937336386313323,28.0,EGFR,80,PXDesign,SolubleMPNN,10,non_binder,0.9242642664909363,binder
2932e568-2be1-5626-8889-4f4b9c4b8e3d,0.85931,0.9012,0.8764879999999999,0.015325481069121488,0.87541,0.84,0.88,0.8720000000000001,0.017888543819998326,0.88,0.6722,0.8854,0.8239000000000001,0.08646294003791448,0.853,0.7917,1.0441,0.8726200000000001,0.10364119354773951,0.8176,0.9005253,0.91595054,0.9073127,0.0055979965,0.9073982,0.92979664,0.94250184,0.93626803,0.004528757,0.9361593,0.92979664,0.94250184,0.93626803,0.004528757,0.9361593,0.9005253,0.91595054,0.9073127,0.0055979965,0.9073982,0.9561724,0.9641249,0.9601386,0.0028376319,0.96002626,0.9673634,0.97412705,0.970973,0.0024231882,0.9711998,0.734126,0.75255716,0.74371064,0.006551744,0.7439831,96.348816,96.57843,96.4808,0.083564125,96.498375,94.869545,95.063065,95.00346,0.07700595,95.020935,3.2581427,3.5739806,3.404866,0.11319959,3.398543,0.36791992,0.38916016,0.38154298,0.008372991,0.38256836,63,69,66.8,2.2803508501982765,67.0,BHRF1,109,Proteina-Complexa,designed jointly by the structure model (native co-design),10,non_binder,0.9822487711906432,binder
29a3b96c-695e-5efc-a54b-f014322427da,0.65051,0.81552,0.740453,0.0583873001887682,0.7264999999999999,0.56522,0.71739,0.661956,0.05311165936025729,0.6793450000000001,0.6692,1.8192,1.18448,0.44349462178876026,1.143,1.3914,3.445,2.2853000000000003,0.6553253933055785,2.26485,0.5747738,0.7921812,0.7107862,0.07789053,0.7292123,0.68777937,0.7985571,0.7632229,0.032295253,0.7728797,0.68777937,0.83742565,0.78201973,0.048328385,0.7885364,0.5747738,0.7921812,0.7107862,0.07789053,0.7292123,0.8449525,0.89184403,0.8779176,0.013872781,0.8783562,0.86254996,0.9111331,0.8953906,0.014167224,0.8983189,0.5431647,0.6529793,0.6133327,0.033448417,0.6190188,93.27295,94.63379,93.953575,0.4401987,93.98759,95.085976,95.62001,95.40129,0.15609312,95.44107,4.363422,6.0063596,4.9760795,0.519218,4.9425373,0.5234375,1.1240234,0.74423826,0.21682459,0.6972656,49,61,54.8,3.3598941782277745,55.0,VEGF-A,96,Proteina-Complexa,SolubleMPNN,25,binder,0.9701995468139647,binder
29e9014d-ac3b-532f-af7f-df37e4458f91,0.00854,0.31881,0.191394,0.15020593013888928,0.29059500000000005,0.0,0.0,0.0,0.0,0.0,9.8125,29.7965,16.28487,8.392043786037927,9.9626,2.2672,55.2693,17.695240000000002,20.23395266247085,3.56,0.0,0.73781085,0.40654856,0.34983778,0.61177623,0.0,0.8807244,0.50199276,0.43082199,0.78635985,0.0,0.8938093,0.5168238,0.44070652,0.82282096,0.0,0.73781085,0.40657178,0.3498086,0.61177623,0.6227603,0.9654559,0.84209365,0.15568234,0.958971,0.70351535,0.97020257,0.87381333,0.12129929,0.96491545,0.0,0.6773845,0.3872339,0.31220973,0.594308,59.08847,81.6423,71.162636,8.480201,72.52515,84.8541,88.35715,86.85215,1.3235414,86.82646,4.3110085,23.549845,10.580361,7.34985,5.612611,0.9453125,18.53125,5.7618165,6.5081325,1.3457031,24,75,47.7,14.974422637729088,48.5,TNFa,75,RFdiffusion,SolubleMPNN,30,non_binder,0.736765056848526,binder
2a2439d8-9e55-5bad-894f-501b1494b513,0.88223,0.9055,0.894688,0.008891432393039966,0.8945,0.77778,0.88889,0.8333320000000001,0.03928331732427898,0.83333,0.5172,0.6675,0.5643,0.06180218442741324,0.5412,0.8793,1.7377,1.32278,0.3488670979040586,1.3523,0.7996317,0.8211741,0.8126353,0.008953749,0.8166548,0.84149975,0.8639719,0.85310936,0.0079858145,0.8530006,0.84149975,0.8639719,0.85310936,0.0079858145,0.8530006,0.7996317,0.8211741,0.8126353,0.008953749,0.8166548,0.93000966,0.9389179,0.9354745,0.0037059619,0.937226,0.94078887,0.948368,0.94613314,0.0030444183,0.94701326,0.68588746,0.7055346,0.69859433,0.0075671324,0.70088977,95.45639,95.618774,95.53327,0.07007629,95.55581,96.266335,96.37129,96.31062,0.041215654,96.314606,3.804739,4.070581,3.89232,0.10402128,3.8661094,0.7651367,0.828125,0.79355466,0.025590317,0.78271484,40,45,42.8,1.9235384061671352,43.0,IL-7Ra,85,PXDesign,SolubleMPNN,12,non_binder,0.9788957738876343,binder
2a3c32f1-a215-5a9e-92c2-66a10026ee0b,0.50715,0.81602,0.666144,0.13132302922353137,0.66955,0.44706,0.71875,0.592022,0.08915339524911225,0.594855,0.7424,2.2709,1.50423,0.6775759359658517,1.5111999999999999,1.7315,4.6372,3.20657,1.3412749449269858,3.2805,0.59840107,0.7998256,0.70129895,0.07565416,0.7053274,0.75131273,0.834912,0.8007989,0.029240374,0.8115295,0.792333,0.9148956,0.8578607,0.045100644,0.85809547,0.59840107,0.7998256,0.70129895,0.07565416,0.7053274,0.9490152,0.97001463,0.9581579,0.0072447634,0.95777327,0.9539916,0.97258633,0.9625784,0.006251665,0.96198547,0.5875941,0.68592286,0.6340788,0.03584394,0.6255188,85.49653,90.54138,87.7715,1.97513,87.80846,87.780655,88.806274,88.2307,0.2739105,88.182526,4.294008,5.79625,5.147789,0.54349685,5.19108,0.77783203,1.5214844,1.0688965,0.23910125,1.064209,41,52,47.2,3.190262963734776,47.5,TNFa,74,Genie3,SolubleMPNN,39,non_binder,0.9533180856704712,binder
2a82fe83-bbbb-5726-a8e9-ec5b776b85d6,0.8637,0.8959,0.881212,0.014675032197579667,0.88445,0.84848,0.87879,0.854542,0.0135550440796037,0.84848,0.6427,0.8527,0.74684,0.09865616047667776,0.7741,0.619,1.0523,0.9151999999999999,0.17094246107974462,0.9812,0.9449764,0.95726347,0.9500661,0.0048750206,0.95073557,0.95471036,0.9688444,0.9608928,0.005961174,0.9624605,0.95471036,0.9688444,0.9608928,0.005961174,0.9624605,0.9449764,0.95726347,0.9500661,0.0048750206,0.95073557,0.9803627,0.9850553,0.9823774,0.0018107897,0.9826103,0.9823235,0.9874911,0.98444843,0.0021217393,0.9849106,0.8096844,0.83844334,0.82100123,0.011764225,0.8203927,96.076035,96.42507,96.21719,0.13673012,96.16218,95.06355,95.60018,95.226,0.2263442,95.12451,2.1156719,2.5898764,2.3780506,0.17890583,2.3733914,0.29736328,0.33618164,0.31679687,0.014551068,0.31298828,69,72,70.4,1.1401754250991387,70.0,BHRF1,86,BoltzGen,SolubleMPNN,16,binder,0.9828177094459533,binder
2a84f128-d4d4-5c6b-830c-2aad6dfc68df,0.5969,0.89954,0.719495,0.10424421841148901,0.690075,0.59091,0.95455,0.7477280000000001,0.09230792608317974,0.7386349999999999,0.6782,2.3929,1.4312,0.6972120209966423,1.4616,2.6102,4.4875,3.6002099999999997,0.7403388720339112,3.56475,0.3820021,0.85212684,0.6817538,0.151042,0.73504186,0.5760519,0.8556217,0.7629477,0.08241316,0.79350865,0.5760519,0.9179256,0.7986301,0.110109,0.8391818,0.3820021,0.85212684,0.6817538,0.151042,0.73504186,0.8974717,0.96987087,0.94394433,0.020731604,0.949703,0.9169809,0.9734943,0.95191926,0.015614776,0.9551549,0.38484067,0.68977195,0.57894146,0.0921816,0.6086161,83.578636,90.48931,87.122826,2.6127,87.64316,87.55212,88.744095,88.14,0.35463718,88.10013,4.2426124,8.59589,6.011375,1.262717,5.70096,0.7163086,2.7949219,1.4334961,0.736366,1.0830078,40,67,53.6,8.01664934163062,52.5,TNFa,115,RFdiffusion,SolubleMPNN,20,non_binder,0.9611889433860777,binder
2aa78271-b082-545a-9434-34e979a53210,0.84261,0.8898,0.8668699999999999,0.02164678729049651,0.8628,0.70588,0.76471,0.741178,0.03222251805802895,0.76471,0.4552,0.6504,0.55584,0.09379225980857905,0.5654,0.8955,1.4955,1.14792,0.2572934744605856,1.1529,0.86197555,0.8838262,0.87205285,0.00779732,0.87123734,0.9045662,0.9221101,0.91254586,0.0067338715,0.91070646,0.9045662,0.9221101,0.91254586,0.0067338715,0.91070646,0.86197555,0.8838262,0.87205285,0.00779732,0.87123734,0.94520456,0.9547999,0.9496337,0.003423695,0.9492455,0.96425694,0.97075915,0.9671402,0.002404499,0.9673205,0.78875756,0.8087471,0.79685366,0.0075542657,0.79692364,96.0738,96.53348,96.34914,0.2037372,96.47189,95.763466,96.1263,95.95956,0.16764742,95.9721,2.374486,2.6468034,2.556147,0.106766626,2.6014018,0.5444336,0.62841797,0.5991211,0.03232813,0.6064453,21,27,24.2,2.588435821108957,25.0,PD-L1,75,PXDesign,SolubleMPNN,15,non_binder,0.9843684458732604,binder
2ae436a6-33ce-585d-9269-93e9c9fb7051,0.80496,0.88046,0.85642,0.029721405585873606,0.86599,0.73684,0.89474,0.842108,0.06446240509009879,0.84211,0.76,0.9204,0.82516,0.0656780252443692,0.8057,1.3845,1.9216,1.7363199999999999,0.22018650503607157,1.7658,0.6165917,0.6778321,0.65153044,0.022979528,0.65091074,0.72234815,0.7840292,0.76092863,0.02529769,0.7724245,0.72234815,0.7840292,0.76092863,0.02529769,0.7724245,0.6165917,0.6778321,0.65153044,0.022979528,0.65091074,0.8855535,0.9106237,0.8999532,0.009399337,0.8998875,0.92525834,0.9413532,0.9341952,0.005784806,0.9348367,0.62468165,0.6642853,0.6466427,0.014470747,0.65014654,93.970436,94.4135,94.213745,0.17158951,94.222496,96.30144,96.481926,96.38783,0.07264337,96.39558,4.423796,4.9685125,4.6633916,0.19886015,4.6296167,0.94970703,1.0400391,1.0047852,0.034361266,1.0166016,24,28,25.8,1.6431676725154984,25.0,IL-7Ra,60,RFdiffusion,SolubleMPNN,7,non_binder,0.9777651405334472,binder
2baa1aad-2067-5fde-b1c9-f2df572b2ae4,0.00912,0.17459,0.08344399999999999,0.08238404536073717,0.05557,0.0,0.02222,0.008888,0.012170395227764792,0.0,6.3583,22.1103,13.20832,8.14237448794883,9.1347,9.4194,55.7318,29.72738,22.854524875109522,21.0273,0.0,0.020905588,0.0041811178,0.009349263,0.0,0.0,0.21998343,0.046091948,0.09731408,0.0,0.0,0.21998343,0.046091948,0.09731408,0.0,0.0,0.020905588,0.0041811178,0.009349263,0.0,0.15909241,0.36489064,0.23623402,0.088639006,0.2102328,0.8053691,0.84612453,0.817505,0.016999561,0.8097737,0.0,0.11288156,0.034570962,0.048324626,0.010286459,83.28,86.067406,84.99149,1.0892401,85.32535,93.79205,94.545654,94.247185,0.27914828,94.29886,12.381644,20.11079,16.718956,3.335888,17.24426,6.8046875,13.6171875,10.807813,2.6673286,11.8046875,30,47,40.8,6.534523701081816,43.0,MBP,92,Genie3,SolubleMPNN,16,non_binder,0.21965400993824005,non_binder
2bd1f68a-b9bb-552f-8753-75e69c7a0973,0.00621,0.82109,0.399189,0.4121043047970042,0.39125,0.0,0.7931,0.37931,0.40048806926327063,0.36207,1.0144,24.94,11.00146,10.596853347018737,9.38235,1.0851,68.8285,30.8812,31.039233715842062,27.50095,0.0,0.77206004,0.39695674,0.37898126,0.45317695,0.0,0.8544644,0.47213665,0.4170934,0.6607634,0.0,0.8544644,0.47213665,0.4170934,0.6607634,0.0,0.77206004,0.39695674,0.37898126,0.45317695,0.10129503,0.94070107,0.600525,0.37787166,0.7619278,0.71056086,0.96126324,0.8634955,0.11336858,0.92497253,0.0,0.59098464,0.31852353,0.28345048,0.40329552,88.61562,94.68592,91.99448,2.679942,92.17572,82.16265,94.080765,88.718506,5.372244,89.589905,5.635108,27.342936,12.908464,8.787426,8.079105,1.1455078,19.1875,7.298242,7.383261,3.5546875,10,65,43.7,18.803368492551186,46.5,Nipah-G,100,BoltzGen,SolubleMPNN,22,binder,0.8194317853450774,binder
2c0e94ab-da47-56cc-9594-74615c1c7aff,0.90375,0.92084,0.91297,0.007439865590183726,0.91174,0.86667,0.86667,0.86667,0.0,0.86667,0.4817,0.5621,0.5292600000000001,0.03832405249970308,0.5464,0.7686,1.558,1.07972,0.3060443219535367,1.0247,0.7217079,0.7785403,0.73519194,0.024513317,0.72251636,0.8631694,0.88347024,0.8737466,0.009736916,0.873733,0.7217079,0.7785403,0.73519194,0.024513317,0.72251636,0.8631694,0.88347024,0.8737466,0.009736916,0.873733,0.9570886,0.9642515,0.96081305,0.0034264717,0.96097785,0.8073239,0.9000871,0.85671794,0.03418606,0.8603948,0.666991,0.73972845,0.6891937,0.028854934,0.6788283,95.44279,96.05883,95.66638,0.23324572,95.609375,81.40567,86.285515,84.749054,1.9385546,85.33113,5.2515516,8.731506,6.5092287,1.3244326,6.0592685,0.60546875,0.69140625,0.6459961,0.038903486,0.64941406,14,19,16.0,1.9999999999999998,15.0,TREM2,70,PXDesign,SolubleMPNN,7,binder,0.9738879489898682,binder
2c2f9a38-aef4-58da-a69f-ce52fa5f8980,0.01432,0.544,0.155288,0.22036595465270947,0.08292,0.0,0.5,0.20465,0.198799969315893,0.2093,2.4863,16.1732,12.51388,5.654038652768479,14.5438,3.3559,48.5668,37.2243,19.01037894059453,45.0049,0.0,0.7979235,0.40281683,0.3054472,0.34331158,0.01071351,0.8215186,0.46978158,0.31346127,0.56575,0.01071351,0.8215186,0.46978158,0.31346127,0.56575,0.0,0.7979235,0.40281683,0.3054472,0.34331158,0.13653302,0.89639395,0.5949651,0.29927036,0.7103653,0.5525276,0.93121785,0.75405973,0.14758976,0.73011905,0.0356766,0.7286562,0.45061198,0.27355883,0.47970387,85.357414,89.22873,88.042244,1.6020318,88.51885,84.723694,87.68638,85.74928,1.1631246,85.52723,3.3656313,15.270014,7.4964204,4.707983,6.4085803,0.71972656,9.609375,3.286328,3.6185746,1.8251953,43,110,79.6,26.968500143686153,74.0,BBF-14,96,Protein Hunter,Caliby (SolubleCaliby),44,non_binder,0.7162848567962646,binder
2cadba5a-97fa-50ac-8ecd-e1edb3a16f03,0.86606,0.88055,0.8747619999999999,0.005418497946848338,0.87494,0.83871,0.87097,0.845162,0.014427110590828721,0.83871,0.7014,0.8097,0.75084,0.04571080834988591,0.7337,1.1388,1.3476,1.22486,0.08852614303131014,1.2307,0.72490937,0.7776186,0.7611274,0.020789279,0.7688158,0.7594847,0.7977131,0.7796234,0.014567012,0.77820605,0.7594847,0.7776186,0.76804245,0.006720063,0.7688158,0.72490937,0.7977131,0.7727083,0.028274367,0.77820605,0.94217217,0.9600999,0.9539846,0.006910452,0.95560265,0.5607721,0.65929693,0.63050985,0.03967466,0.6421088,0.5641353,0.5820956,0.5698291,0.0072081597,0.56636506,87.11287,88.929634,88.05297,0.65217924,88.069664,86.56803,88.92894,88.355644,1.0027087,88.77567,12.720772,16.66625,13.878453,1.5839038,13.412903,0.84472656,1.109375,0.92685544,0.107544094,0.89941406,32,34,33.0,0.7071067811865476,33.0,EGFR,99,FreeBindCraft (BindCraft),SolubleMPNN,15,non_binder,0.9553718709945679,binder
2ce14e27-e970-54a9-8ad8-56af25f74883,0.6909,0.81308,0.759714,0.04465306909944718,0.76982,0.30769,0.61538,0.492306,0.11665891213276423,0.53846,0.6464,0.746,0.71144,0.03923879457883485,0.715,1.1989,1.7343,1.47052,0.19638027395846056,1.5133,0.22068939,0.29626858,0.26672682,0.03726049,0.28890243,0.2923488,0.4233859,0.3725186,0.058379877,0.39904162,0.2923488,0.4233859,0.3725186,0.058379877,0.39904162,0.22068939,0.29626858,0.26672682,0.03726049,0.28890243,0.483599,0.57630205,0.54026985,0.04697228,0.570824,0.8030618,0.83261734,0.82090217,0.015176901,0.8306833,0.32044002,0.40607014,0.36966845,0.042671766,0.39384297,91.175316,92.318756,91.78727,0.41120878,91.79807,95.30192,95.67098,95.53557,0.14485821,95.55275,7.7219834,8.879449,8.192337,0.57424617,7.8349547,2.9648438,3.8417969,3.253125,0.39088273,2.9980469,19,22,21.0,1.4142135623730951,22.0,IL-7Ra,85,PXDesign,SolubleMPNN,9,non_binder,0.9005369710922241,binder
2ce227a7-b953-5bc1-979e-794a971361e6,0.00881,0.01612,0.012875999999999999,0.0030373094819081065,0.014555,0.0,0.0,0.0,0.0,0.0,13.9805,21.1972,16.805799999999998,2.774142522173893,15.9559,41.3704,57.4298,49.16406,6.24672548321652,45.9821,0.0,0.0,0.0,0.0,0.0,0.0,0.0,0.0,0.0,0.0,0.0,0.0,0.0,0.0,0.0,0.0,0.0,0.0,0.0,0.0,0.18405469,0.8414394,0.53783005,0.3132798,0.56700814,0.6381549,0.8822309,0.76053655,0.12064562,0.76493096,0.0,0.0,0.0,0.0,0.0,61.861362,82.49922,77.03194,5.8677077,78.21953,85.18656,85.97259,85.59355,0.25385383,85.57625,21.681576,28.039072,24.813515,2.096346,24.227848,14.7578125,20.390625,17.238281,2.1092665,16.527344,46,88,61.1,14.471811681103835,59.5,Cas9,80,PXDesign,SolubleMPNN,8,non_binder,0.3715085661411285,non_binder
2ce95188-0c61-5e94-8299-2b8786f754bf,0.45733,0.76054,0.608178,0.10013464921461167,0.6095,0.26316,0.66667,0.424561,0.1530481822063453,0.44444,0.9267,2.592,1.5464600000000002,0.5430967996386811,1.4255499999999999,2.1192,4.6104,2.96711,0.7582856167405231,2.92325,0.55112493,0.7626797,0.6677675,0.07598975,0.66298586,0.63082284,0.78269756,0.70790994,0.048432738,0.69964534,0.63082284,0.82762444,0.73755234,0.07127713,0.739644,0.55112493,0.7626797,0.6677675,0.07598975,0.66298586,0.82939124,0.89117575,0.8572154,0.018490564,0.856865,0.8687379,0.9144908,0.88832426,0.0140777845,0.8881069,0.52474385,0.67318505,0.59692854,0.05476785,0.5959435,88.930916,92.2336,90.559586,1.3138746,90.196,96.06541,96.7623,96.38326,0.31416434,96.33647,4.276712,6.1405115,5.2388144,0.7477022,5.244549,0.97314453,1.7324219,1.2950684,0.28421772,1.309082,8,13,10.7,1.6363916944844774,10.5,VEGF-A,80,FreeBindCraft (BindCraft),SolubleMPNN,5,binder,0.925816638469696,binder
2d05b315-eb5a-5986-bbad-da1a07e0c935,0.83805,0.90843,0.87392,0.030352054296208686,0.88722,0.75,0.85,0.79,0.04183300132670374,0.8,0.526,0.7404,0.62,0.1087241463521328,0.5684,0.9663,1.734,1.2223000000000002,0.29975985388307086,1.1592,0.6190524,0.70004076,0.67479104,0.03239026,0.685995,0.648691,0.714307,0.6943076,0.026073629,0.702184,0.648691,0.714307,0.6943076,0.026073629,0.702184,0.6190524,0.70004076,0.67479104,0.03239026,0.685995,0.83484036,0.8788765,0.865331,0.017676609,0.8715756,0.910608,0.9253667,0.9194442,0.0057652565,0.92089814,0.5961126,0.63063806,0.61773074,0.013345429,0.62149596,90.90097,91.7247,91.35086,0.3240501,91.28738,95.28823,95.56325,95.45381,0.11472793,95.44284,4.7988057,5.2517047,4.9982877,0.17262243,4.981905,1.3261719,1.6025391,1.4076172,0.11067,1.3710938,44,52,47.8,2.86356421265527,48.0,IL-7Ra,91,RFdiffusion3,SolubleMPNN,11,non_binder,0.9735094356536865,binder
2d0d5aa9-fa80-594a-b63f-0660dd92cad9,0.81464,0.89007,0.84541,0.030594196345058656,0.84929,0.78571,0.92857,0.842856,0.05416349028635431,0.82143,0.3886,0.6345,0.50716,0.10444349189872965,0.491,4.1897,4.4261,4.2793,0.1017304526678221,4.2181,0.8355738,0.85223424,0.8453536,0.007047907,0.8461771,0.8483086,0.8710276,0.8595311,0.0086834105,0.85931623,0.8483086,0.8710276,0.8595311,0.0086834105,0.85931623,0.8355738,0.85223424,0.8453536,0.007047907,0.8461771,0.9576048,0.96293694,0.96075076,0.0021610581,0.9611689,0.94446874,0.9568835,0.95145786,0.0046425452,0.95247865,0.716614,0.7445793,0.731819,0.011324662,0.73373204,95.45611,96.45071,95.96374,0.3874956,96.016335,96.371635,96.690475,96.49336,0.13147186,96.47561,3.314682,3.7244456,3.4846923,0.16381955,3.4677389,0.61035156,0.6904297,0.64316404,0.03104601,0.6328125,69,73,71.2,1.6431676725154976,72.0,IL-7Ra,65,BoltzGen,SolubleMPNN,30,non_binder,0.9779822015762328,binder
2d0df129-0c34-5650-92c7-fbf52219347b,0.5393,0.73846,0.645079,0.0671512490907239,0.649165,0.43478,0.6087,0.527246,0.06879600072355627,0.527535,1.0191,2.1503,1.47546,0.40825317635016634,1.3540999999999999,2.4641,3.6249,3.0691499999999996,0.3752212362208609,3.1001,0.4573186,0.85608375,0.6784393,0.16905445,0.68598825,0.6055365,0.8610172,0.7493905,0.10092103,0.75695366,0.6055365,0.85608375,0.74635327,0.097973585,0.75000757,0.4573186,0.8614972,0.6827331,0.17346452,0.68896586,0.838371,0.93122977,0.8929453,0.033618454,0.8958757,0.85796165,0.94437766,0.9075209,0.03317561,0.91095346,0.5106339,0.72140056,0.6280116,0.08443351,0.628285,89.44183,93.27558,91.45609,1.4125394,91.83051,93.475784,95.41568,94.47395,0.629659,94.615074,3.5603173,6.338022,4.7915754,1.1108834,4.76218,0.6894531,2.2929688,1.3763183,0.6336038,1.3544922,32,39,35.2,2.5733678754158373,35.0,VEGF-A,83,BoltzGen,SolubleMPNN,14,non_binder,0.9372633957862854,binder
2d311750-5f6d-5af4-a6da-120b389e1023,0.01648,0.55809,0.313384,0.26989326988644974,0.45818,0.0,0.76923,0.39999799999999996,0.37050906928171135,0.61538,2.8076,14.1473,7.2626800000000005,5.875720867434055,3.2711,5.6605,42.5812,18.972140000000003,17.812233253665866,7.1531,0.0,0.17638187,0.06632739,0.091129154,0.0,0.0,0.28444394,0.10688778,0.14686802,0.0,0.0,0.28444394,0.10688778,0.14686802,0.0,0.0,0.17638187,0.06632739,0.091129154,0.0,0.08703069,0.39535457,0.20827949,0.15689097,0.10770988,0.55529666,0.7018635,0.6205522,0.07132126,0.5846107,0.008463542,0.3576838,0.1492755,0.17736448,0.02720523,67.047745,77.03421,71.39116,4.664281,68.924805,80.265854,86.603516,83.17117,2.7454238,82.17082,8.370944,18.998737,14.213165,5.2185225,16.528439,4.296875,11.8984375,8.611719,3.7842367,10.9375,39,87,63.8,22.03860249652868,71.0,BBF-14,66,Genie3,SolubleMPNN,28,non_binder,0.451945161819458,non_binder
2d3c7ea3-64f9-452e-8ec4-5c2714c742e7,0.53069,0.60743,0.573987,0.026939948878116963,0.57989,0.27027,0.38686,0.316098,0.03357888384089024,0.30657,1.2873,1.769,1.54558,0.17838914889769614,1.59195,2.0867,3.4064,2.52852,0.39544486566116616,2.43425,0.0,0.8530794,0.43114018,0.41738096,0.457878,0.01109584,0.8543333,0.47608122,0.38563,0.5550408,0.01109584,0.9275208,0.5161094,0.42692524,0.6019499,0.0,0.8530794,0.43114018,0.41738096,0.457878,0.8143717,0.9734939,0.9036344,0.06823201,0.9115605,0.8602485,0.9756206,0.92436206,0.049052153,0.9289752,0.05212733,0.7250802,0.40243635,0.3183737,0.4322411,79.54115,90.84062,85.2995,5.595121,85.40379,87.310974,89.54173,88.30616,0.88983965,88.16064,3.9496796,16.866405,8.954059,5.134282,7.9320745,0.61083984,9.3671875,4.113672,3.7222285,3.503418,29,41,35.4,3.747591819348049,35.5,TNFa,80,PXDesign,SolubleMPNN,16,non_binder,0.8935723257064818,binder
2d51ffc2-1ac2-5b74-848f-799c8e644762,0.85576,0.91984,0.891726,0.02384035612150119,0.89895,0.65,0.9,0.8,0.09354143466934853,0.8,0.427,0.5858,0.52362,0.06669694145911041,0.5504,0.7512,1.2768,1.04306,0.2496917860082706,1.1079,0.8943666,0.913286,0.9010043,0.008669929,0.895328,0.92144275,0.9360035,0.9273494,0.006697615,0.9241564,0.92144275,0.9360035,0.9273494,0.006697615,0.9241564,0.8943666,0.913286,0.9010043,0.008669929,0.895328,0.95921797,0.9670754,0.96196955,0.0036089732,0.95954996,0.9690155,0.975071,0.97116536,0.0028431655,0.96921307,0.7952725,0.8163621,0.80327255,0.008868166,0.800883,97.11082,97.53148,97.35191,0.15805657,97.38353,96.7925,97.04644,96.9189,0.09215623,96.9279,2.3768952,2.6371305,2.5388017,0.1116281,2.5800493,0.37597656,0.42358398,0.40249023,0.020904055,0.4128418,32,33,32.6,0.547722557505166,33.0,PD-L1,75,PXDesign,SolubleMPNN,14,non_binder,0.9770891904830932,binder
2d56cdfa-e475-5548-81d1-2e909df1e9d5,0.87201,0.91634,0.896946,0.0218291910065399,0.90528,0.71429,0.82857,0.7942859999999999,0.05110756969373523,0.82857,0.4125,0.5892,0.47067999999999993,0.07304571856036463,0.4459,0.7503,1.2661,0.95062,0.2224349275630965,0.8222,0.89372295,0.9090369,0.9019774,0.005561413,0.902606,0.93940336,0.94863796,0.9445915,0.003650345,0.9444143,0.93940336,0.94863796,0.9445915,0.003650345,0.9444143,0.89372295,0.9090369,0.9019774,0.005561413,0.902606,0.96188277,0.96787226,0.9654606,0.0023075086,0.96533704,0.9730124,0.97755176,0.97574437,0.0017338075,0.97601676,0.804422,0.8216444,0.81423265,0.0066124047,0.81318176,94.734215,95.16413,94.92237,0.15510137,94.89483,95.826775,96.04132,95.94432,0.07876638,95.95484,2.248267,2.4766681,2.356091,0.08695103,2.359175,0.40478516,0.4411621,0.42446288,0.014248906,0.42919922,33,38,35.4,1.8165902124584956,35.0,PD-L1,70,BoltzGen,Caliby (SolubleCaliby),14,binder,0.976432750225067,binder
2d8bd7f7-59b9-5332-b981-15ff68c1cff0,0.35184,0.83041,0.570892,0.2124964385479332,0.551005,0.27027,0.7027,0.459459,0.1760781944635836,0.43243,0.6852,3.0297,1.79977,1.1063890997795989,1.7358500000000001,1.1427,7.9111,4.89134,2.416808587189128,5.39555,0.28443146,0.6954124,0.48985815,0.18023677,0.49060482,0.5386963,0.79447705,0.6810807,0.11059709,0.6925461,0.5386963,0.79447705,0.6810807,0.11059709,0.6925461,0.28443146,0.6954124,0.48985815,0.18023677,0.49060482,0.8754955,0.9647923,0.9210078,0.039913498,0.9206865,0.6929536,0.9102414,0.7962299,0.103023306,0.7890582,0.27078554,0.49320093,0.38673156,0.10044771,0.39426425,81.29483,90.357635,86.0158,4.2802196,86.48742,85.26517,86.6001,86.057365,0.4152349,86.036316,13.693962,14.740653,14.196256,0.3909477,14.217001,1.2802734,3.203125,2.226172,0.84934056,2.1987305,25,55,39.8,13.389880092401455,40.5,Cas9,90,BoltzGen,designed jointly by the structure model (native co-design),19,binder,0.8273505997657775,binder
2da06ef4-8e33-5f2e-b48f-bbfed27146b0,0.89179,0.91784,0.90344,0.012907712810564095,0.8975,0.77778,0.83333,0.8,0.030425988069411984,0.77778,0.4344,0.4965,0.45996,0.028582564615513405,0.4465,0.4174,0.5419,0.50646,0.05066495830453241,0.5278,0.90731037,0.9199868,0.9114834,0.005206579,0.909265,0.9398932,0.9487604,0.9430091,0.0035507865,0.94143474,0.9398932,0.9487604,0.9430091,0.0035507865,0.94143474,0.90731037,0.9199868,0.9114834,0.005206579,0.909265,0.9694252,0.9739199,0.97089684,0.0018564981,0.9701114,0.9789756,0.9827032,0.9804352,0.0013800377,0.98028326,0.8359019,0.8462914,0.8405611,0.004245107,0.83945817,94.95219,95.21137,95.021706,0.11007406,94.96689,95.50281,95.70512,95.65061,0.08401751,95.683525,1.9947674,2.180552,2.1115444,0.07746671,2.1335027,0.3371582,0.35595703,0.34902343,0.0071107396,0.35107422,30,34,31.4,1.6733200530681513,31.0,PD-L1,64,FreeBindCraft (BindCraft),SolubleMPNN,15,binder,0.9741940307617187,binder
2dae00e0-7eb0-514a-a782-97a1a935d829,0.60651,0.75207,0.687356,0.04929741579884736,0.6892849999999999,0.5,0.65,0.586112,0.05642785557191098,0.6,1.0957,1.8751,1.4165699999999999,0.27703874197583905,1.33295,1.613,2.7394,2.1270499999999997,0.36978840871804275,2.022,0.6935865,0.87820625,0.79079753,0.08118546,0.8015582,0.7710398,0.88563174,0.82891977,0.0450837,0.83334774,0.7710398,0.88291913,0.8281456,0.04423762,0.8337704,0.6935865,0.87820625,0.7908446,0.08123231,0.8015582,0.9021208,0.9365291,0.9176453,0.009820759,0.9179871,0.9010219,0.9481742,0.92420274,0.015757993,0.9249286,0.6248543,0.7438877,0.68330044,0.0443366,0.6852168,93.92023,95.63516,95.04182,0.47975597,95.13526,96.09448,96.761635,96.4735,0.20178926,96.48953,3.5956433,5.0335636,4.275852,0.54379964,4.2548437,0.5859375,1.3359375,0.9415039,0.3284372,0.9016113,23,29,25.6,2.3190036174568114,25.0,VEGF-A,83,RFdiffusion3,SolubleMPNN,17,binder,0.9608967638015746,binder
2dda072c-2abf-5b6a-9312-712a4674794d,0.01587,0.69981,0.232754,0.31205971164185875,0.02006,0.0,0.54545,0.172726,0.24979134268424916,0.0,1.2135,14.3474,8.97914,6.601913948848471,13.4732,1.959,44.1042,26.795920000000002,20.7654993659435,37.8405,0.0,0.07690188,0.019770022,0.032407153,0.010526417,0.0,0.14667448,0.059009038,0.06360745,0.03171547,0.0,0.14667448,0.059009038,0.06360745,0.03171547,0.0,0.07690188,0.019770022,0.032407153,0.010526417,0.1256426,0.26083317,0.18557653,0.058773044,0.17744976,0.55266964,0.61736155,0.58864164,0.02767935,0.59556204,0.04266511,0.18540794,0.11891657,0.05564961,0.12839746,86.62586,88.26202,87.56085,0.6361095,87.551476,82.04456,85.170555,83.04238,1.346431,82.341835,10.66211,16.006655,13.372983,2.3571188,13.3743515,5.46875,10.15625,7.3257813,1.9258875,6.8164062,24,40,30.4,6.228964600958975,30.0,BBF-14,72,Proteina-Complexa,SolubleMPNN,16,non_binder,0.5174593949317933,binder
2e510764-75ce-5040-9c73-8a8c000ec454,0.01421,0.29607,0.23136600000000002,0.08339709070331996,0.25944999999999996,0.0,0.39286,0.282144,0.110656836129641,0.276785,4.2742,17.8329,6.411020000000001,4.043228838660728,5.132,7.9306,44.2362,14.92316,10.769387844482567,12.27035,0.0108002,0.8413391,0.46561354,0.33762,0.4999141,0.012428457,0.92805433,0.50904924,0.37352225,0.56166065,0.0108002,0.8413391,0.46561354,0.33762,0.4999141,0.012428457,0.92805433,0.50904924,0.37352225,0.56166065,0.66097623,0.96874416,0.8190468,0.12394963,0.8265104,0.6486547,0.8531774,0.76110154,0.07085175,0.7705177,0.06182063,0.79226935,0.48251408,0.27543625,0.4905759,57.315624,81.553154,69.22776,12.024421,68.83074,71.898346,78.11781,74.99931,2.1455624,74.427315,6.5227695,19.725708,12.341706,5.2383432,11.799896,0.41796875,8.515625,3.0875487,2.9031599,2.043457,59,94,77.1,10.887811738106265,75.0,RBX1,90,PXDesign,Caliby (SolubleCaliby),22,non_binder,0.7385889303684233,binder
2e6a3e55-aa7b-5c18-8309-6d34e47a9701,0.00484,0.04,0.02032,0.014412798132215689,0.01591,0.0,0.0,0.0,0.0,0.0,13.5153,31.6462,19.99584,7.198325880578068,19.1184,24.4482,76.1964,44.29278,20.740584900431326,40.274,0.0,0.0,0.0,0.0,0.0,0.0,0.0,0.0,0.0,0.0,0.0,0.0,0.0,0.0,0.0,0.0,0.0,0.0,0.0,0.0,0.085815154,0.12321175,0.11155556,0.014824094,0.11735613,0.7487064,0.76209044,0.75584835,0.0056622,0.7569867,0.0,0.0,0.0,0.0,0.0,86.32862,88.38492,87.21492,0.81046283,87.1731,94.77169,95.74391,95.323105,0.3560473,95.320786,22.739307,26.58779,24.05878,1.5751863,23.598452,15.640625,21.890625,18.425,2.2777798,18.53125,39,60,50.6,10.644247272588137,57.0,MBP,118,Proteina-Complexa,SolubleMPNN,12,non_binder,0.6943509435653686,binder
2eb6d4df-edb1-5978-81e6-916daf5d9c86,0.8647,0.90714,0.8870359999999999,0.017880616040841502,0.89357,0.70588,0.82353,0.752942,0.049217123747736444,0.76471,0.3649,0.4748,0.41703999999999997,0.04386551036976544,0.4002,1.0841,1.3029,1.20146,0.08192614356846034,1.2193,0.82170314,0.8597422,0.84048176,0.014661652,0.8356207,0.8823092,0.90303135,0.89244574,0.008201254,0.8918278,0.8823092,0.90303135,0.89244574,0.008201254,0.8918278,0.82170314,0.8597422,0.84048176,0.014661652,0.8356207,0.93299735,0.94945765,0.9412508,0.0063549858,0.9392,0.9574536,0.9669457,0.9620673,0.0038252426,0.9611539,0.7824231,0.8066269,0.7946712,0.009788124,0.79199046,95.30723,95.72863,95.50456,0.15406041,95.51051,96.39927,96.56923,96.47811,0.06067813,96.478294,2.611508,2.9697428,2.7858374,0.14781976,2.8147874,0.56347656,0.6455078,0.602832,0.03641642,0.6176758,21,25,23.0,1.5811388300841898,23.0,TrkA,62,Proteina-Complexa,SolubleMPNN,11,non_binder,0.9786669135093689,binder
2f466d2b-e1ca-5eca-af73-f39e921840ec,0.02086,0.05381,0.039981,0.009009974041151407,0.039599999999999996,0.0,0.01724,0.004031999999999999,0.005819858341154972,0.00192,14.4647,22.8894,20.18346,2.8110875334013423,21.23215,19.7888,34.1565,24.88835,4.212461866691891,23.97065,0.0,0.66196936,0.33262375,0.26414225,0.39715695,0.0,0.71293396,0.4293967,0.28089064,0.5879078,0.0,0.8152028,0.4834609,0.32687542,0.6258489,0.0,0.66196936,0.33262375,0.26414225,0.39715695,0.74371785,0.94201356,0.8663472,0.06923776,0.9034648,0.8038053,0.9490339,0.89316016,0.049449958,0.9201719,0.0,0.5594099,0.3169326,0.21260743,0.40083873,80.99428,89.084656,85.62946,3.351136,86.50279,87.14732,89.40074,88.40081,0.56730705,88.51221,6.04876,21.156288,10.589941,5.1511025,7.9982796,1.4931641,12.296875,4.7727537,3.6256466,3.3632812,20,40,32.8,5.902918298980975,34.0,TNFa,110,RFdiffusion,Caliby (SolubleCaliby),29,non_binder,0.6395657527446748,binder
2fa2396c-4242-59d7-80db-431e58c543bf,0.90378,0.9421,0.919402,0.017584416965029003,0.90906,0.78261,0.86957,0.817394,0.04762995360064921,0.78261,0.3031,0.3938,0.3581,0.03522733313777812,0.3556,0.4279,0.7062,0.5906800000000001,0.11743205269431341,0.5748,0.9000923,0.9251922,0.9125457,0.00932953,0.9115998,0.93370086,0.94855946,0.9405802,0.0057396977,0.9387094,0.93370086,0.94855946,0.9405802,0.0057396977,0.9387094,0.9000923,0.9251922,0.9125457,0.00932953,0.9115998,0.9615447,0.9718231,0.9666778,0.0038270073,0.966289,0.97308606,0.9791393,0.9759073,0.0023974515,0.97498685,0.8153868,0.8357057,0.8254838,0.008214354,0.82253134,97.66791,97.746025,97.721436,0.030856607,97.730064,96.719406,97.040764,96.94168,0.13601506,97.02067,2.0850813,2.3534374,2.2197232,0.10688719,2.2548609,0.34448242,0.40625,0.3755371,0.022797689,0.3803711,29,37,32.6,3.3615472627943226,32.0,PD-L1,75,PXDesign,SolubleMPNN,16,binder,0.9801747751235961,binder
2fde5ce0-f1e1-5100-a465-57253d0b5243,0.53018,0.7012,0.604429,0.05496193136061442,0.602535,0.43478,0.57778,0.52773,0.051900573321603215,0.5444450000000001,1.2506,2.4075,1.8374099999999998,0.45338115789403216,1.74745,1.777,4.7997,3.27568,0.8135371272003099,3.3643,0.18450423,0.76066464,0.49596858,0.2356663,0.52202547,0.54892707,0.7788822,0.67783153,0.07608476,0.691568,0.54892707,0.86962485,0.7428352,0.12388464,0.7621516,0.18450423,0.76066464,0.49596858,0.2356663,0.52202547,0.92032117,0.9739487,0.9517587,0.01878608,0.9536759,0.94576466,0.97964984,0.9647485,0.011639992,0.9643557,0.30492765,0.6308219,0.49845606,0.12577705,0.52213144,79.85693,94.343895,89.5442,4.6732545,90.647606,95.00541,96.725334,96.01039,0.5482686,96.032776,4.8328357,9.109473,6.657064,1.5814165,6.4749064,0.9375,3.9003906,2.181006,1.1679705,1.9663086,28,37,33.7,3.0930028559098792,34.5,15-PGDH,76,PXDesign,Caliby (SolubleCaliby),8,non_binder,0.9290099358558653,binder
306093a4-a353-5636-8137-a7c72c0c2113,0.63714,0.67796,0.660616,0.017039933391888574,0.66645,0.71429,0.82143,0.7928580000000001,0.04656474546263516,0.82143,2.1485,2.3071,2.2238800000000003,0.06138991773899045,2.2111,3.0675,3.3685,3.19592,0.11977586150806856,3.1794,0.8983992,0.9156694,0.90461236,0.0069060586,0.90442175,0.9470512,0.95647997,0.9512032,0.003647944,0.95106065,0.9470512,0.95647997,0.9512032,0.003647944,0.95106065,0.8983992,0.9156694,0.90461236,0.0069060586,0.90442175,0.9720431,0.9780387,0.97419703,0.002448187,0.97437584,0.97590137,0.97988594,0.9778517,0.0014190897,0.9778074,0.78785384,0.800063,0.7927548,0.0051350943,0.79060745,94.55888,95.13558,94.96264,0.23821774,95.09008,94.04098,94.65193,94.32652,0.2794176,94.26915,2.648066,2.9213831,2.7984018,0.09896072,2.8210356,0.3149414,0.33666992,0.32807618,0.008024023,0.32958984,77,82,80.2,2.0493901531919194,80.0,BHRF1,60,Proteina-Complexa,SolubleMPNN,23,non_binder,0.975097906589508,binder
30ddecdd-b321-5090-968f-a86e44768d17,0.03212,0.03959,0.03565,0.003047064160794781,0.03492,0.0,0.0,0.0,0.0,0.0,11.2454,12.7926,12.1782,0.5729984947624208,12.3443,25.3189,28.2923,26.78122,1.2842438580736921,26.9864,0.0,0.0,0.0,0.0,0.0,0.0,0.0,0.0,0.0,0.0,0.0,0.0,0.0,0.0,0.0,0.0,0.0,0.0,0.0,0.0,0.5178383,0.69187707,0.6238825,0.049457166,0.6231183,0.5678726,0.74145037,0.6714423,0.049249962,0.6706154,0.0,0.0,0.0,0.0,0.0,75.61742,85.950066,81.48047,4.6470966,82.4833,71.624954,81.60676,77.492714,3.5752978,77.59503,23.0329,28.082096,25.479862,1.9421151,24.434807,15.125,22.015625,18.022655,2.3763144,17.335938,11,75,24.3,19.505269943160375,17.0,Latent GDF-8,75,RFdiffusion,SolubleMPNN,27,non_binder,0.2592728781700134,non_binder
31da7468-2e7b-5bd8-a594-f3bc48b858fe,0.83756,0.95111,0.89924,0.046503068178347116,0.8866,0.66667,1.0,0.866666,0.13944254096221853,0.83333,0.5972,0.6967,0.64556,0.04292927905287954,0.6612,0.7652,1.1293,0.94808,0.14324806106890245,0.9772,0.6481135,0.7780672,0.72295904,0.049414683,0.7215416,0.7164588,0.7837812,0.74848074,0.025967782,0.7550887,0.7164588,0.7780672,0.74062854,0.02598224,0.7306294,0.6481135,0.7837812,0.7308113,0.05280077,0.7547816,0.92019224,0.95771176,0.9437491,0.014725084,0.9504467,0.64214385,0.820549,0.71706975,0.06997174,0.71986204,0.36461112,0.5682064,0.45975804,0.09349373,0.44757593,86.664444,88.90122,87.68129,1.0240246,87.33999,85.27904,88.22592,86.52174,1.5258996,85.56899,8.212848,13.159541,10.877559,2.0700681,10.34593,0.9628906,1.4453125,1.1697266,0.1800777,1.1582031,24,55,41.4,14.293355099485915,49.0,EGFR,99,RFdiffusion3,SolubleMPNN,28,non_binder,0.9623767042160034,binder
32425e8f-bb7b-51ca-96e1-f8c337eb83a6,0.82057,0.88287,0.8548880000000001,0.02231680465478874,0.8572,0.7,0.8,0.753334,0.03800687082620722,0.76667,0.6204,0.8157,0.70062,0.07845044295604708,0.6928,0.621,0.9175,0.8111,0.12332886928858144,0.8568,0.92263174,0.9479211,0.9336039,0.009319295,0.9310947,0.94073737,0.96239585,0.94835126,0.009070373,0.94329935,0.94073737,0.96239585,0.94835126,0.009070373,0.94329935,0.92263174,0.9479211,0.9336039,0.009319295,0.9310947,0.9734416,0.98255473,0.9774269,0.0033557792,0.9765453,0.97484344,0.9842393,0.9783515,0.0037315716,0.9765265,0.7853533,0.81511563,0.79514843,0.012674346,0.7884797,95.92831,96.7404,96.44731,0.30746138,96.532036,94.43502,95.39828,95.0546,0.37356567,95.121124,2.4151573,2.9597325,2.7807934,0.23137555,2.888724,0.3088379,0.35058594,0.33369142,0.01588078,0.3395996,67,74,71.4,2.701851217221258,72.0,BHRF1,82,Proteina-Complexa,SolubleMPNN,22,non_binder,0.985474429130554,binder
32614ffa-d2e9-5f3a-aece-3f6de40a3474,0.67355,0.79778,0.742692,0.03636237548773612,0.747455,0.68966,0.86207,0.762069,0.047250996097672075,0.75862,1.1661,1.8889,1.46943,0.1993690550489497,1.4631,1.5197,2.6767,1.8889099999999999,0.3562586870675733,1.75605,0.40704608,0.7617597,0.621913,0.124002285,0.6710659,0.6620442,0.9087781,0.82011336,0.0849528,0.8531511,0.6620442,0.9087781,0.82011336,0.0849528,0.8531511,0.40704608,0.7617597,0.621913,0.124002285,0.6710659,0.7770904,0.93146336,0.8791362,0.0511777,0.90085566,0.8222774,0.9585815,0.90702724,0.055780143,0.93403816,0.44810405,0.65924823,0.575253,0.074802876,0.5922166,92.707954,95.507965,94.28942,1.1522367,94.65416,82.013336,93.66153,88.99507,5.0816755,90.917786,4.642031,9.853912,6.6850443,2.040742,5.8736067,1.0449219,2.7109375,1.6575196,0.61406916,1.4077148,63,73,68.6,3.238655413730965,68.5,Nipah-G,110,PXDesign,SolubleMPNN,21,binder,0.977412679195404,binder
326bbc87-6536-5f71-bb8f-6432d2b7b1a4,0.00645,0.12764,0.042731000000000005,0.03793114008012121,0.04426,0.0,0.07353,0.017648,0.026668930237262984,0.007355,5.6066,23.1128,14.305259999999999,7.619428784539342,10.1214,15.0194,68.4914,37.469139999999996,20.10716968713178,24.97175,0.0,0.26777723,0.08899895,0.12195702,0.0,0.0,0.60316896,0.20361659,0.2758267,0.0,0.0,0.60316896,0.20361659,0.2758267,0.0,0.0,0.26777723,0.08899895,0.12195702,0.0,0.09493808,0.66863656,0.3710981,0.21731625,0.30390465,0.7255095,0.9168685,0.8343894,0.0726978,0.835278,0.0,0.355721,0.12529461,0.15670486,0.03316352,79.92021,84.478195,82.097694,1.4862815,82.266495,81.76289,91.79149,86.75009,5.0114703,86.67579,8.349,28.205986,16.105818,7.0669374,16.476147,2.9316406,22.203125,10.581446,6.848593,10.2734375,24,67,44.2,13.902837440209423,43.0,Nipah-G,86,Proteina-Complexa,designed jointly by the structure model (native co-design),44,non_binder,0.5981114745140076,binder
326fe30c-c44e-5f5b-956a-82af0c0b6c0a,0.86091,0.91412,0.8851420000000001,0.020641849965543316,0.88273,0.78261,0.91304,0.8434799999999999,0.058331560068285486,0.86957,0.6182,0.7229,0.6567999999999999,0.043129746115645046,0.6441,1.223,1.567,1.411,0.1452953543648247,1.4208,0.8901211,0.9127137,0.9005718,0.009931514,0.9042765,0.91269207,0.93108463,0.921202,0.008184219,0.9229682,0.91269207,0.93108463,0.921202,0.008184219,0.9229682,0.8901211,0.9127137,0.9005718,0.009931514,0.9042765,0.95729643,0.9666112,0.96159345,0.004135355,0.9631384,0.96969104,0.9747559,0.97253907,0.002319799,0.9734447,0.8114672,0.8265431,0.8190333,0.0067195175,0.8214417,94.175255,94.56133,94.389725,0.15409,94.37575,96.302414,96.62975,96.523705,0.13443527,96.55785,2.3127208,2.511676,2.4017162,0.09097804,2.3825421,0.3955078,0.48632812,0.42890626,0.03625032,0.4230957,25,29,26.8,1.6431676725154984,26.0,PD-L1,75,PXDesign,SolubleMPNN,15,binder,0.9826678228378295,binder
32e53d43-4f4e-5711-bff9-1990ca63168b,0.00565,0.0279,0.014654,0.00793532916071469,0.012074999999999999,0.0,0.03125,0.009375,0.015095184110613998,0.0,16.5925,30.9649,22.64684,4.900108628999973,21.27595,39.4618,69.7967,50.818709999999996,10.275824286855693,47.89235,0.0,0.0,0.0,0.0,0.0,0.0,0.0,0.0,0.0,0.0,0.0,0.0,0.0,0.0,0.0,0.0,0.0,0.0,0.0,0.0,0.15179737,0.83951193,0.5089315,0.33894062,0.53176093,0.63158983,0.87893516,0.7574038,0.11941341,0.75480825,0.0,0.0,0.0,0.0,0.0,77.0316,83.395836,79.903885,2.4549892,79.38393,85.74409,86.814575,86.20605,0.3785503,86.204254,23.004625,29.777363,26.772512,2.2364175,26.74466,16.578125,26.671875,21.820312,3.495139,21.90625,37,74,58.0,13.896442390450554,60.5,Cas9,72,BoltzGen,SolubleMPNN,27,non_binder,0.3212717270851135,non_binder
33000996-c8cd-5c09-8590-3dad40a97b0b,0.0215,0.12433,0.088088,0.04046652777296317,0.10453,0.0,0.06931,0.039604,0.027116831120173317,0.0396,7.0391,19.0577,10.7896,4.906161822647109,10.1791,14.3311,34.1467,19.24474,8.420973398188599,15.3637,0.0,0.5608451,0.19137982,0.23307726,0.06836957,0.0,0.74588996,0.29823342,0.32947123,0.15814897,0.0,0.74588996,0.29823342,0.32947123,0.15814897,0.0,0.5608451,0.19137982,0.23307726,0.06836957,0.50831443,0.8734786,0.711887,0.11966752,0.70686114,0.5549176,0.86978924,0.7373334,0.098620765,0.7389856,0.0,0.43456757,0.16622894,0.1762241,0.09744577,76.46496,85.26953,80.70886,3.5195239,80.78096,70.6306,80.82114,75.72896,3.6309934,76.492966,9.157314,26.913946,16.65907,6.652118,15.262663,1.9716797,18.5625,8.430957,5.8617344,6.9472656,40,56,46.8,5.996295152471696,45.0,Latent GDF-8,100,Genie3,ProteinMPNN,67,non_binder,0.42646782636642455,non_binder
336b0f4f-7ecf-56b7-8e01-8d6af99057b1,0.79101,0.85326,0.8265480000000001,0.03017681345006459,0.84021,0.67857,0.78571,0.742856,0.04656359500725863,0.75,0.7066,0.9019,0.79374,0.09211125338415498,0.7534,1.5101,2.1022,1.81924,0.230312229375689,1.9034,0.80091554,0.8506034,0.8338498,0.021436792,0.8464652,0.8790684,0.910625,0.8999934,0.013491307,0.90791917,0.8790684,0.910625,0.8999934,0.013491307,0.90791917,0.80091554,0.8506034,0.8338498,0.021436792,0.8464652,0.92491907,0.9460765,0.93900156,0.009148126,0.9443061,0.9594745,0.9686261,0.96517766,0.004082643,0.9675669,0.7678431,0.7936013,0.7838031,0.012061257,0.7908526,93.59079,93.91514,93.77016,0.1383097,93.819244,94.614494,94.938385,94.78336,0.1237857,94.82041,2.5444152,2.87602,2.6733072,0.15420945,2.5754933,0.57177734,0.6948242,0.62333983,0.04876534,0.6020508,17,30,23.0,4.69041575982343,22.0,PD-L1,66,RFdiffusion3,SolubleMPNN,10,non_binder,0.9813005018234253,binder
33768098-53bc-4a3c-8163-20ae537a3b91,0.60069,0.68559,0.6623300000000001,0.024743813592716716,0.66704,0.54286,0.73394,0.683617,0.05682124447188159,0.7011799999999999,1.8366,1.9724,1.90109,0.04005605655411754,1.90735,2.3262,2.9453,2.51066,0.17379186913598046,2.4821,0.5436111,0.8841649,0.7479126,0.14082801,0.8086313,0.7638335,0.89033896,0.84292144,0.04631238,0.866372,0.7638335,0.9369849,0.8694661,0.06986394,0.8978672,0.5436111,0.8841649,0.7479126,0.14082801,0.8086313,0.94584733,0.97605264,0.9618511,0.011892056,0.96316355,0.9535897,0.97716355,0.96591264,0.009222176,0.96614504,0.55742496,0.74586266,0.6663769,0.07538168,0.68720824,80.09786,91.17917,86.19062,5.042781,86.506805,88.153534,89.65313,88.77855,0.5569495,88.70459,3.6958802,6.069622,4.7522883,0.94466084,4.5359325,0.5234375,2.2011719,1.1443847,0.678144,0.857666,49,60,53.4,3.169297153067923,53.0,TNFa,80,PXDesign,SolubleMPNN,43,non_binder,0.9614207243919372,binder
338f2fbb-4c48-564b-a180-0e2be4e20b7e,0.02673,0.40155,0.125349,0.12013428425909252,0.09618,0.0,0.5122,0.129268,0.16262294007919054,0.09756,3.8236,16.4361,10.71484,4.525074880215305,10.915700000000001,7.5485,30.535,20.85021,9.372725506187265,21.61635,0.0,0.32548967,0.059718274,0.09919204,0.011591403,0.0,0.5884967,0.10411211,0.17747472,0.03914593,0.0,0.5884967,0.10404857,0.17751145,0.03914593,0.0,0.32548967,0.059781812,0.09915785,0.011834952,0.55315256,0.87139815,0.749097,0.13341065,0.83572423,0.6486885,0.89230335,0.77354205,0.115546264,0.7741158,0.0,0.30905885,0.090377785,0.08850109,0.088106416,79.649666,88.45469,82.86542,2.987844,82.79967,85.62839,87.522934,86.104836,0.55639887,85.9338,14.398852,21.88343,18.195452,2.622087,19.261545,2.3535156,16.125,8.043164,3.9520292,6.888672,51,99,79.5,17.834112132527245,82.5,Cas9,80,PXDesign,SolubleMPNN,20,non_binder,0.6405487191677093,binder
3410e6d1-d7d8-5117-9b0e-360e29686ea7,0.8273,0.87394,0.8549599999999999,0.018191023885422177,0.86189,0.81818,0.86364,0.854548,0.020330330051428064,0.86364,0.752,0.9117,0.8359,0.06935055875766247,0.8376,1.7414,2.2692,1.99506,0.2353387940820638,2.0774,0.64688003,0.7358168,0.70046496,0.036529496,0.71136785,0.7979051,0.88975984,0.83550346,0.038733963,0.8299929,0.64688003,0.7358168,0.70046496,0.036529496,0.71136785,0.7979051,0.88975984,0.83550346,0.038733963,0.8299929,0.92779684,0.9637215,0.9427923,0.015178756,0.941034,0.78105044,0.8807539,0.8340114,0.038660645,0.8303537,0.6333424,0.7011411,0.6636282,0.029353553,0.65135247,94.329605,96.26178,95.42088,0.8433635,95.553856,78.539894,83.96164,81.15263,2.3456454,81.95047,5.305766,9.351435,6.710527,1.5913707,6.5605936,0.6230469,0.9506836,0.8109375,0.13672896,0.80908203,34,51,39.0,6.819090848492928,37.0,TREM2,76,RFdiffusion3,SolubleMPNN,10,binder,0.9694682216644286,binder
34be28ed-cd3c-5ea3-af8c-e641cfe07278,0.86136,0.9488,0.915942,0.03596873114247985,0.91216,0.78261,0.95652,0.878262,0.06448687982838056,0.86957,0.3885,0.6877,0.53456,0.11033353071482849,0.5443,0.6001,1.3569,1.0524799999999999,0.27614019446650645,1.1086,0.8246317,0.865212,0.83937275,0.015874451,0.83690107,0.85738,0.8916635,0.871607,0.012432846,0.8692358,0.85738,0.8916635,0.871607,0.012432846,0.8692358,0.8246317,0.865212,0.83937275,0.015874451,0.83690107,0.92771095,0.9459421,0.9345061,0.007085353,0.9335277,0.95316523,0.964373,0.95764476,0.0044584833,0.95775795,0.7718886,0.797237,0.7819408,0.010020269,0.7801202,94.73106,95.39986,95.05577,0.26787442,95.06469,96.30199,96.455765,96.40794,0.06306543,96.42805,2.7511873,3.040395,2.9184208,0.113119915,2.9126859,0.56884766,0.7089844,0.6522461,0.051116306,0.6621094,21,23,22.6,0.8944271909999163,23.0,PD-L1,75,PXDesign,SolubleMPNN,15,binder,0.98019136428833,binder
34ed8871-8fcb-506c-be96-67030526ed7e,0.85297,0.8953,0.8824120000000001,0.017273571431525116,0.89064,0.77778,0.88889,0.826666,0.039752257545955745,0.82222,0.5737,0.7351,0.65462,0.07519196765612667,0.6457,0.9482,1.3671,1.1724,0.16445380810428206,1.1735,0.9223964,0.93834156,0.9280313,0.0065080137,0.9276252,0.9383735,0.95059466,0.9436827,0.0048784954,0.9444006,0.9383735,0.95059466,0.9436827,0.0048784954,0.9444006,0.9223964,0.93834156,0.9280313,0.0065080137,0.9276252,0.9660005,0.9734617,0.9686405,0.0030389626,0.9684466,0.974573,0.9801678,0.97671795,0.0022148513,0.9765305,0.76249546,0.77899516,0.7709366,0.006801922,0.77248317,94.74649,95.496826,95.123085,0.27609378,95.159645,93.90672,94.31177,94.10542,0.1724842,94.14555,2.9067378,3.2106397,3.0812526,0.1264315,3.0808477,0.37597656,0.40698242,0.3926758,0.011699151,0.39038086,82,84,83.0,1.0000000000000004,83.0,BHRF1,110,Proteina-Complexa,designed jointly by the structure model (native co-design),18,binder,0.984369146823883,binder
351241c8-634e-5355-a4d0-862ddd18ee18,0.00509,0.00716,0.006406,0.0008384688425934504,0.00639,0.0,0.0,0.0,0.0,0.0,25.7189,32.3536,27.872500000000002,2.750444804936103,26.8207,62.5381,73.7009,66.41792000000001,4.492827047861957,66.4577,0.0,0.59457284,0.059457283,0.18802044,0.0,0.0,0.78181845,0.07818185,0.2472327,0.0,0.0,0.78181845,0.07818185,0.2472327,0.0,0.0,0.59457284,0.059457283,0.18802044,0.0,0.3945481,0.8920148,0.60504997,0.13272461,0.62201744,0.5073284,0.8833277,0.6609111,0.1087799,0.6721437,0.0,0.48266274,0.048266273,0.15263136,0.0,73.6044,84.28612,77.97305,4.0131993,77.313194,71.88965,81.185616,76.09358,3.4887664,74.64018,8.312713,27.916155,23.872723,5.8511744,26.03933,1.5361328,21.25,15.508301,5.7157445,16.160156,20,70,49.6,16.008331164323987,52.5,Latent GDF-8,85,PXDesign,SolubleMPNN,12,non_binder,0.43383949041366576,non_binder
3536e469-6a42-5815-aba4-423bfdc2166a,0.01302,0.47407,0.23205599999999998,0.23113277666503484,0.221165,0.0,0.95238,0.442856,0.468212466282373,0.40476,1.8406,17.2517,9.52569,8.018262188065165,9.4633,23.9412,47.0918,37.29999,10.328589597643795,38.8142,0.1001938,0.8588399,0.49712762,0.36045146,0.5013852,0.17898525,0.932088,0.6030315,0.3320245,0.6583098,0.17898525,0.8588399,0.5663419,0.29437786,0.6204336,0.1001938,0.932088,0.53381723,0.3989366,0.53926134,0.75834614,0.97156686,0.87787545,0.09086267,0.88771087,0.7533499,0.8469215,0.8163434,0.031276654,0.8232095,0.15310767,0.7874037,0.48056117,0.30829343,0.48549175,82.639534,91.28264,86.738075,4.111284,86.52053,75.45365,78.44837,76.65883,1.1412188,76.20241,7.0060825,14.812135,10.389601,3.0352926,10.09108,0.38452148,5.9882812,2.8411622,2.5181553,2.5449219,36,47,41.5,4.143267631552021,42.0,RBX1,86,PXDesign,SolubleMPNN,15,non_binder,0.8455767178535462,binder
354a4bb4-1254-53d8-9dd9-8afcb55b6cd4,0.01437,0.29695,0.154222,0.14716848702535923,0.15302000000000002,0.0,0.77778,0.38889,0.40992605308762703,0.38889,5.9929,18.1009,12.119829999999999,5.9421012478845485,12.20495,35.3241,43.9042,39.81084,3.9716267803844176,40.316,0.0,0.8562071,0.42150202,0.4443586,0.41402102,0.0,0.913066,0.44492477,0.46699077,0.43545255,0.0,0.8562071,0.4225461,0.4432691,0.41924137,0.0,0.913066,0.44388074,0.46808052,0.4302322,0.74715465,0.9704018,0.8642181,0.10275345,0.8702765,0.7325499,0.8355191,0.7884735,0.034107003,0.7875663,0.0,0.7834454,0.3953453,0.40155628,0.4064601,78.06108,93.48827,87.46251,6.296005,88.60873,77.15533,85.8583,81.806526,4.101868,82.08592,7.0128417,23.762295,14.358772,7.143533,13.353157,0.37670898,14.4140625,6.1470947,6.1374903,5.046753,22,34,25.9,4.45845015423272,23.5,RBX1,66,Genie3,Caliby (SolubleCaliby),8,non_binder,0.7404201054573059,binder
356ce4e6-4214-5f41-a2b3-5b72bc3ea675,0.08887,0.84059,0.735279,0.22809056609893652,0.802185,0.01887,0.79245,0.650943,0.22540743890169693,0.71698,0.7649,8.2322,1.66796,2.309130077275375,0.9714499999999999,0.7489,16.2122,2.63233,4.785564945182079,1.0464,0.17688794,0.7870167,0.652116,0.17551605,0.6735001,0.19311151,0.9183195,0.80186576,0.21664943,0.8584906,0.19311151,0.9183195,0.80186576,0.21664943,0.8584906,0.17688794,0.7870167,0.652116,0.17551605,0.6735001,0.56074667,0.9569637,0.9024962,0.12050476,0.93661445,0.845648,0.9690031,0.9221076,0.04641698,0.9270154,0.22569,0.6683709,0.56854707,0.12777448,0.5998262,84.27714,91.93296,90.353584,2.2077498,90.79462,83.32043,93.87024,89.238266,4.379238,89.261154,4.4183626,10.619309,6.5804124,1.9956192,6.584719,0.7294922,3.9277344,1.232666,0.9589001,0.9975586,49,72,65.4,6.5523532668296625,67.0,Nipah-G,79,Proteina-Complexa,SolubleMPNN,28,binder,0.9642668175697326,binder
35d63d5c-6ef2-5105-8023-58e67c6f5a36,0.82359,0.87135,0.8475059999999999,0.02297914010575677,0.84597,0.69231,0.84615,0.76923,0.07691999999999999,0.76923,0.5407,0.6785,0.59348,0.05164176604261323,0.5869,1.7218,3.1456,2.65774,0.5561488272036541,2.8719,0.8186832,0.8542061,0.8361769,0.014795611,0.8409324,0.842759,0.8722307,0.8630005,0.011886093,0.866011,0.842759,0.8722307,0.8630005,0.011886093,0.866011,0.8186832,0.8542061,0.8361769,0.014795611,0.8409324,0.91507095,0.9333446,0.927633,0.00728074,0.929161,0.9451454,0.95711297,0.9527308,0.00482201,0.9541016,0.72545654,0.75760627,0.7419437,0.01486092,0.7453543,95.00978,95.29281,95.16771,0.13844511,95.23625,94.70746,95.18157,94.852684,0.19257994,94.75782,3.287964,3.774677,3.5047402,0.19235918,3.472635,0.5527344,0.67578125,0.6116211,0.04620467,0.61376953,18,23,21.4,2.073644135332772,22.0,TrkA,108,FreeBindCraft (BindCraft),designed jointly by the structure model (native co-design),23,non_binder,0.9803505969047546,binder
3649f858-76b0-5aea-948a-7cef9ed488b3,0.00878,0.32535,0.079931,0.1253623935680518,0.021034999999999998,0.0,0.33333,0.066667,0.1305849139704379,0.0,2.9728,20.9473,13.302180000000002,6.1911289253791715,14.741299999999999,9.4626,57.6975,34.63765,15.572844652167937,37.206599999999995,0.0,0.3949488,0.11275735,0.12396721,0.12406291,0.0,0.5880486,0.2370874,0.23372445,0.19199601,0.0,0.5880486,0.2370874,0.23372445,0.19199601,0.0,0.3949488,0.11275735,0.12396721,0.12406291,0.123765625,0.8123079,0.4361456,0.22161038,0.5090848,0.71973944,0.897985,0.82687825,0.062236566,0.8410203,0.0,0.3188257,0.17015079,0.11642752,0.19411656,69.79518,85.87952,76.673096,5.9887543,76.90608,82.09111,92.748764,88.13048,4.4209433,89.81945,9.868638,25.660912,16.114374,5.289845,16.17715,1.8642578,15.96875,7.264941,4.455581,5.8203125,31,120,77.9,28.22311897087996,79.5,Nipah-G,83,Genie3,SolubleMPNN,26,non_binder,0.3329913294315338,non_binder
36bb4667-e5dd-5a01-88ac-7a390d4b753a,0.04522,0.17741,0.140115,0.04362716998741852,0.159265,0.0,0.14634,0.12046399999999999,0.044859933422450225,0.13043,6.4735,14.0491,9.18432,2.5659819886784514,8.6786,11.4909,22.5517,14.827430000000001,4.127082936207283,12.919350000000001,0.0,0.49383214,0.22529809,0.14814943,0.19074471,0.0,0.5277825,0.28330463,0.16422018,0.25801694,0.0,0.5759655,0.3105827,0.1819824,0.30041105,0.0,0.49383214,0.22529809,0.14814943,0.19074471,0.52478266,0.82650524,0.67819643,0.095840886,0.66500676,0.6666044,0.86640656,0.7630477,0.06444163,0.75522935,0.0,0.55001146,0.29625988,0.16974315,0.28235632,87.89319,91.22135,90.00697,1.1379572,90.480484,87.86137,92.35472,90.53656,1.4791467,90.33606,5.576615,18.883923,9.60874,3.7594888,9.087446,2.2382812,14.0,5.4554687,3.4228015,4.7910156,18,24,21.1,2.1832697191750414,21.0,VEGF-A,84,BoltzGen,Caliby (SolubleCaliby),13,binder,0.6272780883312226,binder
370a9688-5ac8-5531-89e7-68e96274add1,0.82811,0.9116,0.8753119999999999,0.03149028691517433,0.87718,0.86667,1.0,0.973334,0.059626988688009364,1.0,0.8344,1.0198,0.9236000000000001,0.0757582008762088,0.9379,1.1254,2.6702,2.31664,0.6672108909482817,2.6007,0.4883956,0.56365895,0.52576244,0.03393627,0.5141547,0.61475104,0.66965586,0.64177096,0.024701318,0.6350302,0.61475104,0.66965586,0.64177096,0.024701318,0.6350302,0.4883956,0.56365895,0.52576244,0.03393627,0.5141547,0.75298,0.7945314,0.77361095,0.018717952,0.7688556,0.8484694,0.87445307,0.86139643,0.011482821,0.8603303,0.6086378,0.65035516,0.6300561,0.017427454,0.6253586,94.088875,94.86191,94.49101,0.31449813,94.54798,94.90414,95.328316,95.09493,0.15152586,95.08447,4.486872,4.9622602,4.7571983,0.20346342,4.8516407,1.5068359,1.6933594,1.5933594,0.07918772,1.6035156,30,35,33.0,1.8708286933869713,33.0,TrkA,90,RFdiffusion3,SolubleMPNN,27,non_binder,0.955055742263794,binder
375d2a10-b6d7-551b-8c3c-f131c14aa249,0.01037,0.84154,0.411918,0.4215608313504575,0.39598,0.0,0.75758,0.357576,0.3773511029738161,0.348485,0.6795,23.373,11.05248,10.890179394584013,10.279250000000001,1.1972,52.0916,24.7917,23.898955394512306,22.784399999999998,0.0,0.7023487,0.32985362,0.34849992,0.30675483,0.0,0.79072785,0.38786793,0.4089395,0.38051072,0.0,0.79072785,0.38786793,0.4089395,0.38051072,0.0,0.7023487,0.32985362,0.34849992,0.30675483,0.788228,0.9720139,0.89156026,0.080017366,0.8976421,0.68906826,0.87492543,0.78127515,0.08317248,0.77900285,0.0,0.4814607,0.23465276,0.24744537,0.22879124,78.28399,88.366776,83.45487,4.8749194,83.604675,85.32347,86.52892,86.01034,0.38533232,86.00535,13.716029,28.362059,21.130978,7.1710773,21.13345,1.2109375,23.953125,11.952734,11.172524,11.291504,18,66,50.2,17.967872563117886,60.0,Cas9,76,BoltzGen,designed jointly by the structure model (native co-design),17,non_binder,0.7254980933666229,binder
377e63b2-7823-5b21-aeee-e62eb4093723,0.52811,0.90315,0.742518,0.1237073482772053,0.73082,0.66667,1.0,0.933334,0.14054426832852346,1.0,0.6517,2.9854,1.6350000000000002,0.9385103752460302,1.5096500000000002,3.3113,6.2566,4.71551,1.0214798148329272,4.7958,0.14980134,0.5661424,0.3512079,0.18646683,0.34494427,0.37418196,0.73548037,0.57112193,0.15982434,0.5889031,0.37418196,0.73548037,0.57112193,0.15982434,0.5889031,0.14980134,0.5661424,0.3512079,0.18646683,0.34494427,0.8542996,0.9419234,0.89697,0.03741167,0.8954319,0.6865606,0.9072217,0.8001838,0.10724983,0.8006426,0.1909022,0.44304153,0.3200398,0.11626516,0.32408172,81.00703,88.81104,85.08336,3.3737388,85.39393,86.18044,87.367325,86.65678,0.41848895,86.69057,14.654334,15.632009,15.231392,0.3585453,15.376532,1.7578125,5.421875,3.4020507,1.5290178,3.1679688,34,59,45.1,8.723531395025757,45.0,Cas9,86,BoltzGen,SolubleMPNN,28,binder,0.8624901890754699,binder
37a81081-f087-5fa5-9c9b-86a1ce14b642,0.00916,0.82461,0.477005,0.35411295229535633,0.54686,0.0,0.8125,0.475,0.3525699300217696,0.578125,0.6892,21.8845,6.44761,8.32065975448395,1.90055,3.1909,55.6522,16.009809999999998,18.373881863633983,6.5631,0.0,0.36547726,0.16835769,0.17837465,0.14820655,0.0,0.637525,0.3093621,0.32638243,0.29475415,0.0,0.637525,0.3093621,0.32638243,0.29475415,0.0,0.36547726,0.16835769,0.17837465,0.14820655,0.80085653,0.89163494,0.85384005,0.029683575,0.85072243,0.67577076,0.88031566,0.7808045,0.09535799,0.77790785,0.0,0.36907113,0.17758942,0.18742754,0.16748789,70.51586,82.69391,78.61154,4.3351398,79.45343,85.319885,86.50078,85.986496,0.45658138,86.02126,15.501714,27.396025,20.605686,5.072936,19.78934,2.9375,22.296875,10.246094,7.851976,8.566406,24,66,43.6,13.25979721648194,48.0,Cas9,78,BoltzGen,designed jointly by the structure model (native co-design),18,non_binder,0.767637492418289,binder
37d218b1-9275-580b-a854-b170dac1068b,0.70235,0.82164,0.763244,0.04323231927620818,0.75706,0.625,0.70833,0.6916640000000001,0.03726630891301152,0.70833,0.8236,1.6791,1.1568999999999998,0.3546063944713914,1.2013,0.9281,2.0111,1.6336600000000001,0.43604159549290705,1.8477,0.7601072,0.80864644,0.7767317,0.018850077,0.77298284,0.7848599,0.8152962,0.7979863,0.014556563,0.7905014,0.7601072,0.8121704,0.7802607,0.02055425,0.7757425,0.77298284,0.8152962,0.7944573,0.017352968,0.7905014,0.8858958,0.9100019,0.8977677,0.009952072,0.89545447,0.9060851,0.92495924,0.91295564,0.007470641,0.91094404,0.66776955,0.6906074,0.67826575,0.008403457,0.6782103,94.28248,94.81389,94.6561,0.21323721,94.7256,88.840256,91.95502,90.516525,1.1505224,90.33978,3.9639943,4.342694,4.163236,0.15243061,4.1374683,0.8208008,0.93066406,0.87167966,0.045335803,0.87890625,46,57,51.8,5.06951674225463,51.0,BBF-14,90,PXDesign,SolubleMPNN,13,non_binder,0.9778081321716309,binder
380402b4-e253-5118-b3e5-3115dbfa5c43,0.35971,0.43689,0.396304,0.03045647353191108,0.38899,0.57895,0.73684,0.673684,0.05765327640299383,0.68421,7.8916,10.0747,9.1531,0.8353296534901654,9.3952,5.4616,11.0899,8.95646,2.369943955666463,9.4375,0.74580085,0.8113173,0.7734526,0.025434248,0.764778,0.90078837,0.91450477,0.9085636,0.006863225,0.9116469,0.74580085,0.8113173,0.7734526,0.025434248,0.764778,0.90078837,0.91450477,0.9085636,0.006863225,0.9116469,0.9616982,0.96756804,0.964962,0.0028938975,0.96614915,0.85652643,0.9186614,0.88870084,0.022791693,0.8876589,0.659972,0.68750936,0.67579615,0.011328195,0.67475694,95.6859,96.30668,96.05283,0.25863874,96.00619,80.97425,86.96105,82.765305,2.4117067,81.73796,5.101041,6.991463,5.9681563,0.687178,5.991778,0.47607422,0.54003906,0.50336915,0.028551096,0.48657227,15,23,17.2,3.3466401061363023,16.0,TREM2,91,FreeBindCraft (BindCraft),SolubleMPNN,11,binder,0.880761752128601,binder
3805de81-6846-5d30-912f-f5e827f67fd9,0.74318,0.86694,0.829082,0.05023405886447965,0.84491,0.67742,0.83871,0.75484,0.06689069628879639,0.74194,0.501,0.6491,0.5549999999999999,0.06037743783898091,0.5534,1.7021,5.4342,3.37926,1.71005245767491,2.901,0.70935404,0.7832812,0.7380149,0.028932683,0.7299051,0.8930253,0.9155261,0.9035219,0.009805506,0.90515447,0.70935404,0.7832812,0.7380149,0.028932683,0.7299051,0.8930253,0.9155261,0.9035219,0.009805506,0.90515447,0.9494173,0.96065634,0.95465356,0.004916903,0.9555201,0.86808205,0.9311831,0.90389216,0.023475783,0.90615696,0.6625143,0.70255077,0.6838777,0.015159645,0.6870567,96.857895,97.25105,97.05001,0.14710134,97.085686,82.51041,88.24287,84.865234,2.1095042,84.78423,4.706954,6.580787,5.4016595,0.70985854,5.29746,0.5678711,0.65722656,0.62109375,0.035350684,0.62646484,38,45,40.8,2.683281572999747,41.0,TREM2,120,RFdiffusion3,SolubleMPNN,13,binder,0.9595657753944397,binder
380fbcc3-49be-529a-9577-fddadfe18ddb,0.82504,0.90804,0.871566,0.03931084303344307,0.88859,0.82353,0.88235,0.858822,0.03221704083245386,0.88235,0.614,0.9831,0.75398,0.18400420375632726,0.6336,1.0218,2.523,1.65608,0.7382310695168552,1.3148,0.8209383,0.83654207,0.83141136,0.0065610707,0.8349234,0.8303262,0.8438555,0.83787745,0.0056764297,0.8387302,0.8209383,0.8424295,0.8339224,0.007918998,0.83565617,0.82899714,0.8438555,0.8353664,0.0061144806,0.8349234,0.90777415,0.9160892,0.9127444,0.0034547828,0.9128772,0.9406122,0.94700605,0.94292736,0.0025841924,0.94308627,0.75574917,0.7701045,0.7609614,0.0056601637,0.7606714,94.4954,94.90429,94.76223,0.1779263,94.85919,93.346504,93.780594,93.564,0.17183219,93.60657,2.960139,3.1629674,3.0956163,0.08233084,3.1098661,0.77783203,0.82910156,0.80859375,0.023840928,0.81884766,26,32,28.4,2.509980079602227,27.0,TrkA,103,RFdiffusion3,Caliby (SolubleCaliby),6,non_binder,0.9698868060111999,binder
381fdda5-19f3-5dc9-9491-c2111f2479a5,0.65773,0.70718,0.687122,0.020113835288179116,0.68441,0.77778,0.83333,0.81111,0.030425988069411988,0.83333,1.9665,2.1307,2.0655,0.06757384849185363,2.0904,2.307,3.4931,2.73774,0.5042194343735672,2.4998,0.45618898,0.5309121,0.49914056,0.035576817,0.51259583,0.55239147,0.63024235,0.59036005,0.036446445,0.57963777,0.55239147,0.63024235,0.59036005,0.036446445,0.57963777,0.45618898,0.5309121,0.49914056,0.035576817,0.51259583,0.69152665,0.75558275,0.72259843,0.03022491,0.71410275,0.7993796,0.83870006,0.82331765,0.017154327,0.829009,0.5276312,0.5738167,0.5527457,0.02173528,0.55888283,89.43408,90.13411,89.725876,0.31309125,89.587776,91.522865,92.5593,92.091675,0.3882422,92.038956,5.629152,6.392068,5.9181023,0.32596946,5.81225,1.6962891,2.0996094,1.8761718,0.1875806,1.8310547,35,40,36.6,2.073644135332772,36.0,BBF-14,89,Genie3,SolubleMPNN,16,non_binder,0.9296251368522643,binder
384a6767-d0db-5d76-84ec-b549346e2b67,0.64287,0.80281,0.7252660000000001,0.05777526356495482,0.71749,0.61538,0.84615,0.746152,0.08426551797740282,0.76923,0.9754,1.9371,1.6276199999999998,0.3746475103347145,1.7316,1.366,2.1781,1.74842,0.30772023332891196,1.6702,0.8268129,0.87413424,0.84664583,0.018713411,0.8457489,0.89454097,0.9148821,0.90376794,0.007725875,0.9037645,0.89454097,0.9148821,0.90376794,0.007725875,0.9037645,0.8268129,0.87413424,0.84664583,0.018713411,0.8457489,0.93467283,0.95183945,0.941549,0.0064970828,0.94068617,0.9572802,0.96648455,0.96094304,0.0038654006,0.96064514,0.78147525,0.8047064,0.79224366,0.009453299,0.79281294,95.045456,96.05276,95.73643,0.408106,95.8821,96.26797,96.771385,96.57859,0.21944319,96.66493,2.6772838,3.0435567,2.8603883,0.15359733,2.8380601,0.50878906,0.5732422,0.54472655,0.027113022,0.5439453,33,44,39.8,4.147288270665543,40.0,TrkA,66,FreeBindCraft (BindCraft),SolubleMPNN,11,binder,0.9784709978103637,binder
3858836a-20b2-5788-aec4-b294cc18d863,0.00848,0.63634,0.48708999999999997,0.2694069429320633,0.60208,0.0,0.95,0.73,0.4101828860398737,0.9,1.3358,22.7246,5.71114,9.51141455294637,1.4544,10.0948,57.899,20.05536,21.159832725543936,10.6125,0.0,0.4991218,0.33855924,0.20330876,0.36341938,0.010071646,0.71480024,0.5351542,0.29658854,0.63083524,0.0,0.71480024,0.53313994,0.30104694,0.63083524,0.010071646,0.4991218,0.34057355,0.19912262,0.36341938,0.30156964,0.8188937,0.6712137,0.21362494,0.72237825,0.83035094,0.92495215,0.89325964,0.037206877,0.8990036,0.04255294,0.4489538,0.32738814,0.16425323,0.36635733,81.00958,87.16683,84.81429,2.5066376,85.27524,94.20601,96.41089,95.81108,0.9203404,96.24919,7.3539667,14.066708,9.38352,2.7071583,8.8439665,1.9423828,9.9140625,3.8738282,3.4029539,2.6464844,30,37,34.0,2.9154759474226504,35.0,MBP,96,FreeBindCraft (BindCraft),SolubleMPNN,10,non_binder,0.8944815754890442,binder
385e1014-0a52-525a-97ed-ef71d37b57e0,0.00915,0.17519,0.050647,0.04524605570286395,0.042660000000000003,0.0,0.04762,0.004762000000000001,0.015058766217721824,0.0,4.2308,19.8588,14.04596,3.8796556036156953,14.78515,11.1804,56.9762,26.566449999999996,12.043374102915585,23.270200000000003,0.0,0.6702685,0.28160867,0.27946034,0.14706133,0.010478637,0.85612786,0.45706788,0.3407367,0.42771626,0.010478637,0.85612786,0.45706788,0.3407367,0.42771626,0.0,0.6702685,0.28160867,0.27946034,0.14706133,0.18190084,0.9187094,0.610369,0.25876394,0.5377228,0.77485186,0.9573497,0.87998754,0.070053145,0.8822502,0.06169864,0.631344,0.3137502,0.24420615,0.1964912,86.74417,95.10681,91.60824,3.0945992,91.32159,82.33952,94.09067,88.27134,5.3419495,88.59857,4.809499,18.537794,10.512903,4.9217706,11.674996,1.3574219,9.6328125,5.098633,3.1076424,5.8007812,18,62,43.8,15.288339783421002,46.5,Nipah-G,86,Proteina-Complexa,Caliby (SolubleCaliby),23,non_binder,0.6972357642650603,binder
3873aa17-81e5-5d5a-b7b0-8353ff94e10a,0.59255,0.6223,0.60623,0.012853810719004724,0.60075,0.77778,0.85185,0.8148120000000001,0.026187699784440795,0.81481,0.547,0.6787,0.61686,0.0542500967741072,0.638,16.662,23.5278,20.66734,2.6094424822172266,21.6834,0.56971395,0.69335693,0.6410205,0.046722688,0.6571241,0.6856594,0.7415409,0.7188858,0.02187494,0.7272916,0.6856594,0.7415409,0.7188858,0.02187494,0.7272916,0.56971395,0.69335693,0.6410205,0.046722688,0.6571241,0.9167223,0.95003456,0.93665487,0.01265245,0.9413098,0.59632266,0.6356975,0.6210389,0.01621399,0.62113065,0.4937548,0.55063766,0.53056324,0.021948112,0.5378132,87.13876,88.51061,87.85091,0.5194396,87.99,87.90325,88.46537,88.10208,0.2128245,88.042625,13.363545,14.774171,13.87099,0.5756588,13.878278,1.2207031,1.6455078,1.3939453,0.15953666,1.3447266,29,36,32.8,2.588435821108957,33.0,EGFR,75,PXDesign,SolubleMPNN,20,non_binder,0.9209856867790222,binder
389ed403-f0b3-5169-aad8-de82126219c1,0.76808,0.81275,0.79492,0.01669789507692512,0.79723,0.47368,0.63158,0.578948,0.06446240509009885,0.57895,0.6124,0.6781,0.6375,0.02566972925451298,0.63,1.297,1.9949,1.7469000000000001,0.2636446282403645,1.81,0.7346906,0.76508766,0.74744576,0.015169897,0.7390598,0.88389045,0.88886815,0.88523567,0.0021592819,0.883925,0.7346906,0.76508766,0.74744576,0.015169897,0.7390598,0.88389045,0.88886815,0.88523567,0.0021592819,0.883925,0.96361476,0.9651784,0.9640237,0.000656327,0.9638235,0.8701589,0.90011275,0.88137054,0.012632765,0.87432647,0.68674403,0.6906176,0.688693,0.0018251048,0.6888251,96.24113,96.83256,96.5182,0.25601113,96.424225,82.27115,86.90693,84.46596,1.658315,84.23159,5.2645035,5.792941,5.6360536,0.21610335,5.704782,0.56152344,0.5683594,0.56464845,0.0030218258,0.5629883,10,11,10.4,0.5477225575051662,10.0,TREM2,70,PXDesign,SolubleMPNN,8,binder,0.9623209786415099,binder
38b88338-3322-5862-ac20-79165fc895fb,0.78346,0.88564,0.8213000000000001,0.0401077829105524,0.81352,0.6,0.8,0.6666679999999999,0.08164965811318504,0.66667,0.5954,0.7705,0.70328,0.07390677912072746,0.7305,0.7123,1.7543,1.23612,0.3862856999683006,1.2791,0.82851803,0.83926094,0.83305454,0.0042881793,0.8319565,0.86203796,0.870807,0.86575174,0.0035176713,0.86648184,0.86203796,0.870807,0.86575174,0.0035176713,0.86648184,0.82851803,0.83926094,0.83305454,0.0042881793,0.8319565,0.9482825,0.9521162,0.94990385,0.001523472,0.94954,0.9501982,0.95422876,0.9520993,0.0015285416,0.95218354,0.70699555,0.7188885,0.7115537,0.004802134,0.709186,97.079895,97.17649,97.123245,0.0393469,97.13133,96.93579,97.06081,96.99327,0.049205832,96.98242,3.573648,3.7777257,3.6826062,0.07512892,3.6848876,0.59277344,0.64697266,0.6298828,0.021762777,0.6347656,29,37,33.2,3.633180424916989,32.0,IL-7Ra,75,PXDesign,SolubleMPNN,6,binder,0.9818201398849487,binder
38f83019-9e3d-51d0-b7d8-ae4eb3ce9ca0,0.75861,0.82662,0.7995620000000001,0.026968316039382254,0.80105,0.65385,0.73077,0.700002,0.04213081912329736,0.73077,0.792,1.0842,0.89158,0.12182816587308537,0.8288,1.5682,1.8704,1.7427,0.14181502036103233,1.796,0.93109345,0.94745666,0.93903685,0.005962138,0.93933815,0.94032013,0.95279896,0.9455056,0.004637669,0.9454623,0.94032013,0.95279896,0.9455056,0.004637669,0.9454623,0.93109345,0.94745666,0.93903685,0.005962138,0.93933815,0.97116554,0.9783545,0.97466356,0.002616979,0.9748074,0.9765746,0.9820338,0.978632,0.0020514557,0.9783949,0.76786256,0.7916219,0.77770436,0.008920665,0.77816397,95.85898,96.15938,96.04939,0.113590725,96.06677,92.9446,93.24896,93.09824,0.1283344,93.14948,2.6901278,3.0774014,2.9392166,0.14836778,2.9568992,0.3251953,0.35107422,0.3388672,0.010036525,0.33789062,53,61,58.0,3.082207001484488,58.0,BHRF1,105,Proteina-Complexa,SolubleMPNN,21,non_binder,0.9751146125793457,binder
38fab34c-24fc-561c-b95a-cf6ecf3b7416,0.88891,0.9362,0.9170579999999999,0.02017362064677539,0.92289,0.78125,0.90625,0.85,0.055901699437494734,0.84375,0.3932,0.4913,0.45768000000000003,0.038303616017290064,0.4721,0.8729,1.1391,0.98422,0.10988224151335825,0.9894,0.89053106,0.9188463,0.9069525,0.011783468,0.90929914,0.9357307,0.9518985,0.945649,0.0066951066,0.94849575,0.9357307,0.9518985,0.945649,0.0066951066,0.94849575,0.89053106,0.9188463,0.9069525,0.011783468,0.90929914,0.96005106,0.9711092,0.96655905,0.004620166,0.9677822,0.9727323,0.9796245,0.9768203,0.002759967,0.9778312,0.80058444,0.8254421,0.815495,0.009991257,0.8202302,96.898544,97.26796,97.107315,0.15127671,97.119385,96.59684,96.78222,96.70845,0.08142934,96.75701,2.1567938,2.5141284,2.3032794,0.14225267,2.237976,0.3779297,0.45581055,0.41333008,0.029967206,0.40600586,33,36,34.8,1.30384048104053,35.0,PD-L1,70,BoltzGen,Caliby (SolubleCaliby),13,binder,0.981112413406372,binder
391c7279-52d9-5ecb-9cb2-141401780a46,0.70165,0.74085,0.72618,0.016019641069636957,0.73002,0.7037,0.77778,0.755556,0.0331295831546369,0.77778,1.5548,1.642,1.5905200000000002,0.039394631613964864,1.5759,1.6726,2.084,1.90148,0.16635160654469197,1.9229,0.8860907,0.89933157,0.89248,0.006496353,0.8914852,0.92224985,0.9333035,0.92767227,0.0047246744,0.92675036,0.92224985,0.9333035,0.92767227,0.0047246744,0.92675036,0.8860907,0.89933157,0.89248,0.006496353,0.8914852,0.9565003,0.9629253,0.9596466,0.0027442246,0.95911753,0.9626914,0.9675137,0.9649833,0.002262189,0.9646704,0.7683159,0.78143895,0.7748105,0.006245058,0.77370954,96.12545,96.21664,96.17197,0.04115765,96.19244,95.57985,95.77858,95.67421,0.077190585,95.685295,2.9259818,3.1316195,3.017902,0.08945518,2.9964185,0.45996094,0.5107422,0.4864258,0.020406272,0.49389648,32,36,34.2,1.7888543819998313,34.0,PD-L1,97,FreeBindCraft (BindCraft),SolubleMPNN,13,binder,0.9825223755836485,binder
396477c7-595c-4e24-8542-6143c7ccc163,0.57437,0.65756,0.607685,0.03168181576235807,0.600465,0.41026,0.5641,0.5020089999999999,0.040140524674088546,0.50866,1.4976,2.3492,1.9184899999999998,0.3483337558211155,1.9530500000000002,1.9552,2.6185,2.30095,0.22174076079963287,2.3677,0.7986344,0.90722364,0.8574754,0.031734496,0.8627962,0.86203736,0.9499408,0.89316237,0.03082743,0.8834671,0.88884646,0.9499408,0.9212559,0.01793731,0.924235,0.7986344,0.90722364,0.8574754,0.031734496,0.8627962,0.96230674,0.98107857,0.97022545,0.0059811026,0.97024584,0.96535885,0.98331755,0.9726801,0.005844415,0.9725278,0.69812304,0.76652896,0.72374153,0.021202387,0.7219273,89.84515,93.12708,91.806755,1.310465,92.099915,88.32254,89.450966,89.05653,0.33891383,89.0918,3.3180494,4.561992,4.103369,0.3698103,4.1952295,0.4453125,0.8964844,0.62045896,0.13844207,0.57958984,37,60,50.2,7.020604595680407,53.0,TNFa,80,PXDesign,SolubleMPNN,33,binder,0.9597273445129394,binder
39da4826-427b-5640-a04c-39807f7adb43,0.90376,0.9619,0.934372,0.022147008150086533,0.93565,0.83333,1.0,0.966666,0.07453708996197797,1.0,0.4885,0.7657,0.6128600000000001,0.11433666516039377,0.5927,0.9284,1.3519,1.17758,0.15934963758979814,1.1728,0.77436984,0.8168837,0.79310703,0.019233046,0.79083127,0.88020444,0.90933174,0.8918823,0.012230223,0.8861797,0.77436984,0.8168837,0.79310703,0.019233046,0.79083127,0.88020444,0.90933174,0.8918823,0.012230223,0.8861797,0.96634346,0.97525644,0.9699439,0.0037407014,0.96821207,0.9048878,0.9360908,0.92080116,0.013879023,0.9190627,0.68269026,0.72235614,0.7011041,0.01755256,0.69384456,96.584305,97.33937,96.98944,0.35844305,97.15309,84.922104,86.76796,85.615486,0.9172594,84.964775,4.241701,4.9411016,4.577234,0.32012525,4.6290054,0.39868164,0.52197266,0.47260743,0.053488087,0.48876953,19,21,19.8,1.0954451150103324,19.0,TREM2,65,FreeBindCraft (BindCraft),SolubleMPNN,18,binder,0.9713618397712707,binder
3a4a2aba-c687-509c-91b9-eb21aba72b46,0.79615,0.87654,0.829696,0.03678081402035579,0.81717,0.57895,0.78947,0.68421,0.07443005978769598,0.68421,0.4636,0.7962,0.6211,0.12444962836425026,0.6031,1.0758,2.3277,1.84444,0.5067444109213244,1.9779,0.5897504,0.68805754,0.633463,0.035762303,0.6332433,0.64760566,0.7195341,0.6779144,0.026605917,0.6742187,0.64760566,0.7195341,0.6779144,0.026605917,0.6742187,0.5897504,0.68805754,0.633463,0.035762303,0.6332433,0.8189511,0.8759634,0.8451583,0.020587107,0.8450613,0.9060961,0.9255005,0.91529065,0.0074242246,0.9167411,0.58116895,0.6281539,0.6018491,0.017818626,0.6044412,94.05308,94.73106,94.366516,0.25774986,94.35124,95.659355,95.926506,95.78713,0.10722658,95.81702,4.85457,5.446488,5.181006,0.22444083,5.141309,1.2773438,1.6210938,1.4951172,0.13307433,1.5195312,20,28,23.2,3.271085446759225,22.0,IL-7Ra,88,FreeBindCraft (BindCraft),SolubleMPNN,11,binder,0.9620585894584655,binder
3a98dde3-c153-5cb9-a057-bc3255449268,0.01218,0.01676,0.013668,0.0018688418873730331,0.01277,0.0,0.0,0.0,0.0,0.0,11.8224,19.6106,17.33648,3.155656360727512,18.2508,44.4709,47.7411,46.27614,1.4782627313843777,46.622,0.0,0.010633209,0.0021266418,0.0047553154,0.0,0.0,0.014505778,0.0073116026,0.0068606897,0.0100246705,0.0,0.010633209,0.0021266418,0.0047553154,0.0,0.0,0.014505778,0.0073116026,0.0068606897,0.0100246705,0.07047495,0.1706414,0.116887175,0.039678335,0.101629995,0.52125233,0.5794346,0.5425776,0.024009585,0.5362399,0.0,0.10503345,0.04970159,0.046991576,0.03944315,83.57673,86.815575,84.63443,1.2960206,84.11773,79.55374,83.3365,81.46818,1.5008056,81.60568,13.277375,20.863647,16.944809,2.9956183,17.925468,7.234375,13.8359375,10.221875,2.597328,9.9375,34,45,40.2,4.024922359499622,40.0,BBF-14,78,RFdiffusion3,SolubleMPNN,23,non_binder,0.3895982909202575,non_binder
3ad65a43-1c20-5710-bb3b-6b165b4675cc,0.39026,0.94185,0.524038,0.23438707327837,0.43238,0.0,1.0,0.2,0.447213595499958,0.0,0.6056,2.0244,1.5123799999999998,0.5390362993342841,1.6045,1.6021,4.0315,3.4111800000000003,1.0199226377524915,3.8366,0.55607265,0.7987849,0.7162329,0.09308935,0.73720825,0.55710906,0.88763994,0.7842399,0.13272966,0.8102574,0.55710906,0.7987849,0.7164402,0.09264365,0.73720825,0.55607265,0.88763994,0.78403264,0.13317311,0.8102574,0.81474054,0.9655115,0.92177045,0.061483216,0.93751514,0.85654706,0.92554426,0.8997261,0.026021175,0.902123,0.5596519,0.71092457,0.649199,0.055655964,0.656034,90.97097,93.46934,92.89037,1.0775523,93.384056,82.44188,86.07838,84.90598,1.421727,85.21921,4.4614797,6.5615387,5.2367735,0.7871769,5.0570893,0.5410156,1.4169922,0.8106445,0.3492311,0.69091797,15,33,21.8,7.259476565152615,21.0,TREM2,71,FreeBindCraft (BindCraft),Caliby (SolubleCaliby),26,binder,0.8652001810073852,binder
3b163aa8-b147-55fa-9e1b-f70a76a4a294,0.69303,0.76285,0.72226,0.026263020580275978,0.71704,0.41176,0.47059,0.423526,0.026309575823262526,0.41176,0.6699,0.9531,0.8078799999999999,0.1063131553477743,0.813,1.0748,1.8468,1.5124,0.3238114188845106,1.5842,0.5827148,0.6310414,0.6085975,0.01807109,0.6057008,0.76671916,0.8154691,0.7938979,0.017694676,0.7945578,0.76671916,0.8154691,0.7938979,0.017694676,0.7945578,0.5827148,0.6310414,0.6085975,0.01807109,0.6057008,0.843165,0.87893784,0.86317664,0.012998781,0.8636056,0.90170985,0.91619724,0.9113821,0.0060009477,0.91356647,0.6966924,0.72348094,0.71322215,0.010306977,0.7163195,97.2388,97.34882,97.28162,0.042400926,97.268394,97.10195,97.21138,97.17088,0.05183672,97.20259,3.576976,3.9356732,3.7223248,0.13627037,3.685793,1.0107422,1.1103516,1.0566406,0.03972221,1.0566406,20,23,21.8,1.3038404810405297,22.0,TrkA,61,Proteina-Complexa,Caliby (SolubleCaliby),14,non_binder,0.9711487507820128,binder
3b2d6da3-d273-5de8-8f1f-9c35e84381d3,0.33135,0.43228,0.383789,0.03661672218172094,0.378205,0.74074,0.96296,0.8777760000000001,0.07817914473253794,0.88889,4.1462,7.7898,6.59284,1.2476293895936315,6.9801,10.1863,24.2877,17.38666,4.648698843093386,17.22645,0.50812805,0.860446,0.7420989,0.12817638,0.7620686,0.67139006,0.9164818,0.79661614,0.11691771,0.8052384,0.50812805,0.860446,0.74738985,0.12463482,0.76769495,0.6443901,0.9164818,0.7913252,0.12306046,0.8052384,0.7671953,0.9745631,0.8870045,0.09206586,0.9087322,0.7418207,0.8373918,0.80578315,0.039183676,0.8282767,0.31071392,0.7852913,0.6281981,0.18519689,0.7032646,79.9401,90.557915,85.958,4.6984687,86.40549,78.8626,85.912766,82.37065,3.1689584,82.2769,6.452654,15.636396,9.627673,3.7152731,7.988906,0.34643555,1.0332031,0.6359619,0.29063156,0.5699463,39,64,45.2,7.913420387052756,42.5,RBX1,60,PXDesign,SolubleMPNN,15,non_binder,0.9253301787376403,binder
3b55ba99-7120-5ec1-a80b-83701432d33f,0.84509,0.87953,0.861092,0.015909727213249136,0.86153,0.66667,0.81818,0.751516,0.06569413923631241,0.78788,0.5507,0.669,0.6138600000000001,0.05361709615411864,0.6103,0.9365,1.699,1.32324,0.29109402776422605,1.276,0.7555217,0.8017472,0.78075135,0.019024536,0.78130263,0.87347066,0.915305,0.89628065,0.015505224,0.8983355,0.87347066,0.915305,0.89628065,0.015505224,0.8983355,0.7555217,0.8017472,0.78075135,0.019024536,0.78130263,0.9437111,0.95639956,0.9506825,0.0052644536,0.95081604,0.9595938,0.96446973,0.96205664,0.0017614523,0.96209705,0.6876623,0.7171761,0.7031636,0.010669185,0.70250434,92.185135,92.884415,92.50127,0.29822955,92.34831,96.592575,96.8302,96.722,0.11548489,96.75297,3.6963499,4.0531726,3.8650093,0.13040821,3.869565,0.7128906,0.9399414,0.8263672,0.095145084,0.8378906,36,39,37.8,1.0954451150103317,38.0,MBP,80,PXDesign,Caliby (SolubleCaliby),13,non_binder,0.983252649307251,binder
3b9ac9e4-7634-5586-a3e3-b1984a64b77a,0.01474,0.32239,0.077983,0.10424209642835172,0.01697,0.0,0.21053,0.04736900000000001,0.07525539160455917,0.0,3.7867,27.5511,17.16338,8.399539654422869,21.60835,6.6402,41.7468,29.67246,13.972080574345396,38.2759,0.0,0.6069733,0.23748823,0.23357293,0.2257185,0.0,0.63190717,0.28590846,0.24433975,0.3288117,0.0,0.8536819,0.4083403,0.37569374,0.47092432,0.0,0.6069733,0.2448405,0.22690189,0.2257185,0.79224735,0.9386563,0.86531466,0.04744062,0.8675865,0.84381425,0.94838417,0.8943757,0.033649035,0.89153993,0.0,0.57246846,0.27198178,0.21416812,0.28356358,66.46928,81.191185,71.49741,5.145774,70.14107,85.73905,88.29843,87.133484,0.83763224,87.10852,5.8299603,22.319132,11.78216,5.5270853,9.986202,1.0683594,16.171875,5.8302736,5.04053,4.154297,29,67,49.6,11.539304812490029,51.5,TNFa,82,RFdiffusion3,SolubleMPNN,19,non_binder,0.68034197807312,binder
3ba122cc-5c1e-41c3-876a-a7a317f93bbf,0.81662,0.90392,0.864616,0.02493932334464767,0.866055,0.7,0.83529,0.769803,0.04180083466737103,0.76569,0.4555,0.9662,0.65371,0.18347049687135591,0.63095,0.5259,1.2632,0.96105,0.2378453711039077,1.0131999999999999,0.7522677,0.8841389,0.82655066,0.0492545,0.8368609,0.86615986,0.90759194,0.8838089,0.013155532,0.8839556,0.8719206,0.9387689,0.909708,0.021789411,0.9144834,0.7522677,0.8841389,0.82655066,0.0492545,0.8368609,0.9594188,0.9774005,0.97026205,0.0052058706,0.9704737,0.9633708,0.979422,0.9728546,0.004548799,0.9730365,0.6630951,0.7504154,0.71098745,0.028433418,0.7130534,87.901276,91.51159,89.68876,1.6503372,89.81043,89.02596,89.953995,89.28632,0.26743189,89.22603,3.4970307,4.8745317,4.1101575,0.41307285,4.06558,0.53808594,1.0761719,0.7789062,0.22564615,0.7531738,43,52,46.4,3.204163957519445,45.0,TNFa,80,PXDesign,SolubleMPNN,37,non_binder,0.9828570795059203,binder
3be76140-eb48-57f6-81b8-06507b583158,0.00444,0.00833,0.005915999999999999,0.0012682989482855462,0.006055,0.0,0.0,0.0,0.0,0.0,26.6131,35.2119,31.431459999999998,2.88521445349677,30.4516,56.9078,78.7679,69.01201,7.527984671794816,67.2235,0.0,0.0,0.0,0.0,0.0,0.0,0.0,0.0,0.0,0.0,0.0,0.0,0.0,0.0,0.0,0.0,0.0,0.0,0.0,0.0,0.19226345,0.83969665,0.54203594,0.30292305,0.5532088,0.64408493,0.88197315,0.7630922,0.11382642,0.7647668,0.0,0.035373263,0.005555555,0.012247225,0.0,77.61367,84.93527,81.44334,2.3727233,81.234436,85.33192,86.04959,85.7311,0.2750091,85.78607,22.091764,27.952837,24.741901,1.7017564,24.817215,11.40625,20.640625,15.661718,2.9571366,15.5703125,19,59,38.4,13.48414707062416,34.0,Cas9,80,PXDesign,Caliby (SolubleCaliby),29,non_binder,0.3559929364919663,non_binder
3bf95c1f-d390-56a3-a997-9d72be366107,0.89243,0.91763,0.9028539999999999,0.01004465429967602,0.90045,0.92,0.96,0.944,0.021908902300206604,0.96,0.6913,0.8909,0.79478,0.08073881965944264,0.799,0.8925,1.2739,1.07324,0.18775920217129174,1.0442,0.9189267,0.9268838,0.92279565,0.0032846949,0.9236171,0.9465197,0.9543269,0.95096207,0.0029607743,0.9507202,0.9465197,0.9543269,0.95096207,0.0029607743,0.9507202,0.9189267,0.9268838,0.92279565,0.0032846949,0.9236171,0.9708945,0.9738809,0.9724196,0.0012178797,0.97281665,0.9781574,0.9807124,0.9795624,0.0009567204,0.9796593,0.78692335,0.7959518,0.79069775,0.003950367,0.7890349,95.39363,95.697845,95.57663,0.13127781,95.61932,94.00798,94.50189,94.25346,0.2312461,94.268684,2.8444333,2.9674077,2.8834007,0.04828173,2.867157,0.3227539,0.3449707,0.33359376,0.0081368815,0.33276367,57,63,59.6,2.190890230020665,59.0,BHRF1,84,BoltzGen,SolubleMPNN,17,non_binder,0.9796265149116515,binder
3c0e6880-b5d6-5959-a4c1-2d26754376ec,0.41862,0.89354,0.64215,0.2086431913312507,0.601665,0.375,1.0,0.6,0.2554951619459315,0.5,0.5617,2.681,1.6069400000000003,0.8456796322748021,1.4208,0.9125,6.8972,4.10948,1.9794420946878495,4.37055,0.18689296,0.6071657,0.39657697,0.20101956,0.39828104,0.4845567,0.73427474,0.62168634,0.11493876,0.6417844,0.4845567,0.73427474,0.62168634,0.11493876,0.6417844,0.18689296,0.6071657,0.39657697,0.20101956,0.39828104,0.8363732,0.94970053,0.90099543,0.0474918,0.9021876,0.6846752,0.90514123,0.79140174,0.10175937,0.7792789,0.21662045,0.45541337,0.34019315,0.113970585,0.34956545,80.44779,88.92732,84.943344,4.0659113,85.35573,85.39683,87.02805,86.27246,0.5736591,86.188736,14.475547,15.5990505,15.085054,0.32570606,15.06442,1.5507812,4.7304688,3.024414,1.4420692,2.7685547,33,69,52.8,15.142288099520785,56.0,Cas9,86,BoltzGen,SolubleMPNN,47,non_binder,0.7763999009132385,binder
3c2b58ab-da0d-5dd2-8e51-dab104aa950c,0.70025,0.77493,0.734344,0.028328263546422247,0.73372,0.45833,0.62963,0.541852,0.0541268101159983,0.55602,0.8216,1.2955,0.9864499999999999,0.13523462944083522,0.95555,1.042,2.3019,1.6487500000000002,0.397834030861,1.7433,0.8434526,0.90957904,0.88074005,0.024605386,0.8812181,0.8489803,0.91271615,0.8842556,0.022825547,0.8846876,0.8489803,0.91013056,0.88329995,0.02208073,0.8828771,0.8434526,0.9140689,0.8837101,0.026936287,0.8884144,0.9360133,0.95350504,0.94443625,0.0051132157,0.94431525,0.93514526,0.95206934,0.9453801,0.0052257827,0.94625837,0.702761,0.77013165,0.7395008,0.022677215,0.74063575,95.130875,95.567924,95.36366,0.13959011,95.38394,93.840096,94.74435,94.37302,0.28313735,94.43912,2.861666,3.7972658,3.2709534,0.3122042,3.2432547,0.47607422,0.86572266,0.65458983,0.14562869,0.63427734,44,51,48.6,2.2211108331943574,49.0,VEGF-A,98,Proteina-Complexa,SolubleMPNN,26,binder,0.970672571659088,binder
3c481503-411b-42f6-a0a5-704527de31bc,0.43152,0.53178,0.49222,0.03224332213377248,0.50118,0.27027,0.46825,0.366152,0.06586775788569767,0.387605,2.3929,2.7495,2.54373,0.1121667909855675,2.5376000000000003,3.1831,4.3171,3.5403,0.31352499811728635,3.505,0.24759161,0.84581864,0.61548936,0.24446413,0.70623785,0.5656981,0.85937256,0.7621177,0.11225133,0.81231064,0.5656981,0.9256723,0.7989016,0.14271693,0.85511637,0.24759161,0.84581864,0.61548936,0.24446413,0.70623785,0.9054767,0.97843707,0.95130444,0.026638532,0.9612785,0.9248552,0.98096645,0.9596435,0.01990303,0.96605647,0.36543033,0.7143824,0.5885968,0.13535988,0.6440698,87.213135,90.020966,88.857834,1.0870874,89.08614,86.47138,87.98892,87.0951,0.44685245,87.04583,3.7551007,8.317748,5.507036,1.7380798,4.9542017,0.6542969,3.8359375,1.7360351,1.2719603,1.2084961,31,46,41.3,5.165053511608352,43.0,TNFa,80,PXDesign,SolubleMPNN,37,non_binder,0.9483027839660644,binder
3c5f740a-a0b3-5490-8cb4-f029ace33251,0.30979,0.37939,0.357128,0.02822309373545005,0.37151,0.75,0.9375,0.8875,0.08149003006503311,0.9375,6.0541,6.8569,6.456360000000001,0.3430481132436093,6.5733,20.8225,22.2561,21.77742,0.5539003764216085,21.9478,0.63581544,0.71862715,0.69095206,0.033910453,0.7074855,0.70465434,0.7321396,0.7222179,0.013006631,0.7308774,0.70465434,0.7321396,0.7222179,0.013006631,0.7308774,0.63581544,0.71862715,0.69095206,0.033910453,0.7074855,0.9300429,0.9514095,0.9444475,0.008758504,0.94881237,0.64039654,0.72438437,0.6976801,0.033634905,0.7124845,0.4915416,0.5434767,0.5172413,0.019211289,0.513798,85.46131,87.03491,86.18668,0.76865476,85.910576,83.84867,85.108826,84.62406,0.49440747,84.75097,10.418016,12.523745,11.03607,0.8548486,10.64602,1.0566406,1.4179688,1.1927735,0.14259417,1.1289062,43,61,51.2,6.496152707564686,51.0,EGFR,80,PXDesign,SolubleMPNN,15,non_binder,0.8834260654449462,binder
3cc6c0da-81b5-5bce-98f1-4aabc37408ee,0.00957,0.84137,0.39125899999999997,0.3910521909597803,0.37431,0.0,0.85714,0.378572,0.4009629791666835,0.357145,0.9881,20.5748,9.34995,8.889311863912127,6.28005,1.5052,55.1827,22.7335,23.80208147102546,10.9022,0.0,0.8125961,0.37094384,0.39322346,0.33907813,0.0,0.86943346,0.41992268,0.44305286,0.4030001,0.0,0.86943346,0.41992268,0.44305286,0.4030001,0.0,0.8125961,0.37094384,0.39322346,0.33907813,0.11691677,0.9528706,0.55014914,0.40156192,0.57538325,0.7086341,0.9661733,0.84727174,0.11957138,0.8680253,0.0,0.61211884,0.28873754,0.30500332,0.27312094,83.898125,93.95692,90.10045,4.215579,91.82033,81.54814,94.091805,88.74515,5.522576,90.33119,5.3022532,25.628046,14.369776,9.20257,12.498612,1.0117188,21.59375,9.227539,8.588892,7.302246,39,90,61.2,15.002222057637553,62.0,Nipah-G,100,BoltzGen,SolubleMPNN,18,non_binder,0.7921271300315856,binder
3cf3e166-0e7a-5961-96b0-1c6e85d2d6e6,0.00429,0.6867,0.140978,0.30506790878425744,0.00464,0.0,1.0,0.2,0.4472135954999579,0.0,0.7024,29.5734,23.1459,12.556878039942891,28.4631,15.1284,83.3344,67.7574,29.454881540417027,79.9218,0.0,0.09148627,0.010258919,0.02875289,0.0,0.0,0.24806742,0.034604978,0.08107811,0.0,0.0,0.24806742,0.034604978,0.08107811,0.0,0.0,0.09148627,0.010258919,0.02875289,0.0,0.57058436,0.7140898,0.6197444,0.04369516,0.61370283,0.61612165,0.7575738,0.67741805,0.043566015,0.6791055,0.0,0.1416739,0.026102226,0.048615824,0.0,71.76676,91.27597,79.130165,7.125595,78.600525,74.155464,80.779625,76.92475,2.906446,75.584984,16.216837,28.546316,23.230276,4.5615554,22.613964,6.2109375,20.34375,14.130468,5.1353917,13.515625,18,78,32.4,18.886797269815524,23.5,Latent GDF-8,106,Genie3,ProteinMPNN,28,non_binder,0.24941508829593653,non_binder
3d3697bc-01ca-5b10-b28a-e655deb54c5e,0.412,0.53804,0.508582,0.05429248769397107,0.53118,0.26667,0.6,0.48,0.12823372762265003,0.53333,2.4781,2.8818,2.73498,0.1703590238290886,2.8323,3.4475,4.9038,4.06548,0.5508801929639514,3.9759,0.50668496,0.6587524,0.6122493,0.061904393,0.62730443,0.69930696,0.7759805,0.7534176,0.03196115,0.7653239,0.69930696,0.7759805,0.7534176,0.03196115,0.7653239,0.50668496,0.6587524,0.6122493,0.061904393,0.62730443,0.82051194,0.8954366,0.87309754,0.03067762,0.88204825,0.9258922,0.94445676,0.9359026,0.0072430335,0.9368742,0.49054173,0.5708043,0.54034454,0.030933624,0.54097503,78.519684,82.11525,80.77559,1.4474804,81.27218,94.994,95.85939,95.511375,0.3553299,95.510605,5.6305923,6.6540136,6.0431657,0.38598245,6.011979,1.3085938,2.0507812,1.5466797,0.2940543,1.4755859,22,37,31.2,6.572670690061994,33.0,MBP,95,FreeBindCraft (BindCraft),SolubleMPNN,9,non_binder,0.8603949308395386,binder
3d6b9bb9-39e2-5a39-8f74-058aaf83115e,0.0207,0.67899,0.337526,0.3324490139421549,0.30438,0.0,0.57143,0.24857300000000002,0.26871820204858143,0.17143,1.3801,28.5458,14.20787,13.457908975357205,14.0318,1.9348,33.8449,17.024250000000002,15.74499157300152,16.71185,0.16726363,0.667663,0.47092453,0.18859248,0.5282369,0.30728126,0.81372356,0.62098855,0.14521448,0.66006464,0.39646912,0.81372356,0.680797,0.15102789,0.7445408,0.16726363,0.667663,0.47092453,0.18859248,0.5282369,0.8348436,0.95523036,0.92267877,0.03799158,0.93411493,0.8671495,0.9613574,0.9367417,0.029625228,0.9445566,0.21588516,0.60015947,0.47207713,0.13739824,0.53301996,72.525734,78.57985,75.25218,1.8012635,74.99657,84.284836,87.702446,86.42375,1.2436428,86.70567,5.304671,10.266135,6.965867,1.8376476,6.27892,1.5009766,5.7890625,2.5063477,1.3243032,2.0800781,47,79,62.7,10.604506379627274,64.0,TNFa,85,PXDesign,SolubleMPNN,32,non_binder,0.8204470539093017,binder
3d7aed24-b2a7-5e43-beac-673f9cfd2ecb,0.00945,0.02336,0.01824,0.005435692228226319,0.01989,0.0,0.0,0.0,0.0,0.0,7.1776,14.4183,10.1235,3.454006144319955,8.1654,42.4719,63.449,51.67565999999999,7.533907909776971,51.0148,0.0,0.0,0.0,0.0,0.0,0.0,0.0,0.0,0.0,0.0,0.0,0.0,0.0,0.0,0.0,0.0,0.0,0.0,0.0,0.0,0.17405508,0.29743242,0.22976632,0.046683915,0.21426733,0.5830742,0.59861183,0.5922518,0.006531677,0.5936468,0.0,0.0,0.0,0.0,0.0,78.55322,81.610916,80.53109,1.2104381,80.94659,83.87661,84.6654,84.16203,0.33492738,84.002945,19.288631,24.035168,21.20164,1.8685586,21.349937,12.2265625,17.828125,14.796875,2.1055956,15.0546875,27,45,35.6,6.4265076052238514,36.0,EGFR,82,RFdiffusion3,SolubleMPNN,16,non_binder,0.26067694067955016,non_binder
3ddf3918-f505-5a30-946e-5059adee4be6,0.9221,0.93631,0.929632,0.00570753624605219,0.92932,0.85106,0.89362,0.863828,0.01903341062447817,0.85106,0.3658,0.4454,0.40708,0.03699590517881675,0.4043,0.5327,0.8837,0.64756,0.15466012091033682,0.5588,0.8879628,0.9088264,0.89795077,0.007665639,0.8967996,0.897469,0.9107846,0.90465546,0.00668391,0.90718615,0.897469,0.9107846,0.90465546,0.00668391,0.90718615,0.8879628,0.9088264,0.89795077,0.007665639,0.8967996,0.9625647,0.9701741,0.96621007,0.0027896233,0.9657717,0.97175777,0.97559035,0.97399485,0.0018726618,0.9748462,0.79737943,0.8147574,0.8046665,0.0068879956,0.80437535,94.92095,95.56797,95.19881,0.2693441,95.255424,95.17405,95.40177,95.28211,0.10759927,95.22332,2.393011,2.6211238,2.52248,0.09070981,2.5173762,0.42749023,0.5102539,0.4668457,0.033051718,0.46899414,47,53,50.6,2.509980079602227,52.0,PD-L1,64,RFdiffusion3,SolubleMPNN,24,non_binder,0.9821192121505736,binder
3e2d19a6-9b89-5c50-a17e-bb39e76906f4,0.75599,0.83478,0.8039120000000001,0.03679511203950868,0.82219,0.66667,0.86667,0.786668,0.07673793794466992,0.8,0.4941,0.5484,0.51832,0.02348546358920769,0.524,4.2208,6.9474,5.15878,1.0492128773513985,4.9726,0.71870273,0.7897181,0.7494179,0.029569762,0.7517264,0.8588794,0.9142086,0.8913186,0.020292541,0.8941622,0.71870273,0.7897181,0.7494179,0.029569762,0.7517264,0.8588794,0.9142086,0.8913186,0.020292541,0.8941622,0.931733,0.9600675,0.94847524,0.0104150465,0.9499911,0.8627247,0.9327856,0.8985289,0.028608862,0.902386,0.675045,0.7261636,0.69504464,0.020861547,0.6949519,97.2049,97.49538,97.34485,0.13194825,97.27715,81.80961,87.3676,84.676865,2.7557876,84.93885,4.4927626,6.481812,5.4400377,0.81375885,5.2748456,0.5083008,0.67089844,0.5852539,0.060120687,0.56884766,35,44,39.6,3.2863353450309973,39.0,TREM2,120,RFdiffusion3,SolubleMPNN,11,binder,0.955926673412323,binder
3e4c9ca9-dbc7-537b-b051-3e272b78cd48,0.82205,0.90767,0.8786859999999999,0.03427102755973333,0.88838,0.73529,0.85294,0.794118,0.046504455377952794,0.79412,0.4455,0.8573,0.60676,0.15238134072123133,0.5798,0.7579,1.302,1.03994,0.21564180485239873,1.0086,0.6298746,0.6366716,0.63250524,0.0025828357,0.6324302,0.63344365,0.66849315,0.65115196,0.016023202,0.6493533,0.63344365,0.66849315,0.65115196,0.016023202,0.6493533,0.6298746,0.6366716,0.63250524,0.0025828357,0.6324302,0.8376103,0.84052,0.8387245,0.0011399098,0.83847153,0.89975166,0.9056872,0.9024838,0.0024843735,0.9013521,0.5472093,0.56343144,0.5557307,0.006812916,0.5539427,91.29694,91.53457,91.42605,0.09388406,91.40144,94.28976,94.37712,94.32414,0.03581572,94.31798,5.83841,5.99895,5.92527,0.059107214,5.933472,1.4316406,1.5488281,1.5023438,0.046181187,1.5175781,44,50,47.6,2.5099800796022267,47.0,IL-7Ra,92,FreeBindCraft (BindCraft),SolubleMPNN,14,non_binder,0.9672876811027525,binder
3ee5f65c-634b-5910-9dd7-c0657ac1b22b,0.84114,0.92759,0.8994579999999999,0.033567143459043394,0.9098,0.68,0.92,0.8320000000000001,0.09121403400793102,0.84,0.4894,0.5805,0.53166,0.03439873544187346,0.5315,1.0266,1.5789,1.25338,0.23887967054565357,1.2347,0.8785823,0.9106031,0.8978246,0.012578446,0.8971341,0.9154639,0.9332782,0.92629576,0.0074399076,0.9292007,0.9154639,0.9332782,0.92629576,0.0074399076,0.9292007,0.8785823,0.9106031,0.8978246,0.012578446,0.8971341,0.9503496,0.96230286,0.9576456,0.0046970304,0.9588232,0.9632825,0.97140366,0.96813124,0.0032622342,0.9691526,0.7971247,0.81773466,0.8106828,0.008515956,0.81348795,97.65047,97.807144,97.73436,0.0556532,97.73923,96.80923,97.43283,97.136185,0.25275153,97.164696,2.4378133,2.6987996,2.5630658,0.10356205,2.5377102,0.3947754,0.46484375,0.42182618,0.028777232,0.42407227,36,40,38.6,1.5165750888103107,39.0,TrkA,75,PXDesign,SolubleMPNN,17,binder,0.9799606347084044,binder
3f19f612-430c-57dc-902e-ab2a74a033b3,0.53074,0.81102,0.7245860000000001,0.11409235395064823,0.77895,0.32143,0.75,0.6214299999999999,0.17239304582842083,0.67857,0.8979,1.6296,1.13022,0.30467337757014473,0.9772,1.6397,4.0882,2.6278799999999998,0.9456281811579008,2.4976,0.55257344,0.8209889,0.7406851,0.10873504,0.78332824,0.75125086,0.9288497,0.8744658,0.071299426,0.8908645,0.75125086,0.9288497,0.8744658,0.071299426,0.8908645,0.55257344,0.8209889,0.7406851,0.10873504,0.78332824,0.8549624,0.9572087,0.9286518,0.042110935,0.94612193,0.93972313,0.9692993,0.95983994,0.011764852,0.96192557,0.5922411,0.73582256,0.6876742,0.05634279,0.69681543,87.91695,92.07157,90.84032,1.7614452,91.73018,96.33702,97.20948,96.85655,0.3716445,97.03624,3.3443289,5.1019087,3.9437325,0.6881975,3.871716,0.72021484,1.6572266,0.9849609,0.38477576,0.86328125,17,31,26.2,5.805170109479997,29.0,MBP,88,Genie3,SolubleMPNN,17,non_binder,0.9512862634658812,binder
3f3bfbb9-7773-5228-938a-088c3f485180,0.83661,0.88868,0.855794,0.019701249452763154,0.84913,0.6875,0.8125,0.725,0.055901699437494734,0.6875,0.5017,0.6302,0.5602400000000001,0.05164806869574114,0.5421,1.1419,2.0604,1.58714,0.35837676822026293,1.6124,0.6334477,0.66962504,0.6502951,0.013263026,0.6483242,0.68477815,0.71056664,0.6952774,0.009996803,0.69305885,0.68477815,0.71056664,0.6952774,0.009996803,0.69305885,0.6334477,0.66962504,0.6502951,0.013263026,0.6483242,0.8472404,0.8660278,0.85605127,0.006862462,0.85520357,0.91175956,0.9224404,0.9156771,0.004288482,0.91513723,0.60207295,0.62346417,0.60909307,0.008295668,0.60619223,96.20587,96.42685,96.30252,0.08128083,96.288246,96.7947,96.93162,96.88353,0.057564877,96.9067,4.923027,5.218832,5.133425,0.11941851,5.1812997,1.2578125,1.3837891,1.3441406,0.049687747,1.3583984,20,25,22.6,2.073644135332772,23.0,IL-7Ra,88,FreeBindCraft (BindCraft),SolubleMPNN,11,binder,0.9595233678817748,binder
3f9d5267-5651-589b-bebf-468d6e302246,0.00549,0.56745,0.328112,0.2947327723039974,0.52728,0.0,0.83333,0.499998,0.4564336388457801,0.83333,1.2243,30.4642,12.04444,14.859289889426076,1.3067,12.9695,71.2327,38.76541999999999,29.506242600964967,20.3693,0.0,0.011139364,0.003173088,0.0051144566,0.0,0.0,0.06616199,0.0132917445,0.023310522,0.0,0.0,0.06616199,0.0132917445,0.023310522,0.0,0.0,0.011139364,0.003173088,0.0051144566,0.0,0.47822788,0.7371316,0.6513197,0.08004822,0.67287856,0.52754384,0.7739842,0.69657767,0.07591503,0.7162435,0.0,0.07861496,0.026020864,0.03460673,0.0,78.97027,92.09426,84.4471,5.243742,82.63362,74.78349,79.61509,77.34838,1.647895,77.49136,17.988457,26.678677,21.955961,3.6593378,21.228838,7.9414062,18.890625,12.99375,4.2809396,13.6171875,20,44,34.1,8.17108723895827,37.0,Latent GDF-8,68,Genie3,ProteinMPNN,30,non_binder,0.5311073708534241,binder
4047ef5b-2809-5085-b128-04dd68599b94,0.74204,0.80107,0.770706,0.0225603685696843,0.76344,0.62791,0.67442,0.646512,0.019455931486310293,0.65116,0.7694,1.0963,0.9749800000000001,0.12381424393017149,1.0171,1.0974,2.0227,1.6537199999999999,0.37350963441389307,1.8262,0.68373007,0.74680275,0.7299769,0.026046015,0.73958397,0.814604,0.8573025,0.84585655,0.018333392,0.8564481,0.814604,0.8573025,0.84585655,0.018333392,0.8564481,0.68373007,0.74680275,0.7299769,0.026046015,0.73958397,0.9302231,0.9483757,0.94372255,0.0076086144,0.9469252,0.9359625,0.95845395,0.94877815,0.008305369,0.9493712,0.6130185,0.66196626,0.6418263,0.018628275,0.64308304,84.18589,86.633,85.185555,0.9097986,84.89902,94.978035,95.66015,95.37343,0.260539,95.45823,4.5754704,5.2090445,4.915137,0.28688675,4.881789,0.8095703,0.9667969,0.8517578,0.06630259,0.81591797,34,46,39.6,4.929503017546495,39.0,MBP,66,RFdiffusion,SolubleMPNN,18,non_binder,0.9696945118904113,binder
40538b23-3c0d-5a21-9363-4040170f171a,0.88364,0.91981,0.902052,0.014507119631408601,0.90273,0.83333,0.94444,0.8777760000000001,0.04648124546524111,0.88889,0.535,0.6815,0.60262,0.05333382603939076,0.5989,0.948,1.8437,1.5191599999999998,0.38435044945986474,1.7499,0.7901289,0.82278633,0.7996658,0.013554117,0.7927657,0.8264572,0.8537512,0.8353543,0.010918961,0.83122826,0.8264572,0.8537512,0.8353543,0.010918961,0.83122826,0.7901289,0.82278633,0.7996658,0.013554117,0.7927657,0.9259832,0.93946713,0.9299129,0.0055916808,0.9271744,0.93404424,0.9470572,0.93934745,0.00493576,0.93753207,0.6678133,0.6956918,0.6772157,0.010837802,0.6731168,96.00916,96.22601,96.124016,0.09124132,96.143555,96.2617,96.38167,96.30782,0.04555227,96.306946,3.9046476,4.2950935,4.169135,0.15945788,4.217442,0.77685547,0.9350586,0.86279297,0.06100683,0.8745117,47,51,49.4,1.5165750888103104,50.0,IL-7Ra,85,PXDesign,SolubleMPNN,10,non_binder,0.9772209692001342,binder
40c23902-5a60-54d1-80c0-6b831b9f6bb7,0.73571,0.85019,0.793349,0.03884346919224502,0.78642,0.69697,0.82353,0.733869,0.04308470660609552,0.71212,0.8156,1.384,1.0179,0.20133809045152545,0.9821,1.5533,2.2982,1.73854,0.2258818580093979,1.6592,0.64800775,0.85519606,0.7758633,0.07447875,0.8113086,0.75310516,0.8591084,0.8204037,0.033392023,0.83363056,0.75310516,0.8881315,0.8365432,0.04641141,0.8565408,0.64800775,0.85519606,0.7758633,0.07447875,0.8113086,0.9035283,0.9473464,0.9293045,0.01205075,0.93088806,0.9116116,0.9527251,0.9372153,0.012955904,0.94394565,0.63469136,0.75277835,0.7059196,0.041544974,0.72589076,92.8375,94.574104,93.78643,0.5764008,93.804565,95.659775,96.53624,96.117516,0.356097,96.10283,3.1347747,4.6627626,3.7535071,0.5449913,3.5194383,0.6098633,1.3369141,0.86333007,0.2516646,0.751709,38,44,41.2,1.6865480854231356,41.0,VEGF-A,70,Proteina-Complexa,SolubleMPNN,21,non_binder,0.9767576408386229,binder
40e0903b-7776-5cef-88e3-64babefe34ba,0.4292,0.49987,0.46283799999999997,0.026976724597326474,0.46103,0.68966,0.75862,0.717244,0.02884803771489487,0.72414,6.8983,7.4751,7.1608,0.24199919421353439,7.0436,5.6197,7.6182,6.543000000000001,0.7526827585377522,6.6688,0.7676339,0.81271994,0.7856685,0.019161109,0.7792798,0.9376565,0.94561666,0.941346,0.0034926082,0.93963236,0.7676339,0.81271994,0.7856685,0.019161109,0.7792798,0.9376565,0.94561666,0.941346,0.0034926082,0.93963236,0.9772812,0.9803179,0.9787302,0.0014288595,0.9779371,0.8712419,0.9271668,0.9049009,0.02149042,0.90938306,0.6848889,0.7035223,0.6941775,0.008434618,0.6962532,94.03869,94.992905,94.59121,0.35703248,94.58658,83.85964,87.07108,85.0104,1.2826182,84.97418,4.5805063,5.981796,5.217373,0.5264653,5.286428,0.3713379,0.40673828,0.3934082,0.013676887,0.39770508,30,34,32.4,1.5165750888103098,33.0,TREM2,87,RFdiffusion3,SolubleMPNN,12,binder,0.9231601524353027,binder
412627c5-1cdd-5558-97d0-70224b6982df,0.05275,0.52333,0.177942,0.20413854332291095,0.05368,0.0,0.48276,0.117242,0.2091833449871189,0.0,2.2754,11.9552,8.5196,4.582455113255339,11.6141,4.4579,20.8624,15.27546,7.688224559870763,20.6284,0.0,0.24669863,0.08246327,0.112729646,0.011191754,0.0,0.5579446,0.20544466,0.25665876,0.07166849,0.0,0.5579446,0.1933493,0.2658014,0.011191754,0.0,0.24669863,0.09455862,0.10622771,0.07166849,0.1291887,0.6878733,0.39982167,0.23006655,0.40423492,0.83535594,0.92238235,0.87443763,0.03575726,0.8743488,0.0,0.4226659,0.16684248,0.17595558,0.12728016,68.03672,74.5046,71.93477,2.5886633,73.17575,93.79031,95.39506,94.76147,0.62584877,94.873535,7.335801,23.25513,14.069544,6.557852,12.234364,4.1875,15.9453125,8.785156,4.6872916,7.3242188,7,38,23.8,14.289856542317,30.0,MBP,68,Genie3,SolubleMPNN,15,non_binder,0.409497286081314,non_binder
4173784d-ea7c-542f-9335-1997a599407f,0.06203,0.34573,0.214684,0.13289892994302097,0.28683,0.03448,0.06897,0.048276,0.018890951008353186,0.03448,3.8986,12.1476,6.996980000000001,3.7777564296815114,4.876,3.7195,21.3709,10.68172,8.271508302117576,5.4973,0.7020059,0.8320129,0.7685244,0.058516663,0.7747534,0.93609166,0.9628564,0.9533604,0.010228637,0.95639426,0.93609166,0.9628564,0.9533604,0.010228637,0.95639426,0.7020059,0.8320129,0.7685244,0.058516663,0.7747534,0.95716286,0.97552586,0.96903133,0.007021905,0.97113526,0.79744464,0.9654582,0.9237242,0.07145016,0.95407003,0.68300766,0.7368191,0.71680295,0.02053228,0.7248663,73.28159,84.93165,78.83318,4.454747,78.62909,90.49425,92.75628,91.67694,0.8994606,92.01551,3.5819342,11.100898,5.327301,3.266326,3.603494,0.31860352,0.37646484,0.34213868,0.021520827,0.33935547,47,54,51.8,2.7748873851023217,53.0,BHRF1,89,RFdiffusion,SolubleMPNN,26,non_binder,0.842330265045166,binder
41848aa2-47d5-5522-a686-b8d5de0425a3,0.93126,0.95622,0.945688,0.012828096897045956,0.9527,0.93333,1.0,0.966668,0.023571404709944635,0.96667,0.3626,0.6633,0.54664,0.12724583686706614,0.5681,0.6791,1.0638,0.8375,0.1403573831332004,0.8243,0.92944014,0.94365525,0.9346468,0.005400553,0.9331942,0.93473953,0.95250183,0.9409014,0.0068026404,0.9387501,0.93473953,0.95250183,0.9409014,0.0068026404,0.9387501,0.92944014,0.94365525,0.9346468,0.005400553,0.9331942,0.9700735,0.9763835,0.9723941,0.002394705,0.9717626,0.9738441,0.9807466,0.97650594,0.00259633,0.9762787,0.7648178,0.7906424,0.7713746,0.010868208,0.7663982,95.26781,95.52198,95.39543,0.10620401,95.383354,92.35978,92.96576,92.69838,0.25483656,92.70837,2.8050523,3.2452865,3.0904484,0.1680555,3.1361704,0.3347168,0.3623047,0.35302734,0.011362379,0.35864258,52,55,53.2,1.0954451150103328,53.0,BHRF1,107,BoltzGen,SolubleMPNN,13,non_binder,0.9767875480651855,binder
419ec090-e43e-5977-88f2-1b6b46f1fcab,0.02039,0.02322,0.021622999999999996,0.0007529209785893872,0.021609999999999997,0.0,0.00873,0.003814,0.0025611377679981735,0.00349,20.4128,21.5101,20.98038,0.5092534618875397,21.00695,34.5315,35.3203,34.91527,0.2213366719125718,34.91315,0.0,0.68366355,0.2915176,0.2554805,0.26089448,0.009916325,0.7251899,0.39596966,0.27974036,0.48870432,0.009916325,0.866255,0.47986707,0.33592588,0.5730976,0.0,0.68366355,0.29152033,0.25547716,0.26089448,0.7553031,0.96388847,0.8932396,0.064566135,0.9117539,0.8026013,0.96972287,0.9165099,0.050260525,0.9305229,0.046954043,0.64032257,0.347608,0.22512822,0.3809868,77.81764,86.18361,81.75423,2.358602,81.73169,87.67343,90.25247,89.1564,0.75081354,89.15793,4.7640386,16.623575,9.452745,4.0762806,8.050286,1.0820312,9.9921875,4.485254,3.125851,3.774414,27,44,34.8,4.871686908385363,35.0,TNFa,75,RFdiffusion,SolubleMPNN,36,non_binder,0.6519254398345946,binder
41f3b465-0c29-522f-b4b1-1a46172980d0,0.01573,0.07655,0.042268,0.030071041219086513,0.02524,0.0,0.09259,0.02963,0.042632549771272184,0.0,12.7111,25.6389,19.350379999999998,5.721413549727026,21.5234,20.16,39.723,29.53186,8.202437579646675,30.7702,0.0,0.0,0.0,0.0,0.0,0.0,0.0,0.0,0.0,0.0,0.0,0.0,0.0,0.0,0.0,0.0,0.0,0.0,0.0,0.0,0.17456211,0.3560902,0.27473643,0.065470114,0.28294274,0.53854614,0.55738056,0.5485712,0.00795563,0.55243486,0.0,0.020946559,0.013711336,0.009470722,0.019072797,76.99908,82.08308,80.23623,2.1949096,81.37044,86.684074,88.80086,87.98618,0.8359656,88.29537,19.608894,22.65502,21.534258,1.1710031,21.97338,10.875,16.515625,12.30625,2.3802714,11.1640625,18,50,29.2,14.855975228843107,19.0,EGFR,82,PXDesign,SolubleMPNN,16,non_binder,0.1671583867073059,non_binder
42074642-c355-5a49-b786-e5da03c84646,0.90061,0.95934,0.932739,0.02442632707642406,0.9379550000000001,0.92308,1.0,0.965386,0.038245736494412,0.9807699999999999,0.5236,0.7726,0.6382399999999999,0.09312243076247052,0.63105,0.8691,1.2622,0.96624,0.12043594147927769,0.9143,0.78525466,0.8823316,0.83768576,0.039388973,0.84390426,0.79738283,0.8830888,0.8438344,0.03453637,0.85029954,0.79738283,0.8823316,0.8430718,0.033921476,0.8481849,0.78525466,0.8927804,0.843557,0.045135964,0.8519164,0.93140036,0.9462762,0.93808234,0.0043108873,0.9388069,0.924032,0.94702345,0.93623686,0.008579118,0.9378042,0.68755203,0.7532927,0.72172534,0.02720082,0.72626024,96.043434,96.804184,96.39677,0.29182422,96.35751,96.99169,97.4828,97.261986,0.207278,97.27823,3.2614114,4.2548184,3.7566097,0.4063941,3.7295408,0.38500977,0.6513672,0.5092041,0.10052232,0.5151367,27,36,30.5,2.5495097567963927,30.5,VEGF-A,59,BoltzGen,SolubleMPNN,23,binder,0.9622529864311218,binder
420fe7d7-c0af-47eb-9f02-46fac9acbfb3,0.8019,0.88463,0.836567,0.022706225798225486,0.8330299999999999,0.69072,0.92593,0.777702,0.07187634038170469,0.77549,0.6388,0.7495,0.69577,0.03237825230339377,0.6879,2.5687,3.0188,2.6851399999999996,0.1393673259970053,2.6345,0.5097761,0.8678283,0.7216557,0.14794958,0.7682943,0.7693318,0.8728474,0.8305706,0.041346584,0.8491919,0.7693318,0.9397855,0.8604954,0.070452765,0.87985516,0.5097761,0.8678283,0.7216557,0.14794958,0.7682943,0.9410221,0.9781928,0.9593784,0.012592085,0.9614997,0.9499131,0.98094785,0.96394616,0.0101332525,0.96450543,0.5607712,0.73014337,0.65343016,0.06829202,0.6719674,90.31881,93.05911,91.93446,1.0424337,92.325294,88.38469,89.842155,89.11519,0.44284552,89.06583,3.4427764,6.0606875,4.791807,0.94706434,4.649167,0.51708984,1.9667969,1.0737305,0.57746226,0.9326172,45,59,51.7,5.100108931298538,51.5,TNFa,80,PXDesign,SolubleMPNN,40,non_binder,0.9805285215377807,binder
421ec79e-6732-5d17-be0a-e4b22e82a541,0.05189,0.22266,0.095551,0.05821611679289889,0.06855,0.0,0.23288,0.063414,0.0883657105694536,0.027685,6.2323,11.4512,9.195359999999999,1.8706712492222326,9.4419,10.7887,21.7853,18.128800000000002,3.42191864310068,18.836,0.0,0.47348902,0.29071432,0.16924536,0.33544582,0.0,0.65029144,0.41164774,0.22835962,0.47048146,0.0,0.69077957,0.47783923,0.2627949,0.58450687,0.0,0.47348902,0.29071432,0.16924536,0.33544582,0.69127536,0.9245831,0.863445,0.07451108,0.8915299,0.7489886,0.93898576,0.8896713,0.05902458,0.9131307,0.0,0.46435323,0.32809272,0.1641997,0.38344568,83.97079,88.29792,86.940384,1.3883166,87.39969,84.89345,88.03103,86.787285,0.8416401,86.775406,7.584892,21.412552,10.41116,4.4724483,8.670046,1.8212891,13.0,4.243457,3.4706137,2.7753906,22,39,29.5,5.873670062235365,30.0,TNFa,92,RFdiffusion3,SolubleMPNN,39,non_binder,0.6525446712970733,binder
4245eb23-2097-5884-8f62-d32f15b49453,0.00539,0.76995,0.08558099999999999,0.24049117389440955,0.008115,0.0,0.63265,0.063265,0.20006149617055255,0.0,0.9965,29.5589,21.20451,7.9917647891716905,23.97255,1.1042,72.4041,51.10238,19.977439818054766,58.433499999999995,0.0,0.63128734,0.15036291,0.19367301,0.114655316,0.0,0.8734499,0.27454257,0.27721778,0.19651175,0.0,0.8734499,0.27180487,0.27814174,0.19041075,0.0,0.63128734,0.1531006,0.19425482,0.114655316,0.18655863,0.90782785,0.49253827,0.22025815,0.46664166,0.7450536,0.95817953,0.8452274,0.06902359,0.8614429,0.028970521,0.6454833,0.19891581,0.18560287,0.14606196,78.32961,88.07473,81.02208,2.865678,80.11148,80.95063,92.38871,88.05461,4.135779,89.129456,4.68304,18.803263,13.521565,4.804222,12.923737,1.4794922,10.203125,6.367676,2.8560119,5.8847656,37,121,74.3,29.375159574034654,83.0,Nipah-G,84,RFdiffusion3,SolubleMPNN,27,non_binder,0.7808191025257111,binder
424851a3-143f-536f-9b87-b0353abcfc92,0.94109,0.96582,0.955738,0.008991238513130467,0.95712,0.92308,1.0,0.9846160000000002,0.03439966976585673,1.0,0.4636,0.5418,0.50716,0.03475202152393437,0.5137,0.8493,1.2791,1.02568,0.15978598812161218,0.9847,0.7885465,0.7986193,0.79515,0.0042881467,0.7972325,0.8507622,0.86750585,0.8614694,0.00652054,0.8639305,0.8507622,0.86750585,0.8614694,0.00652054,0.8639305,0.7885465,0.7986193,0.79515,0.0042881467,0.7972325,0.93247074,0.93624765,0.93486357,0.0016852596,0.93569165,0.9487638,0.9522327,0.95052606,0.001467803,0.95110387,0.6906913,0.7022464,0.6963665,0.004699016,0.6958794,95.25325,95.61743,95.47185,0.1474936,95.46621,96.78855,96.87987,96.83836,0.040711798,96.847244,3.8789823,4.0365686,3.9521065,0.07216344,3.9446778,0.6113281,0.66748047,0.63857424,0.020809032,0.6425781,32,36,34.6,1.6733200530681516,35.0,IL-7Ra,76,FreeBindCraft (BindCraft),SolubleMPNN,13,non_binder,0.9766820549964904,binder
42523784-9108-5ed8-a504-4ee2b181e838,0.38907,0.46033,0.42394999999999994,0.033030128670654614,0.41963,0.88571,0.94286,0.93143,0.0255582569828226,0.94286,2.4827,3.7756,3.10588,0.5241771379982153,3.1265,16.7963,24.5717,21.228479999999998,3.017980545331595,22.0951,0.6744858,0.7741036,0.72399217,0.04548904,0.7456156,0.7377559,0.7745336,0.760919,0.016912088,0.770032,0.6744858,0.7745336,0.74825436,0.04264641,0.770032,0.6768199,0.77415687,0.7366568,0.036121145,0.7456156,0.9464523,0.9665379,0.95910645,0.007545437,0.961265,0.6255476,0.78030837,0.67286044,0.061457377,0.65690553,0.41396374,0.5791433,0.5351616,0.06949948,0.5693344,87.602615,88.68779,88.126144,0.40528265,88.20693,85.09138,86.70915,86.350235,0.70423836,86.64812,8.862903,13.182879,11.838212,1.7055871,12.329888,0.85302734,1.1699219,0.95878905,0.12856297,0.9169922,37,65,45.6,11.216059914247962,43.0,EGFR,75,PXDesign,SolubleMPNN,19,non_binder,0.854817817211151,binder
42d208ac-eb9d-53e1-8130-3866f55a6460,0.65198,0.78346,0.702672,0.05404460306080527,0.70082,0.71429,0.90476,0.780952,0.07967931770541212,0.7619,0.6815,0.8452,0.7633599999999999,0.06070315477798497,0.7589,4.7822,10.3776,8.164579999999999,2.2710234173165187,9.0288,0.0,0.46932122,0.20337145,0.21996664,0.139802,0.0,0.57891095,0.26798868,0.28275457,0.22510841,0.0,0.57891095,0.26798868,0.28275457,0.22510841,0.0,0.46932122,0.20337145,0.21996664,0.139802,0.465417,0.7347794,0.6123215,0.100264445,0.6260425,0.50968236,0.7438317,0.64668655,0.08714668,0.66337955,0.0,0.3298962,0.1542686,0.15059473,0.14021075,79.635735,93.679184,88.01971,5.9205933,90.02275,72.23093,82.09926,76.950294,3.460465,76.03792,13.584764,28.592772,19.32536,6.04278,17.121843,2.1289062,22.53125,9.199414,7.877538,6.2851562,16,93,44.9,19.969142862593444,42.0,Latent GDF-8,119,FreeBindCraft (BindCraft),designed jointly by the structure model (native co-design),7,binder,0.7975142860412597,binder
42d20907-90a6-41ae-96d2-bb480f99b664,0.62817,0.77847,0.702547,0.05991313286751076,0.692635,0.51136,0.65909,0.5802780000000001,0.048340253941318,0.59146,0.7122,1.544,1.17058,0.3692120853926642,1.3708999999999998,2.6164,3.2348,2.87606,0.22521496496557328,2.84905,0.57643414,0.88356715,0.74400604,0.12254913,0.7395444,0.7839761,0.8918015,0.84514076,0.035364352,0.8416965,0.7839761,0.9435624,0.87321347,0.058574382,0.87115705,0.57643414,0.88356715,0.74400604,0.12254913,0.7395444,0.9498765,0.97809476,0.9646457,0.009208426,0.96441233,0.9560512,0.9810318,0.9688655,0.007616284,0.9699044,0.5926885,0.74861807,0.6703545,0.060243577,0.66266,83.75009,89.96615,87.106094,2.2816362,87.0047,86.91882,89.48939,87.64894,0.7691243,87.34422,3.4059565,5.6271877,4.5351124,0.77411044,4.6831503,0.57470703,1.5693359,1.0859864,0.40299028,1.0930176,43,61,49.6,5.253570214625479,47.5,TNFa,80,PXDesign,SolubleMPNN,37,non_binder,0.9643762826919555,binder
42d862d3-5972-5e21-a669-9fa7c7c0352a,0.69603,0.85957,0.768262,0.047723104304356,0.770295,0.61818,0.85455,0.73091,0.07985436702731623,0.745455,0.9055,1.493,1.24265,0.16321959475231865,1.2152500000000002,0.7986,1.7825,1.22424,0.30645328518389225,1.14075,0.61424625,0.726898,0.6738167,0.039774433,0.67009866,0.83809793,0.9061501,0.876102,0.025171967,0.87918293,0.83809793,0.9061501,0.876102,0.025171967,0.87918293,0.61424625,0.726898,0.6738167,0.039774433,0.67009866,0.9122228,0.9360879,0.924724,0.008206869,0.92516553,0.8285845,0.96566033,0.91865605,0.05489486,0.9460088,0.58270377,0.68360645,0.6414705,0.03412198,0.6430323,90.78266,92.472885,91.728294,0.4506426,91.76323,82.74924,93.53151,88.96327,4.555132,90.44816,4.3934846,9.0394125,6.043756,1.7532524,5.46262,0.9892578,1.4277344,1.1550782,0.13168418,1.1689453,68,88,80.0,5.96284793999944,82.5,Nipah-G,85,PXDesign,SolubleMPNN,29,non_binder,0.9779900288581848,binder
42e9300a-d2af-54c9-9b26-96f3c623d525,0.51985,0.64088,0.5872080000000001,0.0465212233287131,0.60405,0.625,0.75,0.7,0.047392971525322194,0.71875,1.8832,2.5088,2.14124,0.25607860707212543,2.0101,3.854,6.8151,5.2021999999999995,1.1756021116857525,4.9768,0.5588646,0.7344803,0.67953885,0.07197587,0.6986276,0.71111155,0.79353184,0.7664556,0.03214483,0.7745499,0.71111155,0.79353184,0.7664556,0.03214483,0.7745499,0.5588646,0.7344803,0.67953885,0.07197587,0.6986276,0.84544355,0.9236612,0.90021926,0.032227486,0.9100426,0.92774075,0.9441691,0.93697566,0.0060012504,0.9372593,0.5077285,0.57913923,0.55170524,0.026442392,0.55605793,94.67596,95.74699,95.418564,0.4453373,95.612465,96.97477,97.26742,97.11046,0.12579551,97.05306,5.378534,6.2724113,5.734572,0.3299643,5.695234,1.1054688,1.6904297,1.2904297,0.23393779,1.2119141,43,51,48.4,3.130495168499706,49.0,MBP,97,Genie3,SolubleMPNN,11,non_binder,0.9313101053237914,binder
4337488e-13f6-51c3-afc0-96bcc3b656e3,0.77193,0.84567,0.808362,0.03057251249079801,0.80117,0.875,1.0,0.9499980000000001,0.04564309005753228,0.95833,0.616,0.7169,0.6522,0.039852728890252924,0.6379,5.0177,7.4725,6.47798,0.9373170392135205,6.4985,0.75628245,0.84270704,0.78794336,0.037044525,0.77702624,0.8568057,0.90081483,0.87302846,0.018142223,0.8696134,0.75628245,0.84270704,0.78794336,0.037044525,0.77702624,0.8568057,0.90081483,0.87302846,0.018142223,0.8696134,0.9546829,0.9698917,0.96035707,0.0062588206,0.9592137,0.8538455,0.94468564,0.9076058,0.034755483,0.9126994,0.684012,0.72857684,0.70121443,0.017514622,0.6975624,96.48896,96.93355,96.7679,0.18534216,96.84948,85.25719,90.08693,86.81609,1.9436767,86.09836,3.8726206,6.1060863,4.897767,0.8232121,4.76064,0.52441406,0.6328125,0.58505857,0.039721314,0.5854492,36,41,37.6,1.9493588689617933,37.0,TREM2,71,FreeBindCraft (BindCraft),SolubleMPNN,11,binder,0.9626643276214598,binder
438dae10-ec9b-50ec-9e53-aebac4a09e3e,0.64147,0.7537,0.697883,0.03339778570504338,0.696505,0.79167,0.95833,0.887499,0.06226756788248599,0.8958349999999999,0.5004,0.6632,0.59013,0.050759521274338276,0.59665,9.2574,16.3421,12.167829999999999,2.396263809002116,12.1282,0.6211929,0.88006973,0.7506381,0.122909226,0.7553613,0.6536906,0.9436447,0.8203014,0.12068788,0.8441528,0.6211929,0.88006973,0.7506381,0.122909226,0.7553613,0.6536906,0.9436447,0.8203014,0.12068788,0.8441528,0.7130207,0.9777,0.85607815,0.12372817,0.8664535,0.67783064,0.8508334,0.77922124,0.073736355,0.7897402,0.4609137,0.79886013,0.66420114,0.14543845,0.7138845,87.266205,95.84111,91.424484,4.1539636,91.197815,79.33247,86.68534,82.51476,3.1389935,81.38934,6.576361,18.005783,11.236835,4.6890182,10.5687475,0.29492188,1.0048828,0.59824216,0.30730307,0.526001,42,49,44.7,2.4060109910158163,44.0,RBX1,81,RFdiffusion3,SolubleMPNN,14,binder,0.9443522262573242,binder
43a94334-c8ce-53ad-8673-93e999baa89d,0.00526,0.00553,0.0054199999999999995,0.00010368220676663876,0.00542,0.0,0.0,0.0,0.0,0.0,26.4054,26.7232,26.582259999999998,0.12011083631379726,26.6253,72.9129,75.0873,73.82534,0.818633598137777,73.8265,0.0,0.5032953,0.18066716,0.20737058,0.08898771,0.0,0.74851114,0.3341262,0.35741562,0.26023072,0.0,0.74851114,0.3341262,0.35741562,0.26023072,0.0,0.5032953,0.18066716,0.20737058,0.08898771,0.5862947,0.8541053,0.71805924,0.113081224,0.71832615,0.6317693,0.8453483,0.7443449,0.0884957,0.74558145,0.0,0.4337525,0.17538604,0.19408815,0.10481169,76.7884,86.544495,81.52449,4.29397,81.34382,73.5114,82.35944,77.719124,3.49257,77.54747,8.886679,27.596588,18.166986,8.555956,17.976347,1.7255859,20.09375,10.352636,8.233983,9.681641,27,59,41.3,9.534149149242422,39.5,Latent GDF-8,85,RFdiffusion3,SolubleMPNN,15,non_binder,0.48092894434928884,non_binder
43d37629-6c27-5cbb-9e36-e2e65582e04e,0.42236,0.61307,0.535846,0.07348048740992398,0.53384,0.47619,0.85714,0.723808,0.15576419765145008,0.80952,0.706,1.198,0.99738,0.2131700541821014,1.0847,13.7869,21.4824,18.02778,2.8123962642202462,18.1219,0.5577158,0.6943838,0.61941826,0.066074885,0.5799824,0.70328844,0.7427084,0.72092664,0.018643774,0.7167093,0.70328844,0.7427084,0.72092664,0.018643774,0.7167093,0.5577158,0.6943838,0.61941826,0.066074885,0.5799824,0.9142158,0.94974613,0.93076694,0.017000683,0.92086464,0.62601817,0.68749326,0.65970623,0.02211659,0.6596667,0.50789595,0.5494552,0.5240869,0.020210175,0.5104664,81.22482,82.93812,81.94223,0.8645948,81.40116,86.66695,87.43361,87.061165,0.3222901,87.03231,11.759677,13.589233,12.764485,0.674127,12.860153,1.1650391,1.5859375,1.3878906,0.19598444,1.484375,23,26,24.6,1.5165750888103104,25.0,EGFR,74,FreeBindCraft (BindCraft),SolubleMPNN,16,non_binder,0.80454598903656,binder
4415d953-6877-5970-ac6d-211a4f44a301,0.01804,0.06732,0.034493,0.013683250953873011,0.03222,0.0,0.0,0.0,0.0,0.0,9.7908,21.9082,14.26427,4.898906815028567,12.0597,17.7615,37.6696,28.44446,5.23711924655785,28.750149999999998,0.0,0.15626045,0.06596814,0.06446931,0.05147896,0.0,0.36211422,0.121127106,0.12242455,0.13430984,0.0,0.36211422,0.13044684,0.13331737,0.10773054,0.0,0.15626045,0.06742747,0.06294832,0.05147896,0.6781334,0.8714956,0.7846576,0.064633645,0.7785158,0.7413682,0.9006414,0.8308303,0.054585017,0.82736063,0.0,0.21361399,0.11078571,0.06853086,0.10926013,84.90886,88.192184,86.86571,1.0559796,86.871445,86.59123,88.92348,87.81568,0.76702756,87.849945,10.834026,21.978382,14.354418,3.48919,12.820391,5.5625,12.796875,7.651953,2.3727977,6.7246094,16,39,23.5,7.137537701787953,20.5,TNFa,85,Genie3,SolubleMPNN,15,non_binder,0.48317198634147634,non_binder
44802ead-933a-5163-b611-a05ad31bf738,0.92669,0.97239,0.9510500000000001,0.016668276755561734,0.95514,0.93333,1.0,0.973334,0.027889464498265286,0.96667,0.4407,0.6326,0.5282600000000001,0.08967286657623923,0.4847,0.4944,0.9655,0.77468,0.1893557155197593,0.789,0.9316512,0.94245523,0.9371532,0.0046373997,0.9385687,0.93687123,0.94522375,0.9418146,0.0039082933,0.9442915,0.9316512,0.94245523,0.9371532,0.0046373997,0.9385687,0.93687123,0.94522375,0.9418146,0.0039082933,0.9442915,0.97208136,0.9759349,0.9743522,0.0017956522,0.9754698,0.97500837,0.97931826,0.9775302,0.0017669424,0.97824043,0.77935207,0.7932705,0.7866262,0.0067523383,0.78933156,97.333565,97.43857,97.38881,0.042607,97.40525,92.41014,94.57176,94.00869,0.8996025,94.35595,2.7188842,2.972963,2.8180928,0.10820819,2.7828453,0.36499023,0.39453125,0.37700194,0.012790499,0.3701172,66,71,68.2,2.2803508501982765,68.0,BHRF1,115,BoltzGen,SolubleMPNN,18,non_binder,0.9791694951057432,binder
44e1f4e1-2453-50f1-bf7b-5d7295c4c7b8,0.11566,0.27978,0.22934700000000002,0.05334322388499258,0.244805,0.0,0.28571,0.161906,0.10088975800898281,0.16666999999999998,4.5519,7.4559,5.29202,0.8826302092168734,4.91845,8.4186,12.7381,9.52377,1.2787945365764497,9.24305,0.0,0.5788798,0.2741091,0.21467105,0.25302112,0.0,0.7944673,0.48735738,0.28242517,0.5443288,0.0,0.7944673,0.48735738,0.28242517,0.5443288,0.0,0.5788798,0.2741091,0.21467105,0.25302112,0.219781,0.89556056,0.6266824,0.22930202,0.65933704,0.80442,0.9423261,0.8744084,0.05232597,0.8760116,0.022414435,0.53971255,0.31108698,0.19465306,0.3183247,79.46399,86.998955,84.03288,2.214085,84.35025,83.02344,93.11759,88.582985,4.146777,89.593994,6.22357,16.804352,10.206923,3.5836298,9.496268,1.4609375,11.09375,4.9146485,3.054448,4.385742,33,76,56.2,10.304260176149365,56.5,Nipah-G,90,Genie3,ProteinMPNN,28,non_binder,0.6100347030162812,binder
453ece5c-8570-53c1-ab0c-73c8e9b03f23,0.00879,0.71617,0.15562499999999999,0.276859375987562,0.012150000000000001,0.0,0.80392,0.182352,0.3307010075514672,0.0,1.8624,24.6842,15.387630000000001,7.829971898069337,16.92285,1.4758,58.1347,38.12355,21.821674964699664,49.742850000000004,0.0,0.69539785,0.1141517,0.24545784,0.0,0.0,0.72104865,0.122779526,0.26113638,0.0,0.0,0.81482166,0.14966512,0.31434774,0.0,0.0,0.69539785,0.11426239,0.24540669,0.0,0.7022884,0.9697948,0.82694066,0.08088291,0.82682806,0.7983186,0.97690153,0.8828394,0.053927712,0.88537157,0.0,0.59382856,0.11354071,0.21761118,0.0065104165,83.37118,86.260124,85.14967,0.9819265,85.30622,92.69308,95.72255,94.42589,1.1171136,94.53149,5.0265946,25.934298,16.901798,6.587268,18.99002,1.4277344,17.328125,10.827539,5.3844094,11.933594,18,61,45.6,12.203824537141351,46.0,15-PGDH,86,BoltzGen,Caliby (SolubleCaliby),10,non_binder,0.5834835112094879,binder
4562bac4-f89f-522e-9468-302120db35df,0.73219,0.83721,0.797712,0.041890461563463356,0.806,0.77778,0.88889,0.8333320000000001,0.03928331732427897,0.83333,0.8127,1.195,0.92864,0.16155445831050289,0.854,3.15,4.1565,3.7576,0.40539402437628513,3.8546,0.3801382,0.5522302,0.4689309,0.07735992,0.46902752,0.39522952,0.5777492,0.4945748,0.0788742,0.48886558,0.39522952,0.5777492,0.4945748,0.0788742,0.48886558,0.3801382,0.5522302,0.4689309,0.07735992,0.46902752,0.5772697,0.7345538,0.65947855,0.07010237,0.662121,0.7747022,0.8523808,0.8126419,0.035900727,0.8158719,0.4822301,0.6036817,0.5486159,0.05334681,0.54686195,95.91659,96.5636,96.29381,0.29522714,96.44266,92.75859,93.53175,93.21925,0.37503597,93.45633,4.952241,6.429247,5.638222,0.65942174,5.634779,1.7861328,2.9511719,2.3066406,0.45645446,2.3730469,30,33,31.2,1.3038404810405297,31.0,BBF-14,94,PXDesign,SolubleMPNN,19,non_binder,0.935700159072876,binder
456631f7-67b3-5752-8364-10942fc08339,0.38937,0.57654,0.485178,0.06657368362281836,0.466085,0.35714,0.6,0.5083759999999999,0.07362858837888082,0.5136350000000001,1.8826,4.4693,3.1775399999999996,0.8128351359422292,3.3369,3.1178,6.4919,5.0014400000000006,1.1611356980703564,5.12495,0.0,0.8327555,0.2151599,0.28410146,0.06450202,0.0,0.837697,0.24491894,0.29267544,0.13194194,0.0,0.85415757,0.27593184,0.31843442,0.12886903,0.0,0.8327555,0.2151599,0.28410146,0.06450202,0.5183225,0.937593,0.6568653,0.15456073,0.5822787,0.64667404,0.95008034,0.75121367,0.10602182,0.7063432,0.0,0.74473196,0.25304443,0.2817877,0.12265984,89.970474,95.94931,92.458374,2.1958394,92.12454,91.41423,95.19714,93.2662,1.3205956,93.30102,3.1429422,19.381218,11.590049,5.9844656,11.749014,0.8754883,15.0234375,7.543994,5.302022,7.2402344,28,37,33.4,2.7968235951204035,33.5,VEGF-A,82,BoltzGen,SolubleMPNN,9,non_binder,0.7678238868713378,binder
45736497-6b7b-4831-9dbc-de0403434edf,0.27166,0.57675,0.429729,0.11616108436611251,0.40793,0.0,0.5,0.285186,0.1940663429632019,0.203705,1.6927,3.3382,2.3868400000000003,0.6340702698527277,2.2779,3.1506,7.9106,5.63749,1.5156708543670612,5.469,0.1601979,0.843097,0.6190393,0.2586425,0.71348447,0.45845246,0.8464159,0.7529694,0.14195104,0.81928265,0.45845246,0.9357605,0.8001642,0.17511907,0.8771368,0.1601979,0.843097,0.6190393,0.2586425,0.71348447,0.88394815,0.97845674,0.95292675,0.03325812,0.9675427,0.9106423,0.98134506,0.9613063,0.024734875,0.9715415,0.24742638,0.7236887,0.5852083,0.17128009,0.65525794,85.29804,92.205086,89.42259,2.6178586,89.71643,88.82909,91.13071,90.00288,0.6805535,89.90456,3.6467688,10.066818,5.539719,2.2834024,4.62207,0.63671875,4.875,1.7250488,1.5531441,1.015625,31,53,42.2,6.178816859057871,42.5,TNFa,77,RFdiffusion,SolubleMPNN,30,non_binder,0.859332172870636,binder
45e12543-ce7d-5e8c-922e-dbe57ccfebd4,0.00965,0.07256,0.030718000000000002,0.01922762064207518,0.028465,0.0,0.11111,0.011111,0.035136067082130865,0.0,13.8069,25.1023,18.22441,3.5602073748745466,17.24055,21.0298,52.6724,33.553960000000004,10.862400578775292,29.3568,0.0,0.0,0.0,0.0,0.0,0.0,0.0,0.0,0.0,0.0,0.0,0.0,0.0,0.0,0.0,0.0,0.0,0.0,0.0,0.0,0.16081129,0.8311649,0.52399135,0.2985025,0.59264845,0.640074,0.87295765,0.74884945,0.10286987,0.7502434,0.0,0.001953125,0.0001953125,0.00061763235,0.0,84.51796,86.864586,85.516655,0.7461287,85.5434,85.256935,86.44952,85.84835,0.36003402,85.77553,21.55441,29.62221,27.35435,2.310209,28.177101,11.9765625,26.09375,21.760157,4.612908,23.351562,5,45,18.1,11.929887770730378,16.5,Cas9,72,BoltzGen,SolubleMPNN,19,non_binder,0.18576149940490722,non_binder
4609be01-1964-564b-bb2d-ee8e6c9a0649,0.31549,0.37932,0.352346,0.025179668981144297,0.36319,0.57143,0.67857,0.635714,0.04656512890565214,0.64286,10.6364,11.5373,11.09226,0.3840494147892952,11.0517,9.5357,11.381,10.368820000000001,0.7499197137027409,10.5827,0.7858936,0.8441228,0.81923455,0.025047854,0.8298879,0.91294336,0.9359001,0.924154,0.010042844,0.92493916,0.7858936,0.8441228,0.81923455,0.025047854,0.8298879,0.91294336,0.9359001,0.924154,0.010042844,0.92493916,0.9786473,0.9846909,0.98161477,0.002648956,0.98184055,0.82968223,0.94367075,0.9082982,0.046460073,0.9150486,0.71135837,0.75189966,0.7330253,0.015724443,0.7383534,96.84883,97.274185,97.05202,0.16691014,96.99261,81.96317,87.33573,84.4613,2.2080705,83.72491,3.7627547,6.4220977,4.5800657,1.0887051,4.41449,0.36376953,0.45385742,0.4095703,0.037935637,0.40283203,26,32,29.2,2.949576240750525,31.0,TREM2,59,BoltzGen,SolubleMPNN,11,binder,0.8952133679389953,binder
46c6fd39-8369-5f33-bf35-4b1d7d6ce0c0,0.68781,0.77707,0.734305,0.03429486882578462,0.7458899999999999,0.5,0.61111,0.5655560000000001,0.03331208796284681,0.55556,0.8029,1.3459,1.04024,0.21583098428580125,0.9555,1.3777,2.1029,1.73444,0.2625155030342653,1.69655,0.63611007,0.8903197,0.80047417,0.06787703,0.8121842,0.71566963,0.8923931,0.82763195,0.04554624,0.8370763,0.71566963,0.89410335,0.8261245,0.04518863,0.83627963,0.63611007,0.8903197,0.80091584,0.06806809,0.81439203,0.88978076,0.93984264,0.91979885,0.017521923,0.91841114,0.89547133,0.9463701,0.9271554,0.014131414,0.92914,0.5982377,0.7394487,0.6838412,0.036264423,0.69059134,92.55384,94.368034,93.54183,0.61493975,93.53917,95.472946,96.24667,95.90184,0.26356977,95.92955,3.447235,5.396728,4.2716055,0.495405,4.193287,0.57958984,1.4912109,0.8978027,0.2448145,0.84887695,21,31,24.6,2.9514591494904874,24.5,VEGF-A,83,RFdiffusion3,SolubleMPNN,16,binder,0.9719002866744995,binder
46e0b5c7-adff-5ff4-8755-9c2d6629f3ac,0.59846,0.68942,0.643302,0.034968877527818305,0.643285,0.47059,0.5873,0.535247,0.036094985508916495,0.53968,1.0892,2.0308,1.53633,0.3874368853259989,1.52145,2.4405,3.4165,2.9468199999999998,0.30834366397108126,2.9799499999999997,0.7653146,0.8986719,0.83525336,0.055428486,0.84548223,0.8421834,0.8996601,0.8712271,0.019905735,0.872642,0.8421834,0.9208433,0.8826057,0.03092707,0.88676375,0.7653146,0.8986719,0.83525336,0.055428486,0.84548223,0.9232648,0.94816244,0.9346636,0.0076826983,0.93439424,0.9295211,0.95688,0.94212407,0.009121856,0.9424927,0.6826882,0.7618083,0.7211466,0.030227516,0.72291005,94.56528,95.406364,95.00962,0.2976602,95.00127,94.85605,95.97545,95.50696,0.41368195,95.58711,3.0907238,4.2642527,3.6693969,0.43291718,3.636229,0.51660156,0.890625,0.6765137,0.14055532,0.64575195,24,31,27.3,2.2632326929023945,27.5,VEGF-A,90,Proteina-Complexa,designed jointly by the structure model (native co-design),33,binder,0.9598696374893189,binder
474ba2ec-547a-524d-a169-0c851076c337,0.02818,0.11636,0.074494,0.028795787191879304,0.08095,0.0,0.04717,0.010376999999999999,0.019613264814065674,0.0,6.6032,16.0651,9.71594,2.804676307407565,9.0533,13.8425,30.6144,19.11455,5.580676407280551,16.7172,0.011305602,0.4590866,0.1982724,0.14537805,0.23922041,0.035255954,0.7769144,0.3509945,0.2678904,0.30487567,0.035255954,0.7769144,0.4699289,0.2686511,0.593118,0.011305602,0.4590866,0.1982724,0.14537805,0.23922041,0.78500277,0.95937514,0.8887574,0.050304517,0.8939414,0.8324781,0.96724665,0.9123435,0.03848734,0.91422117,0.0751945,0.557589,0.3266185,0.17262721,0.39424106,80.3981,88.45216,84.77034,2.778799,85.15938,85.27793,87.857925,86.833595,0.815907,86.85138,6.1551037,14.529131,9.597414,2.8995578,8.222401,1.7519531,7.6445312,4.224219,2.1099794,3.102539,22,41,28.3,5.417051268397267,27.0,TNFa,60,BoltzGen,SolubleMPNN,15,non_binder,0.5244474053382874,binder
47d90a00-b877-5910-a777-47a92666ba25,0.00454,0.69489,0.394064,0.3562434910703633,0.62848,0.0,0.85714,0.457142,0.42271013640555155,0.66667,0.6492,27.8218,11.23666,14.36949057893146,0.8533,8.99,81.6468,38.06868,37.766188663565195,12.243,0.0,0.011068687,0.0011068687,0.0035002262,0.0,0.0,0.1821957,0.0192892,0.05733813,0.0,0.0,0.1821957,0.0192892,0.05733813,0.0,0.0,0.011068687,0.0011068687,0.0035002262,0.0,0.46790916,0.69384116,0.6139039,0.071171366,0.6055994,0.5137517,0.74763715,0.66604316,0.071916796,0.6600239,0.0,0.11735716,0.018232442,0.03736131,0.0,78.16883,89.50667,83.509445,3.5484276,82.962524,73.33079,79.66159,76.66168,2.357522,76.13989,17.732302,28.821287,23.485815,4.1450377,22.767628,6.9765625,22.21875,14.982031,5.3763876,14.3046875,4,41,30.9,12.196994165230493,37.5,Latent GDF-8,90,RFdiffusion,SolubleMPNN,15,binder,0.5504871368408203,binder
47f90f50-c3da-5fa1-9aef-8370433f9923,0.22597,0.81559,0.352186,0.259184250543894,0.23635,0.47368,0.78947,0.5684199999999999,0.13105125772002343,0.52632,0.9281,9.4386,7.44102,3.680554081520879,9.3458,2.2567,20.743,15.620859999999999,7.588893027510665,18.1966,0.11595168,0.6693051,0.37167126,0.23412415,0.3554327,0.2018612,0.74002236,0.48038387,0.23034799,0.51573676,0.2018612,0.74002236,0.48038387,0.23034799,0.51573676,0.11595168,0.6693051,0.37167126,0.23412415,0.3554327,0.30518553,0.8550219,0.5923468,0.23387161,0.623602,0.66656834,0.8743381,0.76484346,0.09659336,0.77400786,0.29363874,0.7060339,0.5348556,0.17432238,0.5893343,84.10885,86.01552,85.244095,0.88854206,85.61691,82.4867,88.45638,84.16567,2.448809,83.29952,4.2375503,8.70022,6.33894,2.0517712,5.9079237,1.1054688,5.0039062,2.74375,1.6065207,2.2910156,18,29,22.4,4.159326868617084,22.0,TrkA,66,Proteina-Complexa,SolubleMPNN,13,non_binder,0.8680885648727417,binder
48378c4d-f58b-5605-ae71-387094e52dd1,0.01,0.05058,0.026685999999999998,0.013528194590886432,0.024585000000000003,0.0,0.09524,0.009524000000000001,0.030117532435443645,0.0,7.3112,25.1085,17.76634,6.440925410770652,19.2556,24.0123,51.9507,36.275819999999996,8.631448687316501,34.2192,0.0,0.36213818,0.053533364,0.121327154,0.0,0.0,0.5353244,0.094105616,0.20072973,0.0,0.0,0.71646076,0.12517852,0.26733077,0.0,0.0,0.36213818,0.053533364,0.121327154,0.0,0.7233101,0.9418313,0.81650865,0.0794346,0.831601,0.8143762,0.95966065,0.8784045,0.0533837,0.8896726,0.0,0.48224455,0.07718615,0.16893812,0.0,83.353935,89.491295,85.41715,1.7475126,85.20085,93.10308,96.62032,94.610596,1.1341293,94.56208,6.3840947,26.072935,19.976822,6.9694076,22.897636,2.7070312,20.1875,14.4769535,6.0932407,16.476562,14,36,29.2,7.0992957397195395,32.0,15-PGDH,75,BoltzGen,Caliby (SolubleCaliby),5,non_binder,0.3974819409847259,non_binder
48747df3-bf2a-57ee-8986-0bffd7472b46,0.00531,0.00584,0.005556,0.0001688654954558674,0.00555,0.0,0.0,0.0,0.0,0.0,30.422,33.3479,31.686770000000003,1.0962294529177954,31.848,68.6278,71.5594,70.2765,0.976919333642471,70.49105,0.0,0.0,0.0,0.0,0.0,0.0,0.0,0.0,0.0,0.0,0.0,0.0,0.0,0.0,0.0,0.0,0.0,0.0,0.0,0.0,0.17359166,0.8470491,0.51678526,0.33640122,0.5113269,0.6202931,0.8831365,0.75788707,0.12427634,0.75193036,0.0,0.0,0.0,0.0,0.0,81.51297,83.92318,82.77159,0.93983173,82.65715,85.5676,86.18441,85.90134,0.20287137,85.905426,23.036,28.713125,25.761097,2.0693069,25.677206,14.796875,22.578125,17.86875,2.4992018,17.710938,17,47,27.9,10.01609815358367,25.5,Cas9,72,BoltzGen,SolubleMPNN,22,non_binder,0.3848378431797027,non_binder
48eedb0e-0e1b-52af-9ee5-69cfa987d7c0,0.63455,0.85094,0.7181219999999999,0.09201679612983708,0.69855,0.45714,0.8,0.58857,0.14084381278565272,0.54286,0.773,1.4434,1.16806,0.27752702210775787,1.2141,1.6742,2.6753,2.1379799999999998,0.5022693619961305,1.9788,0.28498787,0.70703715,0.5507175,0.1903418,0.6657107,0.515274,0.8788512,0.7376273,0.1480507,0.7963105,0.515274,0.8788512,0.7376273,0.1480507,0.7963105,0.28498787,0.70703715,0.5507175,0.1903418,0.6657107,0.6778319,0.9284234,0.84557295,0.11057656,0.9148682,0.91347116,0.9576652,0.94271505,0.019193772,0.95301193,0.4007387,0.66497153,0.5637826,0.10862697,0.60857534,87.20681,89.560265,88.702965,0.9228957,88.82365,96.49375,96.91158,96.76351,0.17141859,96.78893,4.2003202,7.436706,5.44104,1.319868,4.9016976,1.0205078,2.8125,1.6123047,0.7569528,1.2402344,23,39,30.0,6.123724356957946,30.0,MBP,80,PXDesign,Caliby (SolubleCaliby),16,non_binder,0.963422873020172,binder
49062550-67fa-5ff8-99f6-6135c0bb4bec,0.83578,0.89322,0.8651579999999999,0.025217827424264778,0.86712,0.77778,0.88889,0.8296300000000001,0.04968915726795936,0.85185,0.7089,0.8655,0.79222,0.06571888617437155,0.8177,0.9171,1.2354,1.0761800000000001,0.12007533885024016,1.0827,0.90776134,0.92348355,0.9160999,0.0058036265,0.9173635,0.9327619,0.9401237,0.936205,0.0030828195,0.935531,0.9327619,0.9401237,0.936205,0.0030828195,0.935531,0.90776134,0.92348355,0.9160999,0.0058036265,0.9173635,0.9679827,0.97375757,0.97104156,0.0021236818,0.9714984,0.97263736,0.97616607,0.9742001,0.0013495263,0.9738726,0.7748356,0.78540766,0.780486,0.0045634867,0.7800926,96.75123,96.91933,96.83781,0.069997326,96.82852,94.66599,95.12572,94.90198,0.17068514,94.92882,2.9471056,3.0830076,3.0137038,0.06272319,2.9997005,0.35327148,0.38305664,0.36640626,0.011830622,0.3671875,69,75,72.0,2.8284271247461903,73.0,BHRF1,82,Proteina-Complexa,SolubleMPNN,21,non_binder,0.981303539276123,binder
4918b088-01da-5d3f-94ac-0b83b676ba99,0.55076,0.58932,0.5704279999999999,0.01726702551107169,0.56595,0.26667,0.4,0.32,0.05577534311862185,0.33333,1.461,1.5664,1.51212,0.04398951011320765,1.494,2.3463,3.7189,2.8865,0.5458684960684214,2.8066,0.7113231,0.73871905,0.72571325,0.011755473,0.72558975,0.7828475,0.8000784,0.7918807,0.0067499443,0.7928267,0.7828475,0.8000784,0.7918807,0.0067499443,0.7928267,0.7113231,0.73871905,0.72571325,0.011755473,0.72558975,0.9025437,0.91453606,0.90895224,0.005163781,0.90904623,0.93417025,0.93815404,0.9366015,0.0016677659,0.9371136,0.65823734,0.6757238,0.66768706,0.0069015706,0.6681839,94.3924,94.9203,94.70813,0.22404234,94.76255,96.723236,96.83371,96.76167,0.04479553,96.76116,4.2608895,4.494005,4.3834457,0.0954365,4.36831,0.91308594,1.0439453,0.98691404,0.04886034,0.99902344,23,26,24.4,1.1401754250991378,24.0,IL-7Ra,75,PXDesign,SolubleMPNN,8,non_binder,0.9187646079063415,binder
493ddc14-f6da-5beb-bc0c-b82841435282,0.42227,0.57195,0.489483,0.06243710596361045,0.47494000000000003,0.27103,0.75,0.483723,0.21923502330958794,0.44120000000000004,4.2759,4.6231,4.47347,0.13294767600659924,4.472799999999999,2.2877,3.717,3.0677700000000003,0.48910519670562114,3.1567,0.5709457,0.8651744,0.7673947,0.1014299,0.7875272,0.8261066,0.87506557,0.8590171,0.015622381,0.8655623,0.8261066,0.90944016,0.8815921,0.025208605,0.88405645,0.5709457,0.8651744,0.7673947,0.1014299,0.7875272,0.9661181,0.9803082,0.9753739,0.0040619965,0.97607195,0.97370285,0.98279625,0.9791333,0.0027187131,0.9792997,0.5693229,0.6938703,0.651933,0.03908987,0.65715975,89.65231,94.73547,92.4019,2.0826623,92.67983,95.71764,96.735466,96.196556,0.34008807,96.17255,3.9345844,5.436977,4.4738417,0.45929414,4.427095,0.5620117,1.6083984,0.89853513,0.34563658,0.81225586,41,51,44.7,3.1640339933558095,45.0,15-PGDH,67,RFdiffusion3,SolubleMPNN,17,non_binder,0.8950716590881347,binder
497ce84e-1ca8-5e6f-b636-f883c9605f69,0.87498,0.89994,0.89094,0.010145740485543658,0.8927,0.82759,0.86207,0.8551740000000001,0.015419924772838519,0.86207,0.6408,0.7368,0.6892199999999999,0.040640890738270014,0.6977,0.6096,0.9429,0.75026,0.12735469367086552,0.758,0.9274977,0.9431618,0.9391674,0.006573183,0.9413338,0.93687093,0.9569472,0.95145667,0.0082517015,0.9550253,0.93687093,0.9569472,0.95145667,0.0082517015,0.9550253,0.9274977,0.9431618,0.9391674,0.006573183,0.9413338,0.97438353,0.9802145,0.978714,0.0024411813,0.9794984,0.9747209,0.98193496,0.9802888,0.0031418495,0.9819187,0.78700167,0.81136787,0.8048088,0.010178384,0.8094159,97.73982,97.92305,97.80541,0.073037855,97.793976,95.24841,95.478516,95.37227,0.08252961,95.37344,2.4937923,2.9470477,2.6205406,0.18856807,2.523435,0.32495117,0.36523438,0.33374023,0.017637365,0.3256836,55,61,58.2,2.387467277262665,58.0,BHRF1,85,BoltzGen,SolubleMPNN,13,non_binder,0.9820947957038878,binder
49d4dba7-d836-5e75-a6b0-6079e4731bfc,0.01913,0.1387,0.096518,0.045241745877010534,0.10847,0.0,0.125,0.1,0.05590169943749474,0.125,3.9265,11.8831,6.09792,3.262511790323524,4.9305,19.2082,40.7464,26.227420000000002,8.350312255059688,23.7593,0.0,0.33462882,0.23007795,0.13300034,0.27410057,0.0,0.51749927,0.37157327,0.21235412,0.4519583,0.0,0.51749927,0.37157327,0.21235412,0.4519583,0.0,0.33462882,0.23007795,0.13300034,0.27410057,0.23401468,0.764256,0.62336713,0.22016165,0.7098603,0.5106792,0.6020297,0.5744791,0.03703203,0.5922,0.0,0.3846487,0.28083754,0.1591578,0.34594533,80.603935,85.2041,83.85633,1.8707545,84.39636,83.60736,86.01772,85.493515,1.0548383,85.9499,15.645521,24.423693,17.629543,3.8262546,15.683005,3.4082031,13.6015625,5.834375,4.363859,4.046875,34,49,38.6,6.107372593840988,36.0,EGFR,96,Genie3,SolubleMPNN,31,non_binder,0.28257183432579036,non_binder
49d82def-f751-5c08-b814-cd73d20cd192,0.04034,0.14455,0.089412,0.048248575833904156,0.0826,0.0,0.15789,0.063156,0.08647991460449068,0.0,5.1458,8.3466,6.51178,1.652350060368565,5.407,17.1371,27.0729,21.19224,4.372753541877246,18.7127,0.0,0.32978186,0.15309787,0.14725189,0.16019025,0.0,0.33043623,0.17863618,0.14619873,0.21527055,0.0,0.33043623,0.17863618,0.14619873,0.21527055,0.0,0.32978186,0.15309787,0.14725189,0.16019025,0.122001804,0.5777454,0.34725848,0.19493754,0.34831735,0.5949361,0.76992637,0.6833123,0.07299307,0.68606114,0.034903206,0.4679944,0.26596358,0.18326123,0.2888655,83.566536,89.53074,87.12751,2.375372,87.75152,87.47495,89.623344,88.55904,0.8678451,88.385155,6.5270233,15.221275,9.886721,3.5477023,8.835504,3.2285156,10.453125,6.116797,3.0038714,5.3671875,16,27,21.6,4.159326868617084,21.0,BBF-14,73,RFdiffusion3,SolubleMPNN,19,non_binder,0.3724865090847015,non_binder
4a023b3d-4049-58f6-9317-4114f8b6b5cd,0.9339,0.95902,0.950524,0.01023788210520131,0.95048,0.84848,0.93939,0.896968,0.034550823723899844,0.90909,0.2414,0.434,0.30478,0.0770757873783979,0.2699,0.2619,0.8847,0.51014,0.23647618907619436,0.4397,0.88621163,0.92460257,0.90664756,0.014050076,0.90716654,0.93219984,0.95746815,0.94542015,0.009192803,0.94723177,0.93219984,0.95746815,0.94542015,0.009192803,0.94723177,0.88621163,0.92460257,0.90664756,0.014050076,0.90716654,0.95827615,0.9735133,0.96645033,0.005574394,0.9669475,0.9702591,0.98061955,0.9754699,0.0037492744,0.9761044,0.7902033,0.8313514,0.8100794,0.015311848,0.81213194,95.109955,95.97893,95.7513,0.3652196,95.908,94.993965,95.6793,95.49359,0.28395104,95.57911,2.1537108,2.6747394,2.3976877,0.19454077,2.3588808,0.3701172,0.4753418,0.42246094,0.039178144,0.41479492,36,42,39.0,2.449489742783178,38.0,PD-L1,70,BoltzGen,Caliby (SolubleCaliby),14,binder,0.97953293800354,binder
4a531f07-d6b5-51fe-9aaf-fa4f8467111b,0.0058,0.82565,0.409736,0.42236672775628953,0.40013,0.0,0.78947,0.368421,0.38894368079739033,0.355265,0.7973,26.9382,11.59666,11.363335218949683,10.85715,0.9349,70.5409,29.002,29.758893433392313,25.749200000000002,0.0,0.8016827,0.44977388,0.35440367,0.5376275,0.0,0.9165393,0.5570422,0.41330436,0.7947866,0.0,0.9165393,0.5515441,0.41868493,0.7947866,0.0,0.8016827,0.45527202,0.34981257,0.5376275,0.20463224,0.9541672,0.707062,0.29748732,0.8458681,0.6990234,0.96550536,0.8706771,0.109444834,0.9205735,0.0,0.6798327,0.4039356,0.29254675,0.51046497,58.779892,90.65722,76.49239,14.495616,77.96016,80.10864,92.880844,87.063194,6.06434,88.059586,4.296967,26.193617,10.82368,8.376116,6.54144,0.71435547,13.7890625,4.334375,4.7934413,2.0219727,52,171,89.4,47.56562717855078,62.5,Nipah-G,92,RFdiffusion3,SolubleMPNN,22,binder,0.9156178069114684,binder
4a55d0ee-83a8-5711-bcdf-d5fcde1535bc,0.18903,0.53605,0.40146,0.13086953613766994,0.42254,0.09859,0.4,0.243802,0.09779640004735461,0.241195,2.0831,6.7761,3.6655,1.7564946228212597,3.1783,2.6172,9.9523,4.88093,2.532100381567313,4.1772,0.01306692,0.6896659,0.3622271,0.2046032,0.36278707,0.16489096,0.74156904,0.50754124,0.20264453,0.5790006,0.21750487,0.85893244,0.58663327,0.21980833,0.60886,0.01306692,0.6896659,0.3622271,0.2046032,0.36278707,0.7025575,0.94730806,0.8696213,0.07221685,0.8931277,0.7562303,0.954935,0.89378774,0.05858048,0.912435,0.1105976,0.6149988,0.36153537,0.16713935,0.3745833,78.35511,86.846115,81.910706,2.4998019,81.2451,86.24761,89.527664,88.10024,1.0000236,88.21246,5.042775,15.828487,9.05008,3.2087138,8.430283,1.2353516,6.7578125,3.5720704,1.7441787,3.6425781,57,70,63.8,3.9944405810520647,63.0,TNFa,110,PXDesign,SolubleMPNN,34,non_binder,0.7562030017375946,binder
4aac3694-c42c-50af-9e44-b254690ebd6a,0.88772,0.91592,0.8998099999999999,0.010739464604904653,0.89918,0.84,0.84,0.8400000000000001,0.0,0.84,0.4441,0.6099,0.53902,0.06640972820302762,0.5323,0.9221,1.6185,1.3569,0.2651504101448836,1.3685,0.8952559,0.91790164,0.90617275,0.0083085485,0.90624076,0.9310309,0.9456262,0.9381746,0.0056551234,0.9398265,0.9310309,0.9456262,0.9381746,0.0056551234,0.9398265,0.8952559,0.91790164,0.90617275,0.0083085485,0.90624076,0.95982164,0.9687257,0.96424294,0.0034536219,0.96532273,0.9717846,0.9779424,0.9746599,0.0023489173,0.9751585,0.81228304,0.8331341,0.8232837,0.007968659,0.8233977,97.07219,97.20372,97.156456,0.049559,97.16848,96.52892,96.90525,96.803894,0.1567025,96.85767,2.1696143,2.4504201,2.2937007,0.106259644,2.2728083,0.39672852,0.4489746,0.42495117,0.019169781,0.4230957,26,27,26.8,0.44721359549995765,27.0,TrkA,75,PXDesign,SolubleMPNN,13,binder,0.9831594228744506,binder
4b01a297-f8d4-5c7f-90cd-6681b238fe9c,0.6953,0.78474,0.740614,0.035455149555459496,0.75345,0.46154,0.61538,0.5692280000000001,0.06879933953171354,0.61538,0.7036,0.8952,0.8037599999999999,0.08554889245338013,0.8133,2.3268,4.3588,3.1668999999999996,0.7522838659708181,3.1529,0.79751784,0.82632226,0.8057103,0.012047418,0.7997851,0.80398417,0.83389115,0.81913567,0.011098539,0.8212106,0.80398417,0.83389115,0.81913567,0.011098539,0.8212106,0.79751784,0.82632226,0.8057103,0.012047418,0.7997851,0.9393333,0.94942003,0.9422471,0.004190978,0.9402818,0.9392255,0.95350766,0.94752777,0.0052772476,0.9482413,0.5968579,0.63559073,0.6150481,0.013804299,0.6143324,92.609634,93.26774,93.043015,0.25266236,93.10759,96.51804,97.03854,96.87248,0.20431314,96.9486,4.5761204,5.0877495,4.831328,0.18239804,4.820333,0.8442383,1.0087891,0.9413086,0.066583194,0.9711914,20,26,22.6,2.6076809620810595,23.0,MBP,110,PXDesign,SolubleMPNN,9,non_binder,0.9630401539802551,binder
4b63eca9-abd1-5117-bf85-cbecb83aeaed,0.08022,0.09582,0.087226,0.007179876739889064,0.08465,0.0,0.0,0.0,0.0,0.0,5.2928,5.4049,5.35984,0.04111402437125325,5.3672,16.2335,18.9127,17.67842,1.1907553094569854,18.0503,0.08207301,0.22317351,0.17032549,0.058250256,0.19449669,0.161532,0.324368,0.253195,0.06659447,0.28474072,0.161532,0.324368,0.253195,0.06659447,0.28474072,0.08207301,0.22317351,0.17032549,0.058250256,0.19449669,0.2663641,0.44933704,0.37094435,0.075187564,0.40676162,0.578331,0.6673442,0.6342881,0.036834,0.65216345,0.2280749,0.44594207,0.36349598,0.09136694,0.41328764,89.30662,91.16228,90.32497,0.6686997,90.308235,84.40859,86.13801,85.02292,0.6530129,84.852295,7.795495,11.038863,8.974798,1.3205261,8.389522,2.828125,4.8632812,3.5597656,0.8828963,3.0546875,17,23,20.2,2.16794833886788,20.0,TrkA,73,RFdiffusion3,Caliby (SolubleCaliby),21,non_binder,0.4966942000389098,non_binder
4b84a2c7-ed0d-50ad-b78b-4d91e841d6a7,0.70062,0.82497,0.75644,0.06114566256080636,0.72888,0.92308,0.92308,0.92308,0.0,0.92308,1.1681,1.9173,1.6171599999999997,0.39455307374293774,1.8937,2.0897,4.2616,3.2275,0.9267812174402326,3.1289,0.39868468,0.5375942,0.48184457,0.05494724,0.4971459,0.43237266,0.54844433,0.49622494,0.046646193,0.49845657,0.43237266,0.54844433,0.49622494,0.046646193,0.49845657,0.39868468,0.5375942,0.48184457,0.05494724,0.4971459,0.659686,0.7716015,0.72815293,0.044349093,0.74179626,0.74198306,0.8381496,0.7997997,0.038939316,0.8092115,0.48519543,0.5870385,0.5440689,0.04279159,0.5484498,93.93596,94.78219,94.42094,0.3183481,94.52293,89.92275,92.44941,91.27805,1.1654767,91.47162,5.1633506,6.8869205,5.8134665,0.7100878,5.6650705,1.3349609,1.7851562,1.5048828,0.18305793,1.4199219,37,49,44.0,5.385164807134504,45.0,BBF-14,69,RFdiffusion3,SolubleMPNN,35,non_binder,0.9580023050308227,binder
4bc47c6f-dda0-4ebd-ade9-7fbf3a768e82,0.05733,0.31668,0.24323,0.09603176569355695,0.282805,0.11881,0.30769,0.219648,0.07319813139691476,0.26828,3.2064,20.7369,6.86827,6.590945426711474,3.9427000000000003,7.9817,37.8702,13.66501,10.369027780896335,8.98355,0.0,0.67107624,0.24928506,0.20896012,0.18889362,0.010426359,0.71975374,0.38246813,0.21455382,0.42852378,0.0,0.83977073,0.4387284,0.2876886,0.42852378,0.0,0.67107624,0.24928506,0.20896012,0.18889362,0.6355564,0.96164846,0.8555552,0.10808166,0.8890203,0.71089983,0.9681652,0.8863931,0.08583389,0.9146574,0.0,0.6222859,0.28712517,0.19484939,0.2513789,60.879166,81.18899,73.50075,7.380153,75.125595,83.86943,87.52933,86.294914,1.2210702,86.50711,4.760343,25.625713,11.298008,6.336571,9.982671,1.2119141,16.96875,5.6382813,4.752125,4.7441406,8,60,46.4,14.997777613144333,49.5,TNFa,80,RFdiffusion3,SolubleMPNN,13,non_binder,0.7110619568824768,binder
4bd6f72a-5057-5e27-be1a-468ab8d18a96,0.0162,0.04144,0.035029,0.00737446864375853,0.036175,0.0,0.0,0.0,0.0,0.0,11.3199,20.2929,12.859979999999998,2.6624760434185655,12.118549999999999,24.1945,40.0192,27.599649999999997,4.658622159263163,26.8002,0.0,0.62799007,0.38623685,0.18800265,0.43753308,0.2780309,0.7999845,0.5734235,0.15567768,0.5571594,0.0,0.7999845,0.6089548,0.23448983,0.69802785,0.0,0.62799007,0.38623685,0.18800265,0.43753308,0.7448141,0.9529873,0.9022371,0.059605155,0.91225314,0.7939348,0.9609203,0.9210769,0.04798866,0.9295132,0.0,0.57291585,0.41553345,0.16823713,0.4737813,80.78516,86.775604,83.69377,2.233099,83.27768,86.34057,88.74982,88.00755,0.7069797,88.10014,6.3366117,21.828087,8.976743,4.6282353,7.3513727,1.5078125,15.1875,3.824414,4.1075015,2.2675781,15,31,24.4,6.186005711819757,26.0,TNFa,88,RFdiffusion3,SolubleMPNN,26,non_binder,0.5270023703575134,binder
4be4e8bb-c362-57d6-ac0d-cb75300aa0a3,0.85958,0.9203,0.8894059999999999,0.02785658593582494,0.89232,0.7,0.85,0.8,0.06123724356957947,0.8,0.439,0.7034,0.53762,0.09862556463716698,0.5186,0.8628,1.5535,1.07962,0.27517659239114073,1.0306,0.90184927,0.93942326,0.9171139,0.014433739,0.91451204,0.93053734,0.9565958,0.9419276,0.009786537,0.9410961,0.93053734,0.9565958,0.9419276,0.009786537,0.9410961,0.90184927,0.93942326,0.9171139,0.014433739,0.91451204,0.95978445,0.9752473,0.9665782,0.00580324,0.96612,0.9696186,0.9807845,0.9742901,0.0044363844,0.97463435,0.79306126,0.8367404,0.81172675,0.017114028,0.81221956,93.99614,94.40135,94.25987,0.16095847,94.32306,96.028275,96.31148,96.1801,0.1057425,96.18558,2.1386306,2.7000835,2.4576094,0.21977694,2.4423888,0.36108398,0.47265625,0.41811523,0.040010247,0.41577148,36,42,37.6,2.5099800796022276,37.0,PD-L1,88,FreeBindCraft (BindCraft),designed jointly by the structure model (native co-design),25,binder,0.9796925210952758,binder
4c602b46-fd8f-5844-b1a9-94b3b263ba26,0.00621,0.01619,0.010530000000000001,0.00410657737998175,0.01032,0.0,0.0,0.0,0.0,0.0,20.079,32.2332,25.65732,5.556755808283182,24.059649999999998,40.0873,65.6881,53.159349999999996,10.87843185566437,51.5955,0.0,0.0,0.0,0.0,0.0,0.0,0.0,0.0,0.0,0.0,0.0,0.0,0.0,0.0,0.0,0.0,0.0,0.0,0.0,0.0,0.18899032,0.8374151,0.5258845,0.31823945,0.5405921,0.6109419,0.8766494,0.750584,0.12269968,0.7432374,0.0,0.0,0.0,0.0,0.0,70.22695,77.358986,73.785934,2.599638,72.637115,84.96039,85.9084,85.56167,0.29154694,85.662994,24.887604,28.136366,26.579395,1.1573833,26.602684,15.203125,23.1875,19.785938,2.4431365,19.898438,30,79,45.8,14.148419621207797,44.5,Cas9,80,PXDesign,SolubleMPNN,27,non_binder,0.3328787684440613,non_binder
4d100adc-4a7e-5c66-89b6-687eb94d8fa6,0.60227,0.85241,0.707025,0.07607586144398527,0.6817599999999999,0.66667,0.84615,0.735223,0.06927416867459008,0.714575,0.7915,2.3594,1.54413,0.456578220267045,1.55985,2.2795,4.0265,3.0895400000000004,0.6020802810995298,2.9697500000000003,0.5256225,0.812874,0.70314157,0.11081044,0.72722924,0.69659775,0.82154685,0.7738198,0.043704715,0.7866021,0.69659775,0.8492219,0.7910926,0.060133085,0.80343217,0.5256225,0.812874,0.70314157,0.11081044,0.72722924,0.86919045,0.92710835,0.9070279,0.018581415,0.9126406,0.8889118,0.94168234,0.9218205,0.01774261,0.9246787,0.56309366,0.7033691,0.64737964,0.049728796,0.6551667,91.93236,93.543076,92.97023,0.4805166,92.98538,94.78657,95.88548,95.482086,0.36464137,95.518005,3.8941565,5.912719,4.738134,0.7007562,4.598852,0.640625,1.4775391,0.97148436,0.35050404,0.9086914,25,32,29.1,2.2335820757001277,29.5,VEGF-A,76,FreeBindCraft (BindCraft),SolubleMPNN,12,non_binder,0.9359387159347533,binder
4d37a3e1-84a1-5105-a527-861582c8b9af,0.00424,0.01155,0.0058909999999999995,0.0021786563137248913,0.005695,0.0,0.0,0.0,0.0,0.0,18.4859,33.0133,28.79866,4.28530461025429,29.091900000000003,49.9782,82.3029,71.81699,10.139563038081185,70.40565000000001,0.0,0.0,0.0,0.0,0.0,0.0,0.0,0.0,0.0,0.0,0.0,0.0,0.0,0.0,0.0,0.0,0.0,0.0,0.0,0.0,0.17276032,0.8488525,0.53316617,0.32666248,0.55419767,0.6354202,0.88543946,0.7624167,0.1236495,0.76461625,0.0,0.0,0.0,0.0,0.0,75.82031,80.157814,78.12898,1.3306619,78.2078,84.733025,85.954475,85.47604,0.43085217,85.44757,21.720654,28.53774,25.394405,1.8456717,25.224342,15.2734375,22.296875,18.171093,2.1162455,18.164062,9,67,33.7,16.77332538420585,31.5,Cas9,80,PXDesign,SolubleMPNN,24,non_binder,0.3931965625286102,non_binder
4d72728d-eb8f-5387-97ab-a650425c9fd8,0.01191,0.02434,0.016800000000000002,0.004501619461680184,0.014775,0.0,0.0,0.0,0.0,0.0,11.0659,16.7754,13.51821,2.0329381913597104,13.21755,35.2362,50.261,44.00693,5.406137280505064,46.323449999999994,0.0,0.7410106,0.2517797,0.29851487,0.09856826,0.0,0.81924546,0.30562168,0.31589776,0.26777124,0.0,0.81924546,0.29344377,0.30352488,0.26777124,0.0,0.7410106,0.2639576,0.31289405,0.09856826,0.28456742,0.8970934,0.7126263,0.16494688,0.7315651,0.46585342,0.9307292,0.73547727,0.115632094,0.74012566,0.0,0.71450233,0.28297442,0.30377635,0.15082689,81.141624,93.92482,87.86758,4.6770043,88.06667,72.617714,82.156975,77.7442,2.7827454,77.95781,3.5287876,22.547606,14.214331,6.6957283,14.2749405,0.9423828,14.078125,6.9098635,5.354077,6.3535156,21,41,29.6,5.295700562196134,28.5,RBX1,94,RFdiffusion,SolubleMPNN,9,non_binder,0.49167907357215873,non_binder
4f5762ca-b6aa-5613-b8bd-8f860f098794,0.02478,0.0348,0.030002,0.0038726437997832954,0.02969,0.0,0.01053,0.004212,0.005767518530529399,0.0,15.1245,17.9302,16.97146,1.1239895697914637,17.0113,27.6829,32.3483,29.342599999999997,1.786653382724249,28.9593,0.0,0.086873315,0.028640497,0.034954425,0.010799919,0.010476239,0.12914297,0.06532637,0.043277003,0.061186105,0.0,0.086873315,0.028640497,0.034954425,0.010799919,0.010476239,0.12914297,0.06532637,0.043277003,0.061186105,0.3364631,0.5365409,0.45217913,0.0729105,0.45765,0.62964046,0.71802247,0.6618327,0.035495143,0.66358465,0.051474586,0.12775229,0.095740005,0.027861707,0.10318592,75.286285,77.10676,75.98961,0.7008789,75.74759,86.552605,87.724815,87.187515,0.43107405,87.22249,14.742131,18.394918,16.85857,1.3550917,17.042608,6.6875,9.71875,7.81875,1.142999,7.453125,35,71,50.4,16.80178561939177,42.0,EGFR,90,Proteina-Complexa,SolubleMPNN,37,binder,0.46181892752647397,non_binder
502fefd4-ee2f-5162-978f-b2c4ab5ab1b5,0.00639,0.01154,0.0073609999999999995,0.0014897013123441893,0.006965,0.0,0.0,0.0,0.0,0.0,22.9588,30.903,28.45254,2.143415329276567,28.957,48.0383,64.9769,61.298590000000004,4.792488593726646,62.7051,0.0,0.108077675,0.0108077675,0.03417716,0.0,0.0,0.2669308,0.02669308,0.08441093,0.0,0.0,0.2669308,0.02669308,0.08441093,0.0,0.0,0.108077675,0.0108077675,0.03417716,0.0,0.21160786,0.85714704,0.5977381,0.27262086,0.6500736,0.64645314,0.8991155,0.7698362,0.12376578,0.7674763,0.0,0.14296968,0.024930866,0.0437983,0.009550781,75.36242,81.78037,78.22142,2.0740683,77.68445,85.468346,86.05407,85.801315,0.20574003,85.8817,15.452419,26.906782,22.392956,3.1326082,22.767145,5.7265625,21.640625,12.89375,4.227345,12.605469,34,61,47.6,7.919034733546198,48.5,Cas9,71,Proteina-Complexa,SolubleMPNN,22,non_binder,0.40095269799232475,non_binder
50525bf6-1514-5afc-8930-3d10d3c02755,0.04247,0.52222,0.345981,0.18326568021136236,0.425505,0.03571,0.5125,0.307321,0.17715243959495572,0.33660500000000004,2.6635,13.9152,4.83978,3.655719291679212,3.1617499999999996,3.9364,28.7821,9.715810000000001,8.446092039576646,5.17215,0.0,0.71143055,0.41056174,0.30548796,0.50575924,0.010214565,0.75193197,0.48564664,0.30034488,0.63918793,0.010214565,0.8257405,0.5305372,0.33949825,0.68857205,0.0,0.71143055,0.41056174,0.30548796,0.50575924,0.80025274,0.94982547,0.8979136,0.057465833,0.9232619,0.84910285,0.9568099,0.919044,0.04097699,0.93648756,0.043321587,0.6047357,0.377687,0.2318126,0.46707892,77.85346,89.47966,84.76208,5.101988,86.532135,87.61202,89.02176,88.223404,0.44638783,88.22873,5.143108,17.885948,9.233415,4.821778,7.051136,1.0351562,9.84375,3.729297,3.3714147,1.9882812,23,50,42.1,8.184674024595536,44.5,TNFa,85,PXDesign,SolubleMPNN,22,non_binder,0.787271820306778,binder
50605358-e5fc-5bbc-bdef-0403e206843e,0.00843,0.69164,0.366777,0.3257349285692279,0.37061499999999997,0.0,0.59184,0.267347,0.2616086349683435,0.27551000000000003,1.2002,23.5236,6.79415,7.200564054641831,4.59515,1.9342,57.7112,14.887449999999998,17.633692640274376,8.86845,0.0,0.7066291,0.39675644,0.31772816,0.54217696,0.0,0.88700217,0.5410637,0.40616778,0.804999,0.0,0.88700217,0.5410637,0.40616778,0.804999,0.0,0.7066291,0.39675644,0.31772816,0.54217696,0.27055857,0.94323397,0.70121264,0.29596484,0.89834124,0.8197684,0.96604985,0.9066926,0.05875897,0.9142071,0.010602678,0.64660394,0.39406985,0.2758864,0.54170287,74.534424,83.40861,80.35255,2.533727,80.96248,82.96323,92.51758,88.56601,4.1989036,89.1723,4.742206,17.689734,9.531599,5.395707,6.946165,0.9243164,11.5,4.3709474,4.445028,1.4169922,23,58,44.6,13.737216279549184,51.5,Nipah-G,69,Proteina-Complexa,designed jointly by the structure model (native co-design),43,non_binder,0.9149868345260619,binder
50774547-2770-502e-bc2d-f8f739d6deaf,0.01414,0.02731,0.017583,0.004194711087919061,0.016025,0.0,0.0,0.0,0.0,0.0,10.7884,14.8427,13.16801,1.5044966123443262,13.45835,32.7908,47.1446,42.639689999999995,4.481381123778199,43.969049999999996,0.0,0.82046396,0.32650107,0.27751404,0.22825795,0.0,0.86121345,0.35536203,0.2904131,0.29259002,0.0,0.82046396,0.34410924,0.27590668,0.29259002,0.0,0.86121345,0.3377539,0.29269373,0.22825795,0.28921023,0.93121487,0.7293799,0.17632256,0.77092373,0.50911415,0.94023067,0.7776264,0.11348328,0.7803316,0.0067894347,0.72108704,0.33462185,0.24907139,0.19998473,70.78094,88.865746,81.32335,6.513263,82.11515,64.761,77.8572,72.6463,5.0914288,74.54376,3.3825748,19.134514,11.289758,5.7390513,13.384609,0.84228516,11.734375,3.9190917,3.1747355,3.7871094,30,69,49.7,13.030306553910728,46.5,RBX1,101,PXDesign,SolubleMPNN,16,non_binder,0.6388585519790648,binder
50bf7869-1ad4-5222-a0c4-0f7b8dc383a7,0.29665,0.62938,0.512389,0.11444845724410425,0.56196,0.272,0.752,0.5711999999999999,0.1707524523982013,0.625,2.2504,5.281,3.2846400000000004,1.0286859538049284,3.0359,3.2818,7.7934,4.668740000000001,1.5625792319111373,4.15025,0.41394374,0.78619486,0.668487,0.11222636,0.6902848,0.5483006,0.86851305,0.7570013,0.11258049,0.80422366,0.60471237,0.86851305,0.79686546,0.07773227,0.8271551,0.41394374,0.78619486,0.668487,0.11222636,0.6902848,0.91033494,0.9668256,0.9467987,0.01806124,0.95324296,0.92618024,0.9716567,0.95499724,0.014509032,0.96028143,0.42166176,0.6652079,0.5907806,0.074248105,0.60907453,60.794464,83.57149,72.35442,10.391584,73.31923,81.14318,88.47909,85.09775,3.3633823,85.4249,4.3255877,7.199469,5.6595106,0.89306337,5.4870787,1.1005859,2.9824219,1.570996,0.54218173,1.4545898,58,85,70.9,8.672433978480964,69.0,TNFa,95,RFdiffusion3,SolubleMPNN,21,non_binder,0.9044907999038695,binder
50db2657-d4da-5dd5-b3e5-673c4917d292,0.04406,0.06196,0.058246,0.007930985436879832,0.06177,0.0,0.05263,0.042104,0.023536851531162785,0.05263,15.3909,15.5231,15.44152,0.04895091418962418,15.4329,22.6048,22.7057,22.66768,0.04075833657057172,22.6695,0.60434794,0.7282724,0.66148496,0.045573875,0.66488487,0.7501252,0.84084505,0.7946135,0.032191157,0.79569715,0.7501252,0.84084505,0.7946135,0.032191157,0.79569715,0.60434794,0.7282724,0.66148496,0.045573875,0.66488487,0.8343748,0.8985626,0.86504346,0.023503907,0.86743784,0.91562784,0.94290006,0.9313078,0.009822485,0.93265486,0.64580065,0.70172894,0.6725602,0.019878197,0.67249936,92.921,94.898506,94.10954,0.7533626,94.18091,93.00489,93.90203,93.56137,0.3954908,93.711395,3.932327,4.601354,4.267726,0.23723513,4.2813826,0.98583984,1.4472656,1.202832,0.16585672,1.2070312,50,60,55.6,3.7815340802378072,55.0,BHRF1,75,PXDesign,SolubleMPNN,17,non_binder,0.7651324701309203,binder
5140c582-e823-5615-a2e8-627d383fd20a,0.91603,0.92439,0.919948,0.0034999528568253097,0.92096,1.0,1.0,1.0,0.0,1.0,0.7483,0.8089,0.77852,0.02340292716734379,0.7792,1.3506,1.5449,1.43928,0.07229821574561847,1.4303,0.78888106,0.83461535,0.810559,0.020577917,0.8145966,0.839782,0.8738119,0.85686225,0.0152304275,0.8572715,0.839782,0.8738119,0.85686225,0.0152304275,0.8572715,0.78888106,0.83461535,0.810559,0.020577917,0.8145966,0.9035099,0.9274332,0.91575754,0.01095982,0.9172903,0.9438362,0.9556312,0.9494219,0.005196757,0.9497431,0.7610503,0.78770167,0.77407765,0.011690271,0.77374333,96.08414,96.28606,96.21336,0.0812038,96.228745,96.158226,96.33461,96.24995,0.0778107,96.2222,2.7368228,3.100048,2.9263406,0.16337676,2.9350855,0.6772461,0.7973633,0.7357422,0.05815612,0.734375,18,19,18.6,0.5477225575051664,19.0,TrkA,75,PXDesign,SolubleMPNN,22,non_binder,0.9804240798950195,binder
5158118f-e663-49b2-a2be-02120a3d0bec,0.65103,0.8902,0.7637229999999999,0.1110781023574554,0.755385,0.55882,0.8,0.674069,0.08636231012426664,0.656945,0.4986,1.7238,1.09939,0.6030711648627289,1.088,1.4786,2.4552,1.9353500000000001,0.42910088492619586,1.8789,0.8113439,0.89716,0.8577634,0.03477379,0.85738647,0.8857982,0.9172269,0.90310556,0.009187964,0.90393114,0.9044958,0.94397867,0.92489177,0.016615165,0.9237969,0.8113439,0.89716,0.8577634,0.03477379,0.85738647,0.9630869,0.9803449,0.97332,0.0062400606,0.9734613,0.96565163,0.98234147,0.97568846,0.0060255895,0.9759177,0.6973271,0.7567216,0.7261459,0.023461957,0.72698426,91.51149,94.10495,93.01684,1.050987,93.2776,87.380844,88.7575,88.26261,0.3876834,88.33942,3.3166769,4.312202,3.770002,0.36210704,3.7102494,0.5180664,0.86279297,0.6567383,0.12955892,0.64819336,59,70,64.4,4.005551702879946,64.5,TNFa,80,PXDesign,SolubleMPNN,37,non_binder,0.9613082218170166,binder
51670d7b-1501-5ea1-aec3-8fed6d135480,0.00808,0.73506,0.18681799999999998,0.28059965537319453,0.08011499999999999,0.0,0.78261,0.18695699999999998,0.30610255162644795,0.06522,1.5988,22.3856,12.220369999999999,6.955567269948424,12.3783,1.8574,59.8709,25.721389999999996,19.32214557734495,20.96595,0.0,0.68690896,0.27887103,0.2729301,0.29585144,0.0,0.83496606,0.4013154,0.36971876,0.4880357,0.0,0.83496606,0.40111256,0.36995646,0.4880357,0.0,0.68690896,0.2790739,0.27270883,0.29585144,0.13538021,0.9207902,0.5782067,0.3119686,0.6709565,0.72183335,0.95956194,0.85283023,0.078910746,0.8466246,0.0,0.6180616,0.28426698,0.2517626,0.29656842,83.328476,89.452774,85.74458,2.0627043,85.28139,82.312325,92.9681,88.27355,4.5478797,88.68315,4.9918294,24.883858,12.533194,6.362698,12.118163,1.3046875,19.328125,6.743164,5.8647037,4.9316406,20,62,45.7,13.687382673266809,50.0,Nipah-G,90,Proteina-Complexa,Caliby (SolubleCaliby),32,non_binder,0.7941002476215363,binder
51913349-19ae-5855-bcf8-5778432e4d50,0.71008,0.84413,0.783736,0.05035551370009049,0.781695,0.60606,0.76471,0.6874330000000001,0.05487322744289783,0.679145,0.7029,1.3071,0.99376,0.23697165887740898,1.0140500000000001,1.2996,1.8283,1.57353,0.1424104010714573,1.5891,0.73746085,0.86612266,0.8077074,0.05064726,0.8172058,0.8186207,0.86650515,0.84534204,0.0139151495,0.8497578,0.8186207,0.8877512,0.8590727,0.026613269,0.86051345,0.73746085,0.86612266,0.8077074,0.05064726,0.8172058,0.9311165,0.9446111,0.93523836,0.0043138303,0.93358326,0.9341813,0.94930995,0.94157743,0.0058049997,0.94421405,0.6920037,0.7626947,0.7284523,0.027211763,0.7327513,93.08587,94.17053,93.64956,0.4144784,93.66635,96.2023,96.62833,96.37605,0.15985607,96.34345,2.9185166,3.8858485,3.3939254,0.37685883,3.3178654,0.5839844,0.99853516,0.76157224,0.16009174,0.7438965,40,45,42.6,1.4298407059684808,43.0,VEGF-A,70,Proteina-Complexa,SolubleMPNN,21,binder,0.9723458576202393,binder
522b1d2a-3aac-550d-bd9a-b1649b3d5bff,0.8328,0.91374,0.89144,0.02278411044760997,0.897145,0.74194,0.91011,0.8445090000000001,0.05061700514649208,0.83871,0.4698,0.8678,0.6282099999999999,0.11995847846465695,0.6289,0.6572,1.674,1.15885,0.32000318487998414,1.1985999999999999,0.8637201,0.9262946,0.89458543,0.020311149,0.89573944,0.9012895,0.929053,0.91507894,0.008597594,0.91605604,0.90876836,0.95116717,0.92865837,0.015325327,0.9250013,0.8637201,0.9262946,0.89458543,0.020311149,0.89573944,0.9688149,0.98155004,0.97470343,0.004287304,0.9736743,0.97118324,0.9832003,0.9768875,0.004015171,0.9758638,0.68649626,0.7470712,0.7080716,0.02189012,0.7034394,88.9138,92.13816,90.52712,1.4136773,90.58224,88.9517,89.97352,89.45317,0.3760942,89.512634,3.322158,4.298851,3.911531,0.3354835,3.9716873,0.40576172,0.6484375,0.50271,0.08898415,0.48217773,64,84,73.6,7.904991390816874,71.0,TNFa,95,RFdiffusion3,SolubleMPNN,18,non_binder,0.9830265927314759,binder
52a30eff-2d5e-5f88-a0c8-8950612d1afe,0.88744,0.95031,0.92613,0.02616003344799083,0.93865,0.875,0.95833,0.9249980000000001,0.04564172071690547,0.95833,0.5004,0.6903,0.56474,0.0729774485714594,0.545,0.7271,1.6873,1.23226,0.3540385755818143,1.2578,0.815739,0.83769983,0.8294815,0.009029619,0.8315504,0.82371384,0.84336704,0.83425343,0.00784788,0.8373452,0.82371384,0.8379631,0.8322881,0.0069482825,0.83666295,0.815739,0.84336704,0.8314468,0.010422785,0.8315504,0.93468225,0.94588304,0.94103754,0.0042268583,0.9410877,0.94012755,0.9476457,0.9443491,0.0028244292,0.94479316,0.66792136,0.68977815,0.68146724,0.008203768,0.68303126,95.3528,95.64017,95.52422,0.14105313,95.60296,96.562256,96.75731,96.661545,0.08195454,96.67695,3.992658,4.2752624,4.092885,0.110015474,4.0614395,0.6948242,0.79833984,0.7363281,0.04586206,0.72021484,38,44,40.8,2.2803508501982765,40.0,IL-7Ra,88,Proteina-Complexa,SolubleMPNN,11,binder,0.981406111717224,binder
52c23743-6edf-5838-9fa9-87599bca9f0b,0.45294,0.58626,0.509768,0.04329059400018541,0.508625,0.35,0.56667,0.47166800000000003,0.08536557552341836,0.475,1.9578,2.9547,2.38871,0.3735033733299994,2.3184,2.1682,6.4133,4.65017,1.4653558316819997,4.861599999999999,0.0,0.20005856,0.103258654,0.06849817,0.10728687,0.0,0.531569,0.24486096,0.1704953,0.21355605,0.0,0.531569,0.28654498,0.18852891,0.3528286,0.0,0.20005856,0.103258654,0.06849817,0.10728687,0.7463586,0.9032735,0.8296382,0.054663043,0.82966304,0.79627424,0.9249236,0.86583775,0.04526156,0.8675539,0.033559993,0.33631653,0.18252382,0.089936934,0.18616055,80.60347,83.38246,82.18681,0.76674426,82.24744,86.610405,89.82233,88.00614,1.1969498,87.82034,8.87751,16.849146,11.717514,2.299075,11.067992,3.9375,10.03125,5.859375,1.8004653,5.421875,18,27,22.4,3.5962943891363137,21.5,TNFa,76,RFdiffusion3,SolubleMPNN,15,non_binder,0.7473333477973938,binder
52c95eaf-5c39-49ac-9a3f-7f6abccef055,0.43204,0.45608,0.445556,0.008854757478327684,0.44489,0.18519,0.22222,0.20740799999999998,0.020282166304416305,0.22222,2.2031,2.3937,2.2740400000000003,0.0777231497045764,2.2812,3.8093,4.099,3.90456,0.11391401581895012,3.8608,0.37582242,0.8094305,0.63588345,0.17292054,0.6903007,0.7165491,0.8385218,0.7857368,0.039882325,0.79586136,0.7165491,0.92654973,0.8431314,0.083904415,0.8724483,0.37582242,0.8094305,0.63588345,0.17292054,0.6903007,0.94026226,0.97488135,0.9592128,0.012643829,0.9593124,0.9509462,0.9777631,0.9646176,0.009717461,0.96299446,0.50196093,0.71192276,0.62828684,0.08400357,0.6520816,80.7602,90.574104,86.23328,4.293692,86.50421,88.925865,89.80846,89.2703,0.27164635,89.13928,3.888635,6.7976723,5.1809816,1.1490492,5.029917,0.79833984,2.2480469,1.31875,0.56218034,1.0627441,30,49,36.4,5.460972644339305,35.0,TNFa,70,RFdiffusion,SolubleMPNN,34,non_binder,0.868048961162567,binder
52e837de-0120-501e-8219-f9c4b7575a0c,0.70066,0.73187,0.716604,0.012175772254768864,0.71584,0.42857,0.42857,0.42857,0.0,0.42857,0.7635,0.9736,0.85038,0.07947123378934044,0.8522,1.4213,1.9565,1.62262,0.20727727082340694,1.5685,0.73533887,0.84512717,0.78846914,0.04564785,0.7741918,0.8485135,0.9012803,0.86908895,0.021203414,0.8585801,0.73533887,0.84512717,0.78846914,0.04564785,0.7741918,0.8485135,0.9012803,0.86908895,0.021203414,0.8585801,0.9587209,0.9746899,0.9649831,0.006444484,0.96169335,0.88651854,0.94501483,0.9167032,0.0239392,0.91156226,0.664068,0.755819,0.704492,0.03655156,0.68833494,93.890114,95.54027,94.717834,0.7108178,94.77309,85.04562,88.309235,86.7144,1.3346453,86.80741,3.9938793,5.2615023,4.651952,0.59123707,4.8510413,0.42089844,0.5683594,0.5083984,0.05838423,0.5263672,13,27,17.2,5.805170109479997,14.0,TREM2,60,PXDesign,SolubleMPNN,7,binder,0.9607193064689635,binder
5322d6d0-2389-5e33-90e3-31f1c0e572c6,0.00344,0.00705,0.004212,0.0015874413374988067,0.0035,0.0,0.0,0.0,0.0,0.0,17.7886,32.8749,29.66062,6.638558257408005,32.5937,71.096,93.3236,88.1249,9.556172997335283,92.3917,0.21443489,0.3906217,0.3326191,0.06822714,0.3504368,0.31624272,0.54434395,0.47925997,0.09261776,0.5166016,0.31624272,0.54434395,0.47925997,0.09261776,0.5166016,0.21443489,0.3906217,0.3326191,0.06822714,0.3504368,0.64342153,0.8040921,0.755947,0.06403501,0.7758642,0.5414938,0.60419893,0.58728194,0.026200702,0.59568155,0.2563147,0.42637944,0.3765392,0.0683138,0.4004619,81.17388,84.19915,83.39787,1.2727082,83.99847,84.70773,86.47718,86.08446,0.77037865,86.40412,15.191233,17.456774,15.842143,0.93388456,15.566587,2.8925781,5.0039062,3.5078125,0.8484603,3.2265625,29,45,35.6,6.228964600958975,36.0,EGFR,95,PXDesign,Caliby (SolubleCaliby),15,non_binder,0.5280580019950866,binder
5323ec56-ac15-5828-856e-beeed833c0f2,0.30757,0.3629,0.335366,0.024344049170177077,0.33603,0.78571,0.92857,0.85714,0.05050863738015507,0.85714,6.84,15.6576,10.265039999999999,3.248349462881111,9.5983,19.197,29.2655,23.17882,3.7676139381576768,22.2759,0.7116673,0.7507101,0.73151624,0.015440786,0.73224014,0.74050254,0.76337755,0.7530548,0.008381336,0.7528715,0.74050254,0.76337755,0.7530548,0.008381336,0.7528715,0.7116673,0.7507101,0.73151624,0.015440786,0.73224014,0.95039636,0.9590483,0.95485747,0.0032898723,0.9548851,0.5866268,0.65841264,0.6159334,0.026589442,0.60985494,0.56181246,0.5861446,0.569214,0.009735778,0.5652293,86.06665,87.60593,87.07895,0.5949851,87.3146,86.08962,88.21418,87.33162,1.0798504,87.92565,11.724736,14.436948,13.551396,1.0553638,13.901761,1.0322266,1.2363281,1.134375,0.08192248,1.1191406,29,46,36.2,6.6858058601787125,37.0,EGFR,80,PXDesign,SolubleMPNN,15,non_binder,0.9119555735588073,binder
536365a9-2091-5c59-a601-0c513c4111d8,0.25372,0.85158,0.611336,0.31216495900404967,0.83149,0.35,0.85,0.62,0.22803508501982758,0.75,0.7973,8.1909,3.68386,3.9015623233520182,0.8987,1.4188,10.8868,5.04496,4.927450069051942,1.5234,0.7215593,0.7839441,0.7618743,0.02583066,0.77104616,0.72350967,0.8076007,0.77931327,0.034876514,0.79540914,0.7215593,0.8076007,0.7758051,0.037558395,0.79540914,0.72350967,0.7839441,0.7653825,0.024395525,0.77104616,0.8468032,0.88930786,0.8757256,0.017206164,0.88192517,0.87383676,0.9267886,0.9079653,0.024953753,0.9239358,0.6880236,0.7273316,0.71443623,0.017792173,0.72622824,94.810074,96.21922,95.55052,0.6024937,95.72386,89.93834,95.892235,93.7307,2.799983,95.631714,3.649741,4.767791,4.0421324,0.529759,3.6879668,0.8256836,1.0615234,0.9145508,0.0970839,0.92529297,31,37,34.8,2.387467277262665,36.0,TrkA,95,FreeBindCraft (BindCraft),Caliby (SolubleCaliby),10,non_binder,0.9680033516883849,binder
53f03810-a55b-587b-9c3e-2fb7c58857df,0.02187,0.02403,0.022768,0.000776971327942315,0.022685,0.0,0.0,0.0,0.0,0.0,13.0239,15.0494,14.08702,0.9372482581116557,14.163450000000001,33.9415,35.0389,34.59101,0.3497032406992467,34.57695,0.35774437,0.76034415,0.5878348,0.17128518,0.63755995,0.53621274,0.76702803,0.67732215,0.09369134,0.7224365,0.53621274,0.8364662,0.71371335,0.12445029,0.76438445,0.35774437,0.76034415,0.5878348,0.17128518,0.63755995,0.7948218,0.9135603,0.867215,0.048027154,0.88778216,0.828663,0.9308078,0.89049435,0.040625773,0.9063312,0.45043078,0.6867645,0.59322107,0.09612055,0.6280504,93.96106,94.849846,94.49645,0.31891322,94.53021,94.96542,95.46063,95.23884,0.15763815,95.28035,4.0506506,7.2212663,5.3074307,1.2830278,4.8509173,0.70410156,2.4921875,1.396045,0.71519434,1.0810547,21,29,26.1,2.726414006223805,27.0,VEGF-A,82,Genie3,SolubleMPNN,10,binder,0.6507599925994872,binder
53f86cef-9d62-522d-8cfe-5ea17f6a6d5d,0.00487,0.83829,0.5277149999999999,0.3624943134649763,0.731675,0.0,0.76471,0.47255,0.33049611445018023,0.64706,0.84,28.6227,8.91768,12.474123671540575,1.34345,0.9005,77.5542,22.64011,34.37204001699476,1.50115,0.0,0.7486537,0.48913965,0.31139967,0.63118887,0.0,0.9052151,0.6412193,0.3748866,0.8349324,0.0,0.9052151,0.6412193,0.3748866,0.8349324,0.0,0.7486537,0.48913965,0.31139967,0.63118887,0.110572666,0.93747777,0.7256064,0.3250817,0.9029282,0.70537853,0.9681135,0.8939394,0.091060676,0.9408326,0.0,0.6843516,0.45922098,0.28925636,0.60220206,77.32401,92.68227,87.230415,5.956516,89.02562,81.04156,93.84058,89.1626,5.0689106,90.267624,4.1940613,26.68846,9.583812,7.8464108,5.700873,0.87109375,19.5625,4.873047,6.665776,1.496582,61,94,82.8,11.99814800523629,87.5,Nipah-G,95,PXDesign,SolubleMPNN,32,non_binder,0.9284191513061523,binder
5406bbe9-a678-5aa9-b51f-85b5b0af9dd4,0.00839,0.70557,0.27819099999999997,0.3476895565954715,0.00949,0.0,1.0,0.370589,0.48033312242535275,0.0,3.329,25.7517,15.74657,10.718489244608017,22.0801,1.5014,56.9551,33.61953,27.42853278188204,53.3478,0.0,0.68796384,0.21116939,0.2819455,0.0,0.0,0.8680418,0.31912202,0.41325423,0.0,0.0,0.8680418,0.31912202,0.41325423,0.0,0.0,0.68796384,0.21116939,0.2819455,0.0,0.7473791,0.97741103,0.8509164,0.10513481,0.8108038,0.82875234,0.9818304,0.8987335,0.06925339,0.87393826,0.0,0.61797804,0.22376272,0.2876274,0.006608073,76.82678,83.357254,79.29335,1.8965571,79.12918,92.73554,95.50102,94.03347,0.88244396,94.30344,4.929075,21.662218,14.510432,7.599922,18.679676,1.1855469,16.25,9.548047,6.782129,12.6015625,37,55,47.1,5.646040894093647,48.5,15-PGDH,71,RFdiffusion3,SolubleMPNN,22,binder,0.6334588956832885,binder
5495b3bf-da38-5dce-81ae-62970f7168ee,0.01109,0.69188,0.32502,0.331800367724664,0.306115,0.0,1.0,0.44999900000000004,0.4782288697417216,0.416665,0.5897,14.2123,7.380799999999999,7.123861607926482,7.3661,16.511,56.3613,37.93222,19.416442256202462,39.992149999999995,0.10376748,0.840451,0.5257832,0.32902384,0.5976792,0.1843549,0.8810926,0.6268147,0.2770092,0.7243326,0.1843549,0.840451,0.6080741,0.2588537,0.71103555,0.10376748,0.8810926,0.5445237,0.34844312,0.6109762,0.7520105,0.94775295,0.87365466,0.07867061,0.9011973,0.73068947,0.856454,0.8071257,0.036777362,0.82076246,0.14927864,0.74564743,0.48949608,0.27162683,0.5486949,88.46257,95.34877,91.97777,3.3816822,91.96388,77.363,85.24074,80.82497,3.200826,79.339676,8.760713,15.264283,10.845138,2.3902302,9.593271,0.46118164,5.2226562,2.2170167,1.9467479,1.4619141,24,32,27.4,2.6749870196985177,27.5,RBX1,86,Proteina-Complexa,SolubleMPNN,9,binder,0.8068385064601897,binder
54a3a72a-eede-5eae-9fa4-654017dc0b20,0.02917,0.79927,0.40480799999999995,0.386620507382742,0.38259,0.0,0.76,0.348,0.373357142097959,0.26,1.0876,16.3126,7.65067,7.038401455831036,6.15785,0.8181,28.999,13.285239999999998,13.104055900894876,11.13015,0.0,0.7717276,0.4173345,0.34079272,0.4941015,0.0,0.89754075,0.5231236,0.39718834,0.662375,0.0,0.89754075,0.5231236,0.39718834,0.662375,0.0,0.7717276,0.4173345,0.34079272,0.4941015,0.19077651,0.9530195,0.692386,0.31357875,0.8503475,0.7233751,0.9701145,0.8753573,0.10473936,0.91232586,0.0,0.65100956,0.3646203,0.2817389,0.41729897,79.73633,94.73124,88.7382,6.200873,89.60234,81.703186,95.04315,89.12888,5.7887244,89.94304,4.527408,23.804386,11.071125,7.5250754,7.9178724,0.99609375,14.1640625,4.8481445,5.0675845,2.296875,36,92,62.7,15.144122438901649,58.5,Nipah-G,80,PXDesign,SolubleMPNN,11,non_binder,0.8587682580947875,binder
54e806de-d90b-58a4-88de-654dd913ac73,0.01476,0.71314,0.10344800000000001,0.21623626835272364,0.02139,0.0,0.63636,0.063636,0.201234701182475,0.0,1.359,17.2138,12.550329999999999,5.092588554196513,15.3098,1.8689,44.3134,30.225779999999997,15.187466932880326,35.11255,0.0,0.28071725,0.1089261,0.10713048,0.08913258,0.0,0.72701883,0.32988372,0.28284153,0.26327294,0.0,0.72701883,0.32988372,0.28284153,0.26327294,0.0,0.28071725,0.1089261,0.10713048,0.08913258,0.2535371,0.76227903,0.50783867,0.18513678,0.51679546,0.7415093,0.9474345,0.8575374,0.0804917,0.8881626,0.036383502,0.4931245,0.2331084,0.1774477,0.17719807,82.45039,91.6027,86.90007,3.8829956,87.25041,84.06279,93.3669,88.982254,4.3460155,89.55058,6.4276543,23.026228,13.005707,6.332916,11.569769,2.8359375,10.6484375,5.9501953,2.6175423,5.53125,34,57,46.8,6.729701991090608,48.0,Nipah-G,63,Proteina-Complexa,SolubleMPNN,18,non_binder,0.8067128610610961,binder
553da3c2-bdbb-5784-8dc7-afde22c88c5e,0.75745,0.85904,0.790644,0.0411258511158128,0.77656,0.7,0.9,0.76,0.08215838362577493,0.75,0.6826,1.0412,0.91744,0.13857499052859426,0.9492,2.2742,3.589,3.05072,0.5857562692792967,3.3575,0.72793907,0.7947679,0.7597641,0.02369537,0.75884795,0.85277146,0.88555515,0.86561,0.012997397,0.86625886,0.72793907,0.7947679,0.7597641,0.02369537,0.75884795,0.85277146,0.88555515,0.86561,0.012997397,0.86625886,0.93722075,0.9513656,0.9431942,0.0056186914,0.94395787,0.89887536,0.91707563,0.9107525,0.00777703,0.9135926,0.64417213,0.67339545,0.6641129,0.011895407,0.66655064,95.19617,95.79304,95.592995,0.24591132,95.722565,82.45186,89.43727,85.81602,3.1527112,86.666214,4.872549,5.429953,5.1564827,0.22099996,5.1273766,0.4814453,0.58740234,0.5445312,0.04260852,0.54248047,11,15,12.2,1.6431676725154984,12.0,TREM2,85,Genie3,SolubleMPNN,6,non_binder,0.9584168004989624,binder
554b0ab8-8f43-5eda-88b8-424d4a69ae1e,0.49237,0.61752,0.568198,0.04828838027931771,0.56677,0.64103,0.87179,0.784614,0.08992295635709499,0.79487,0.7849,0.9171,0.8448800000000001,0.04716420252691651,0.8431,15.9426,24.402,19.86432,3.110891178906778,19.5379,0.50124633,0.76953334,0.6563561,0.13348813,0.7350719,0.6202648,0.77670795,0.7215463,0.073117375,0.771252,0.6202648,0.77670795,0.7215463,0.073117375,0.771252,0.50124633,0.76953334,0.6563561,0.13348813,0.7350719,0.89518076,0.9663501,0.93730736,0.03552508,0.9594876,0.56107515,0.65113366,0.61094046,0.04174052,0.61768776,0.5124536,0.58075476,0.55227053,0.034873404,0.57226497,86.09347,90.57883,89.431046,1.9167283,90.44794,86.33539,88.28801,87.48977,0.99407643,88.167435,12.212029,15.270326,13.496256,1.3181736,13.332456,0.9770508,1.9277344,1.3825195,0.48502082,1.0957031,45,60,51.0,6.2849025449882685,48.0,EGFR,75,PXDesign,SolubleMPNN,18,non_binder,0.9392035102844237,binder
554caee8-6465-5c7f-9010-46bac23d7867,0.13704,0.3533,0.192808,0.09092666149155593,0.15665,0.33333,0.48485,0.4,0.058289712214077694,0.39394,8.5565,22.7194,17.97334,5.572882255440178,20.158,7.7629,34.2321,25.9358,10.527840675086226,30.3735,0.3265202,0.536035,0.44643083,0.08124464,0.4518212,0.5407671,0.6843301,0.62626487,0.055686872,0.6401091,0.5407671,0.6843301,0.62626487,0.055686872,0.6401091,0.3265202,0.536035,0.44643083,0.08124464,0.4518212,0.7914827,0.8991371,0.857275,0.042092606,0.8646818,0.5486434,0.6225025,0.5908305,0.02856438,0.5978333,0.42797533,0.50538254,0.46646172,0.033021394,0.46915936,91.240074,92.28807,91.524185,0.4396603,91.30906,87.11231,89.331726,88.6556,0.87902725,88.93108,13.626539,16.132511,14.730374,0.98505145,14.488834,1.9482422,3.4453125,2.5669923,0.56732804,2.5859375,30,41,33.8,4.2661458015403095,32.0,EGFR,82,PXDesign,SolubleMPNN,12,non_binder,0.6155930078029632,binder
563021b5-d509-519e-9b4f-ca2df716f246,0.00571,0.018,0.010476,0.005058333498077976,0.007515,0.0,0.0,0.0,0.0,0.0,18.9358,33.2389,26.31432,5.879375561854619,29.52555,37.9556,68.6369,54.41339000000001,12.48261282179247,59.5533,0.0,0.0,0.0,0.0,0.0,0.0,0.0,0.0,0.0,0.0,0.0,0.0,0.0,0.0,0.0,0.0,0.0,0.0,0.0,0.0,0.15909135,0.8292025,0.51383436,0.3256812,0.52424234,0.6160569,0.86792696,0.7461708,0.12315275,0.74970925,0.0,0.0,0.0,0.0,0.0,81.51632,83.68263,82.74135,0.6146468,82.78548,85.61209,86.43662,85.95414,0.23552775,85.90064,23.558083,29.601765,26.819355,1.6756358,26.617743,14.1015625,26.03125,20.817968,3.523583,21.304688,11,91,44.9,25.544949489956803,37.5,Cas9,90,BoltzGen,SolubleMPNN,33,non_binder,0.3762375879287719,non_binder
56378ae2-ca02-5b87-b3be-6e503c7b0a62,0.85798,0.91033,0.8803559999999999,0.023777267084339193,0.86781,0.7,0.83333,0.753332,0.0605521813810205,0.73333,0.4638,0.5616,0.5115999999999999,0.04095973632727633,0.505,0.6324,0.8401,0.74942,0.07968379383538411,0.7796,0.7601436,0.79246265,0.7711605,0.0136819165,0.76305145,0.7995551,0.82913554,0.8114607,0.0115512125,0.80730885,0.7995551,0.82913554,0.8114607,0.0115512125,0.80730885,0.7601436,0.79246265,0.7711605,0.0136819165,0.76305145,0.9009344,0.916493,0.90635586,0.0065659727,0.902447,0.9145835,0.9307019,0.9217924,0.0061455327,0.92129534,0.7290786,0.75098306,0.7386628,0.0085314885,0.7377413,95.84453,96.58271,96.16603,0.29933774,96.09646,96.31643,96.77531,96.511604,0.1823735,96.48636,3.2268565,3.5052269,3.382787,0.10879286,3.396074,0.79833984,0.8520508,0.8213867,0.028173447,0.80615234,34,38,36.4,1.51657508881031,37.0,TrkA,66,Proteina-Complexa,SolubleMPNN,19,non_binder,0.9813558769226073,binder
563e3ccc-28d4-5608-adb2-30ffad88ab64,0.66132,0.72258,0.69309,0.022124307898779574,0.69275,0.34615,0.5,0.40769400000000006,0.058330115549345515,0.38462,0.8664,0.9983,0.9407,0.05946473745002164,0.9579,1.5666,2.1201,1.86388,0.20740184907565307,1.8624,0.685731,0.8039461,0.7618059,0.04910187,0.7831028,0.8138155,0.8728587,0.8528811,0.024888925,0.8644498,0.8138155,0.8728587,0.8528811,0.024888925,0.8644498,0.685731,0.8039461,0.7618059,0.04910187,0.7831028,0.92234915,0.9574293,0.9452327,0.014570747,0.9517873,0.9535308,0.96019924,0.9578599,0.003118458,0.9598343,0.6383049,0.69093627,0.67291135,0.02127573,0.6837275,89.724075,90.55296,90.19847,0.34588367,90.277626,96.17991,96.62084,96.41263,0.18312778,96.39082,3.8882706,4.5297794,4.1158447,0.25292307,4.016206,0.9057617,1.2880859,1.0521485,0.14818245,1.015625,40,44,41.8,1.483239697419133,42.0,MBP,80,PXDesign,SolubleMPNN,12,non_binder,0.951625874042511,binder
564e189f-c8f1-5810-b13c-550d3667c296,0.58295,0.90887,0.754212,0.13223331785564144,0.807655,0.57692,0.96154,0.784617,0.1319334700226679,0.836535,0.7103,2.2422,1.35216,0.6295233191338772,1.1289500000000001,1.9857,4.359,2.8849799999999997,0.8836715991312108,2.4561,0.5543203,0.87269545,0.7193564,0.14596976,0.7267471,0.66199076,0.8736417,0.7726845,0.09464872,0.7745396,0.66199076,0.88311756,0.77355593,0.09624663,0.7701094,0.5543203,0.87269545,0.7200101,0.14652757,0.73001564,0.8620661,0.92109656,0.89354974,0.02460657,0.8975625,0.8742336,0.9335212,0.9061953,0.025166279,0.908664,0.5741083,0.73499835,0.6563889,0.07114115,0.6616594,97.03433,97.68928,97.334915,0.24337792,97.29248,96.054955,97.04256,96.55405,0.35799068,96.433784,3.4045725,5.446548,4.4170904,0.89568204,4.398031,0.5493164,1.8417969,1.1332519,0.55465645,1.1015625,25,31,28.0,2.0548046676563256,28.0,VEGF-A,88,BoltzGen,SolubleMPNN,21,binder,0.9591212558746338,binder
56764f65-2c92-54f2-8c78-1788088cfd23,0.8737,0.90937,0.895444,0.013598956945295481,0.89918,0.74074,0.81481,0.785184,0.03098510658364759,0.77778,0.4279,0.5216,0.46972,0.03668251627137919,0.4702,0.6009,0.9529,0.81114,0.15995581577423187,0.8947,0.91284764,0.92224526,0.9173439,0.0042725494,0.91883445,0.9394659,0.9471725,0.9441246,0.003050017,0.9455954,0.9394659,0.9471725,0.9441246,0.003050017,0.9455954,0.91284764,0.92224526,0.9173439,0.0042725494,0.91883445,0.96644175,0.9708659,0.96911585,0.0017489411,0.9699545,0.97030973,0.9737282,0.9724224,0.0014205865,0.97290325,0.7869453,0.7999593,0.79501945,0.005490445,0.7976066,96.43397,96.81788,96.65714,0.14178546,96.657524,96.527405,96.77538,96.64929,0.10890505,96.608864,2.663412,2.8064175,2.717277,0.060776114,2.681349,0.39770508,0.4404297,0.41875,0.016987873,0.42041016,32,33,32.6,0.547722557505166,33.0,PD-L1,97,FreeBindCraft (BindCraft),SolubleMPNN,13,binder,0.9765986418724059,binder
56f375ab-0995-56a8-8a1c-3ccdd6493187,0.03556,0.08587,0.05450200000000001,0.020132398515825184,0.04744,0.0,0.0,0.0,0.0,0.0,4.5789,11.8917,9.526480000000001,2.9487507205594716,10.805,18.9432,28.751,22.80164,4.032265382263426,22.3193,0.0,0.62220895,0.27225682,0.23213923,0.20524834,0.0,0.62641996,0.31907815,0.2369668,0.28152308,0.0,0.62641996,0.31907815,0.2369668,0.28152308,0.0,0.62220895,0.27225682,0.23213923,0.20524834,0.08209505,0.80894387,0.4517285,0.27080542,0.40867245,0.5281071,0.8692348,0.6968479,0.12584199,0.6772133,0.0,0.67580444,0.39323545,0.2536312,0.40370473,87.92532,90.1658,89.589355,0.93505687,89.9488,83.090744,92.17431,87.54934,3.6381347,86.61577,4.1390343,18.642654,9.026587,5.6391344,8.084787,1.3027344,12.4296875,4.799609,4.4292216,3.296875,9,33,22.8,11.099549540409285,27.0,TrkA,75,PXDesign,SolubleMPNN,18,non_binder,0.45490142107009884,non_binder
5709077b-3178-5fbc-879c-d1cf01da2bf0,0.78994,0.89086,0.838728,0.04762861713298004,0.83099,0.7037,0.85185,0.785184,0.06625413519169954,0.77778,0.5739,0.8482,0.72324,0.1059522203637092,0.7473,1.5325,3.2658,2.4462800000000002,0.6902875103896926,2.6072,0.71873134,0.78686297,0.7543849,0.03051091,0.74812,0.7468793,0.7972751,0.7684414,0.023220522,0.75973594,0.7468793,0.7972751,0.7684414,0.023220522,0.75973594,0.71873134,0.78686297,0.7543849,0.03051091,0.74812,0.8660114,0.90395445,0.88601506,0.016788598,0.8828168,0.9184603,0.9389845,0.9266717,0.009909868,0.9201903,0.72306013,0.75618416,0.7357503,0.015336812,0.72788775,94.72933,95.50732,95.03319,0.30075243,95.00986,94.524414,95.37589,94.89524,0.34639156,94.74846,3.2666445,3.6757803,3.5070405,0.18140326,3.569641,0.8017578,0.9785156,0.9006836,0.06577096,0.9189453,17,23,20.6,2.6076809620810595,21.0,TrkA,75,PXDesign,SolubleMPNN,11,non_binder,0.9778411936759948,binder
5788d9e1-784d-5b7d-9af8-3d85910e82ea,0.01726,0.26512,0.06301100000000001,0.09441081016846889,0.01802,0.0,0.17647,0.035294,0.07440628515865517,0.0,3.5501,15.0761,12.11926,4.044865784396038,13.5196,9.0732,41.5147,33.79085,12.937334205078297,40.406800000000004,0.0,0.8954707,0.25892934,0.38836896,0.014159646,0.009916325,0.90612155,0.27870795,0.39055192,0.045756824,0.0,0.90612155,0.27152395,0.38378495,0.045756824,0.009916325,0.8954707,0.26611337,0.3953118,0.01492315,0.3452895,0.9511632,0.7079679,0.20979826,0.7269021,0.5634977,0.9637479,0.75483704,0.1392967,0.7209234,0.034773987,0.77998763,0.29811195,0.31085682,0.1364131,77.55818,86.15656,82.88893,2.93575,84.17516,67.70411,76.95517,72.812294,4.045674,74.0586,2.6531498,22.433195,13.240132,7.585054,14.942516,0.50683594,9.9921875,5.332471,3.4350665,6.2128906,14,47,27.9,12.050357302217686,26.0,RBX1,94,RFdiffusion,SolubleMPNN,14,non_binder,0.6533606946468353,binder
578967c8-6887-5eb4-a6f4-5f66d278c39c,0.40903,0.42673,0.41676599999999997,0.006376294378398777,0.41554,0.66667,0.70833,0.691666,0.022818121745665224,0.70833,6.1429,7.3706,6.80786,0.4594689031914997,6.8147,7.4558,8.8189,8.313839999999999,0.5375043562614169,8.5031,0.7631222,0.80718255,0.78652275,0.017717265,0.78392,0.89323044,0.91199654,0.90454215,0.008049712,0.9073421,0.7631222,0.80718255,0.78652275,0.017717265,0.78392,0.89323044,0.91199654,0.90454215,0.008049712,0.9073421,0.96710515,0.9734319,0.9709136,0.0026861758,0.9717823,0.84015524,0.9207678,0.8942769,0.031494904,0.90309423,0.6871975,0.72167385,0.70310384,0.01307688,0.70554507,94.016,95.15766,94.665794,0.52163243,94.78107,84.24169,89.82236,87.0916,2.1991477,86.66991,4.603628,6.5369225,5.2461367,0.7622496,4.944437,0.4597168,0.5385742,0.4868164,0.03073749,0.47875977,35,38,36.8,1.0954451150103328,37.0,TREM2,71,FreeBindCraft (BindCraft),SolubleMPNN,14,binder,0.9201944303512573,binder
57d24947-036b-5140-8d1b-660711a1d429,0.65131,0.79065,0.709006,0.057057646551535925,0.70442,0.71429,1.0,0.828572,0.11952047050610201,0.85714,1.498,1.9008,1.66008,0.15665477011569104,1.6725,3.0378,4.3314,3.60338,0.5117950390537214,3.5312,0.5715721,0.715665,0.6589221,0.058104523,0.68220574,0.6805036,0.7888455,0.7344353,0.043598592,0.72761154,0.6805036,0.7888455,0.7344353,0.043598592,0.72761154,0.5715721,0.715665,0.6589221,0.058104523,0.68220574,0.7796506,0.8689587,0.8356477,0.036944225,0.8495057,0.86154073,0.9162078,0.88938427,0.021470912,0.8919057,0.6530989,0.72796273,0.69158185,0.029183257,0.6936049,92.5751,93.14635,92.89905,0.22499537,92.94876,92.19603,92.75831,92.47566,0.23569463,92.39222,3.3871534,4.419469,3.9037843,0.38363528,3.9055657,0.8017578,1.1835938,0.94619143,0.14727424,0.94628906,35,52,44.0,6.08276253029822,45.0,BBF-14,75,RFdiffusion,SolubleMPNN,22,non_binder,0.9498345947265624,binder
57eff01e-7c64-5bd2-b204-beb63c38a9ab,0.884,0.91112,0.9001319999999999,0.010377915012178511,0.90088,0.86207,0.89655,0.8827579999999999,0.018885473782778068,0.89655,0.651,0.7539,0.69072,0.044588305641726306,0.675,0.5845,0.7881,0.72382,0.08368029636658796,0.7531,0.93190926,0.9399848,0.93790376,0.0033869683,0.9393033,0.94314665,0.95277196,0.9505104,0.0041416218,0.9525065,0.94314665,0.95277196,0.9505104,0.0041416218,0.9525065,0.93190926,0.9399848,0.93790376,0.0033869683,0.9393033,0.97603905,0.9790472,0.9782758,0.0012643213,0.9788041,0.97692823,0.981139,0.9798398,0.0016674367,0.9803852,0.791798,0.8043823,0.8002469,0.004961176,0.80220366,97.82165,97.90243,97.87259,0.032582227,97.88793,95.316666,95.43399,95.38774,0.047773115,95.38356,2.5596657,2.853368,2.6450868,0.119743116,2.615786,0.32910156,0.34594727,0.33359376,0.0071358425,0.33032227,56,59,57.6,1.5165750888103104,58.0,BHRF1,85,BoltzGen,SolubleMPNN,13,non_binder,0.9827066087722778,binder
5828415f-3bd0-5d7c-83c1-6a3215e4e361,0.73318,0.86019,0.789598,0.04790999864328948,0.78208,0.58,0.78,0.6759999999999999,0.074027022093287,0.68,0.7038,1.0496,0.9108600000000001,0.14451371215216915,0.9731,1.1825,1.9859,1.6613600000000002,0.3569936876192631,1.7996,0.86882645,0.8937622,0.8793281,0.010098579,0.87689304,0.9381176,0.9506129,0.94515264,0.0052016056,0.9466996,0.9381176,0.9506129,0.94515264,0.0052016056,0.9466996,0.86882645,0.8937622,0.8793281,0.010098579,0.87689304,0.9715705,0.9775551,0.9744674,0.0023908727,0.97427195,0.9714439,0.9744924,0.97241175,0.0013011608,0.9716877,0.7350478,0.7705957,0.74545705,0.014940183,0.7383068,91.71285,94.093285,92.64259,0.9771011,92.77671,96.321815,97.06275,96.715004,0.295108,96.67545,3.0422409,3.4414845,3.309539,0.16419958,3.3917353,0.5419922,0.61376953,0.5630859,0.03054081,0.5473633,51,64,56.0,5.0,55.0,MBP,80,PXDesign,SolubleMPNN,24,non_binder,0.9800039768218993,binder
58687f73-a47e-58b2-8207-43cd0e52c16b,0.85289,0.94644,0.91103,0.03871962745172013,0.93188,0.83333,1.0,0.933332,0.09128891865938601,1.0,0.5879,0.7569,0.6698999999999999,0.06787447974017924,0.6817,1.0736,2.3627,1.5329000000000002,0.4898240653540819,1.4519,0.7572581,0.82643825,0.7958847,0.025674403,0.7999346,0.89386684,0.9176523,0.9057331,0.009169118,0.9043209,0.7572581,0.82643825,0.7958847,0.025674403,0.7999346,0.89386684,0.9176523,0.9057331,0.009169118,0.9043209,0.96038705,0.96989775,0.9651489,0.0036635601,0.96463406,0.9074013,0.9470752,0.9254929,0.014459839,0.9229421,0.6892812,0.73871875,0.71070516,0.018687394,0.7115846,87.48841,92.13101,90.398125,1.7403148,90.80668,84.052704,88.503654,86.044,1.6009972,85.74296,3.8519876,4.804995,4.4504776,0.3617142,4.579053,0.3852539,0.42993164,0.40126953,0.018525431,0.39331055,36,39,37.8,1.3038404810405295,38.0,TREM2,87,Genie3,SolubleMPNN,26,binder,0.9605429005622863,binder
5884edaa-d0c6-5738-ba6d-0e8d34a4fb08,0.56783,0.75098,0.678882,0.07059695262544978,0.70084,0.57143,0.68571,0.6057140000000001,0.0469453004037678,0.6,1.1472,1.852,1.3973,0.2885303103661728,1.2984,1.7477,5.0917,2.89356,1.3640975910835706,2.4953,0.36376247,0.64663225,0.46618992,0.11273087,0.4599611,0.57339936,0.7454344,0.6392944,0.07010414,0.6447841,0.57339936,0.7454344,0.6392944,0.07010414,0.6447841,0.36376247,0.64663225,0.46618992,0.11273087,0.4599611,0.70841324,0.8855815,0.7764161,0.07190827,0.7812649,0.90323293,0.9393558,0.91736066,0.014393018,0.91926855,0.4262799,0.5722276,0.4825693,0.05965891,0.49057305,89.87514,91.22968,90.3605,0.54648817,90.21715,95.702995,96.49616,96.07196,0.31607363,96.138664,5.387922,7.1540112,6.49793,0.723071,6.470206,1.4248047,3.0800781,2.3810546,0.63030297,2.453125,15,26,20.2,4.08656334834051,21.0,MBP,100,Genie3,SolubleMPNN,14,non_binder,0.9139873957633972,binder
58e641cc-b0d9-5a3e-9605-cffc36bf5d56,0.50392,0.60811,0.5844980000000001,0.04509265039892862,0.60324,0.0,0.0,0.0,0.0,0.0,0.6672,1.2174,0.7976599999999999,0.23518870721188978,0.6985,0.7641,2.6912,1.22918,0.8197391731520459,0.8756,0.17247036,0.6709942,0.53586966,0.20517159,0.60288656,0.31657666,0.7564554,0.65703344,0.19050646,0.7369329,0.31657666,0.7564554,0.65703344,0.19050646,0.7369329,0.17247036,0.6709942,0.53586966,0.20517159,0.60288656,0.6476347,0.945246,0.87683713,0.12833887,0.9278639,0.57035726,0.6297691,0.6125711,0.025172997,0.62482697,0.2664336,0.5596429,0.48758587,0.12403044,0.5353485,81.40777,86.526825,85.41687,2.2427983,86.415375,84.09612,86.71717,86.08836,1.1181183,86.58713,13.43272,15.377925,14.099629,0.7722076,13.745677,1.2041016,4.8710938,2.081836,1.563365,1.4492188,20,39,25.2,7.854934754662192,22.0,EGFR,74,FreeBindCraft (BindCraft),SolubleMPNN,30,non_binder,0.7457666647434233,binder
592ca2fd-3ee2-5d37-821f-8befc2297287,0.52819,0.81745,0.6908559999999999,0.1182345477430349,0.72198,0.41667,0.58333,0.525002,0.06318909019759661,0.54167,0.4533,1.389,0.9490000000000001,0.3404344063105256,0.987,0.6401,6.8857,3.4209400000000003,3.025064310556058,1.7548,0.5633382,0.64099455,0.60139644,0.032197565,0.5939043,0.73419476,0.79320717,0.77083683,0.02269039,0.7758606,0.73419476,0.79320717,0.77083683,0.02269039,0.7758606,0.5633382,0.64099455,0.60139644,0.032197565,0.5939043,0.85351104,0.88949984,0.869827,0.01392101,0.8691133,0.933242,0.9457595,0.9414363,0.00515296,0.942794,0.5802108,0.62747514,0.60801905,0.018930886,0.60545737,85.93302,87.30576,86.763565,0.69988143,87.22866,95.2738,95.634026,95.47302,0.1424944,95.46078,5.120125,5.8727293,5.496703,0.27704597,5.4558997,1.5400391,1.8154297,1.7015625,0.1157208,1.7578125,40,50,44.6,3.5777087639996634,44.0,MBP,80,PXDesign,SolubleMPNN,13,non_binder,0.9387728929519653,binder
593676b2-ebbb-5fe8-87a5-1291e254697b,0.00487,0.01628,0.008579,0.004271815773181236,0.0073100000000000005,0.0,0.0,0.0,0.0,0.0,16.8693,34.2081,26.93445,5.891936247910735,27.63945,41.1169,75.99,60.91327,13.616654341165372,62.11175,0.0,0.0,0.0,0.0,0.0,0.0,0.0,0.0,0.0,0.0,0.0,0.0,0.0,0.0,0.0,0.0,0.0,0.0,0.0,0.0,0.15605587,0.8314235,0.50127655,0.33407626,0.51882106,0.60103595,0.869202,0.7395732,0.12592131,0.7351717,0.0,0.0,0.0,0.0,0.0,69.83372,80.82503,78.684204,3.2971244,79.36974,85.291504,86.74774,86.002464,0.4555423,86.08065,25.157433,29.813772,27.616802,1.4791923,27.879076,17.53125,25.640625,21.276562,3.0267458,20.984375,23,117,51.3,26.25536982113268,45.0,Cas9,81,RFdiffusion3,SolubleMPNN,52,non_binder,0.25739024162292473,non_binder
598ef785-2724-5389-bf40-290b6fda90e3,0.0992,0.83948,0.5531159999999999,0.28415895856016926,0.63363,0.11538,0.73077,0.453844,0.2345857862914972,0.5,0.6946,8.1754,2.61512,3.1336528352706843,1.3192,1.6367,20.262,6.83506,7.640002495287551,3.7506,0.15607883,0.7519064,0.40285102,0.22112434,0.33692658,0.2190052,0.85222304,0.4738593,0.23309702,0.43611905,0.2190052,0.7519064,0.453796,0.19331016,0.43611905,0.15607883,0.85222304,0.42291436,0.26156583,0.33692658,0.41024992,0.95564955,0.6786579,0.19795176,0.6470749,0.7097364,0.90195274,0.8010801,0.07094148,0.8079043,0.28977242,0.6750541,0.49628583,0.13748026,0.51339257,86.09312,94.48794,90.87936,3.1995513,91.17226,82.0367,87.39857,85.029495,1.9835202,85.39037,4.968545,11.030099,8.185205,2.431094,7.436629,0.6899414,2.9121094,1.8760742,0.7961826,1.8759766,9,40,26.4,12.381437719424994,30.0,TREM2,67,RFdiffusion3,SolubleMPNN,13,binder,0.8691111350059509,binder
599bea1d-be94-5a09-a5d9-8eed1030f4f8,0.44713,0.88119,0.66638,0.19812407047100564,0.75253,0.34375,0.75,0.58125,0.16026101756197605,0.65625,0.4841,2.1751,1.33698,0.7587114517390653,1.0769,0.9414,7.3772,3.70424,2.8511146667575473,2.12,0.48174882,0.70503664,0.5827619,0.10252398,0.5351783,0.75978327,0.8503797,0.80463254,0.04405755,0.7995593,0.75978327,0.8503797,0.80463254,0.04405755,0.7995593,0.48174882,0.70503664,0.5827619,0.10252398,0.5351783,0.8085299,0.91906744,0.86093855,0.049776964,0.842335,0.9366698,0.9580078,0.9463968,0.010347051,0.942949,0.5812891,0.6708126,0.6238894,0.04201574,0.61309797,87.518906,90.26727,88.74082,1.3592112,88.12282,95.03553,95.862076,95.44908,0.38494503,95.27019,4.2661557,5.3840585,4.839237,0.49370202,4.9402504,1.1611328,1.3417969,1.2414062,0.08565238,1.1972656,20,25,23.0,2.345207879911715,24.0,MBP,88,Genie3,SolubleMPNN,20,non_binder,0.9260440969467163,binder
5a34ae2f-ed29-5452-88f8-906be966c7b2,0.01723,0.07197,0.026497,0.01621546110626796,0.02098,0.0,0.0,0.0,0.0,0.0,10.0399,19.6898,16.83392,3.0897577214618845,17.536450000000002,17.3219,38.7975,33.08173,5.991615739987559,34.5623,0.011188357,0.5341938,0.19611791,0.20877384,0.106023,0.012562767,0.570342,0.24569991,0.22851895,0.13995028,0.011188357,0.5341938,0.22127573,0.20195846,0.13995028,0.012562767,0.570342,0.2205421,0.23745666,0.106023,0.37540862,0.7660929,0.6857592,0.12254346,0.7353363,0.55619574,0.77986217,0.7103553,0.06618914,0.7254875,0.09121837,0.58740425,0.28724423,0.18614629,0.20091903,80.384766,86.71413,82.84521,1.8865947,82.56328,69.88453,77.11295,73.64172,2.5107672,74.81557,6.7844834,20.83448,13.36391,4.917489,13.2726555,0.9916992,7.6171875,4.2270994,2.4155734,4.845703,40,68,56.8,9.761602782785667,60.0,RBX1,80,Genie3,SolubleMPNN,28,non_binder,0.4283797860145569,non_binder
5a513747-d559-5973-ba40-97041fb8bc15,0.90011,0.91603,0.909792,0.00603178414733154,0.91125,0.88889,0.94444,0.9111100000000001,0.030425988069411974,0.88889,0.5549,0.6935,0.63196,0.05449727516124089,0.654,1.124,1.8381,1.48794,0.3209653299034025,1.4648,0.8949253,0.9108831,0.90315497,0.005852527,0.90312624,0.9208625,0.9345223,0.9293461,0.0053539,0.9301904,0.9208625,0.9345223,0.9293461,0.0053539,0.9301904,0.8949253,0.9108831,0.90315497,0.005852527,0.90312624,0.9593948,0.96605754,0.962846,0.0024487153,0.96280897,0.9693479,0.97418463,0.9723013,0.0019475376,0.9725196,0.7920112,0.8080511,0.80213296,0.006556664,0.8052446,96.69412,97.12577,96.98332,0.17539036,97.07151,96.3579,96.635315,96.49515,0.11236622,96.50426,2.4430726,2.674386,2.5400643,0.08908535,2.5400064,0.38232422,0.42016602,0.39858398,0.013770267,0.3972168,33,36,34.4,1.1401754250991387,34.0,PD-L1,75,PXDesign,SolubleMPNN,16,non_binder,0.9824854588508605,binder
5a5e19fb-cbc4-50bf-b30b-1a6f3c5b06b8,0.78864,0.8834,0.8316039999999999,0.04528842710892042,0.80537,0.72222,0.88889,0.833334,0.07856840223652252,0.88889,0.7687,1.1451,0.9277000000000001,0.15595334238162387,0.9344,1.5128,3.0295,2.13788,0.631804097011091,1.9085,0.6205892,0.7130398,0.67478037,0.03900415,0.6680857,0.6816894,0.77157336,0.72618073,0.035943195,0.7297327,0.6816894,0.77157336,0.72618073,0.035943195,0.7297327,0.6205892,0.7130398,0.67478037,0.03900415,0.6680857,0.8352591,0.88524085,0.8650877,0.02095468,0.8619826,0.9140625,0.9290041,0.92167366,0.0063540884,0.91951513,0.60696596,0.6445992,0.62553036,0.017478319,0.61742693,93.49771,93.809074,93.71371,0.13200279,93.789406,94.8893,95.048836,94.96773,0.065695934,94.964615,4.6746383,5.1373982,4.9304647,0.23304102,5.027754,1.1230469,1.5078125,1.2869141,0.14476925,1.2988281,50,54,51.4,1.9493588689617918,50.0,IL-7Ra,91,RFdiffusion3,SolubleMPNN,13,binder,0.9685757946968078,binder
5a749b5e-2d72-5669-94a3-c154933fa87d,0.02851,0.05231,0.037212,0.00929002798704073,0.03501,0.0,0.03333,0.006666,0.014905629138013597,0.0,11.0098,17.135,14.468979999999998,2.2249026061830217,14.9771,21.1798,32.4846,27.230939999999997,4.388887583203744,28.0332,0.0,0.0,0.0,0.0,0.0,0.0,0.0,0.0,0.0,0.0,0.0,0.0,0.0,0.0,0.0,0.0,0.0,0.0,0.0,0.0,0.15263243,0.2614073,0.20223555,0.040634733,0.1911526,0.549323,0.5791369,0.56519675,0.012007965,0.56469613,0.0,0.0,0.0,0.0,0.0,85.10311,87.20467,86.43286,0.8274182,86.587364,85.57942,86.76996,86.40552,0.47147268,86.54485,21.407974,24.795496,23.475197,1.3156041,23.548885,13.1796875,18.09375,15.864062,1.8281717,16.359375,18,26,22.4,3.361547262794323,23.0,EGFR,82,PXDesign,SolubleMPNN,13,non_binder,0.23250938594341278,non_binder
5b8a8ba1-e36f-5b18-b0b0-9e4e3ae841f3,0.77944,0.80844,0.78914,0.012427584238298305,0.78333,0.75,0.75,0.75,0.0,0.75,0.943,1.0761,1.0268599999999999,0.05816066540197083,1.0605,1.7663,2.4218,2.20616,0.2597763711348668,2.273,0.59381384,0.6303557,0.6044124,0.015228815,0.59755343,0.76495194,0.79243577,0.7731692,0.011259945,0.77106416,0.76495194,0.79243577,0.7731692,0.011259945,0.77106416,0.59381384,0.6303557,0.6044124,0.015228815,0.59755343,0.8798568,0.8950732,0.8843306,0.006335759,0.88178307,0.9295052,0.9333511,0.9313629,0.0014712907,0.9316072,0.6353523,0.6511816,0.64333344,0.0056902617,0.64386094,94.457634,94.93818,94.66383,0.19759496,94.702545,96.73639,96.77682,96.76081,0.018650245,96.77192,4.553381,4.795339,4.6589804,0.091650404,4.64311,1.1005859,1.2382812,1.2011719,0.05732264,1.2246094,32,35,33.4,1.1401754250991383,33.0,IL-7Ra,57,RFdiffusion,SolubleMPNN,18,non_binder,0.9721515774726867,binder
5b91dc8c-b1cd-4f62-b859-cb22c013d14f,0.53063,0.59129,0.560825,0.018888152812455348,0.5631550000000001,0.475,0.6,0.535926,0.041386806324936194,0.5254650000000001,2.824,4.3303,3.38478,0.502446388074279,3.3167,0.9384,1.8619,1.28512,0.30556315877409057,1.2132,0.6563256,0.88425756,0.81581986,0.07153451,0.83337003,0.8341275,0.9095296,0.87701863,0.024597477,0.8769766,0.8341275,0.9414385,0.90701437,0.034842666,0.9148276,0.6563256,0.88425756,0.81581986,0.07153451,0.83337003,0.95516706,0.9759724,0.9676169,0.0067301947,0.96851015,0.9607103,0.977902,0.97055006,0.0057086824,0.9710729,0.62010646,0.73877144,0.69312733,0.036605753,0.6959208,86.240036,92.82344,89.950584,2.8868947,90.12404,89.2562,91.4172,90.287964,0.79335314,90.217636,3.6363513,5.2651196,4.3065276,0.50520444,4.231429,0.54541016,1.5205078,0.821875,0.31436262,0.7421875,37,50,43.4,4.477102237434882,43.5,TNFa,80,PXDesign,SolubleMPNN,47,non_binder,0.9476195907592773,binder
5bd9c0df-1231-50be-a5c5-b24f101932df,0.00403,0.70681,0.181278,0.2776083838311324,0.033835,0.0,1.0,0.2,0.42163702135578396,0.0,2.7409,34.7081,17.04278,12.96838275608969,15.35045,2.9174,83.6836,36.548970000000004,31.735401801004855,28.81335,0.0,0.44310328,0.08426004,0.17240588,0.0,0.0,0.7175595,0.14809549,0.2898568,0.0,0.0,0.7175595,0.14143977,0.2923934,0.0,0.0,0.44310328,0.09091576,0.17056546,0.0,0.18110488,0.9080708,0.5489404,0.34460577,0.55916977,0.63196987,0.9102204,0.77299386,0.1335855,0.77178514,0.0,0.33575097,0.082007036,0.13056003,0.0,81.29166,89.10954,85.84743,2.5346234,86.034134,84.60675,86.07206,85.378685,0.46826357,85.40074,10.088514,28.393377,21.00103,6.8206434,23.422247,2.9824219,21.875,13.100195,7.085138,14.417969,13,54,34.3,11.585910984179591,37.0,Cas9,95,RFdiffusion3,SolubleMPNN,30,non_binder,0.4227365493774414,non_binder
5c58ec41-e589-5186-9a09-d44c595929fa,0.06431,0.37764,0.284922,0.12682943652796064,0.3261,0.02381,0.38095,0.27142600000000006,0.14541228431600958,0.33333,3.5103,11.1702,5.25852,3.3139948094407146,3.997,6.9243,20.1237,10.19904,5.588929004558923,8.2119,0.0,0.16938853,0.06508081,0.07979249,0.011767469,0.0,0.3461456,0.1732506,0.15578663,0.106664374,0.0,0.3461456,0.1732506,0.15578663,0.106664374,0.0,0.16938853,0.06508081,0.07979249,0.011767469,0.16777928,0.49462423,0.3541542,0.1249979,0.33831143,0.8074138,0.8664919,0.83732253,0.02216341,0.83413035,0.026658444,0.22236814,0.11692852,0.07743759,0.08920615,85.2744,92.07167,89.597694,2.6390138,90.35406,95.0191,96.382416,95.81883,0.50168014,95.84403,10.216495,19.478249,13.370201,3.6418564,12.980891,5.484375,10.6328125,7.474219,1.9858655,7.3515625,23,45,38.6,8.96102672688794,41.0,MBP,92,Genie3,SolubleMPNN,16,non_binder,0.5337378633022307,binder
5ca961ed-3be7-5a7d-885c-e69d0fcd65a9,0.53289,0.84079,0.673513,0.12105933293224434,0.661215,0.61538,0.84615,0.6989599999999999,0.07917367112872817,0.69075,0.9577,2.9206,1.91402,0.8823019523446105,1.9615,1.5548,4.6677,3.03464,1.3320849082046786,3.1113,0.6494205,0.86004347,0.77598745,0.078356,0.8045986,0.8300276,0.8910704,0.8544534,0.019827135,0.8471318,0.8300276,0.93419677,0.8926484,0.039167292,0.90436244,0.6494205,0.86004347,0.77598745,0.078356,0.8045986,0.94944054,0.9759338,0.96641266,0.010119598,0.9697832,0.9541403,0.9788455,0.97011435,0.009203872,0.9731108,0.6096819,0.72609997,0.66720957,0.040926322,0.67703635,83.217896,87.69018,85.7169,1.4259735,85.99542,86.75332,87.76499,87.16376,0.3045313,87.11322,3.8541877,5.64993,4.6561403,0.6814163,4.441937,0.6035156,1.3710938,0.9322754,0.30593547,0.8510742,45,56,50.3,3.9171985454460234,50.0,TNFa,74,Genie3,SolubleMPNN,37,non_binder,0.9605987429618835,binder
5d0ccb80-ad44-5329-815f-f36273349131,0.88914,0.93109,0.9173600000000001,0.016758518729291072,0.92322,0.88,0.92,0.8880000000000001,0.017888543819998326,0.88,0.4494,0.7308,0.56228,0.1047307595694789,0.5578,0.5626,1.2364,0.8798,0.2646260380234719,0.8898,0.9063209,0.9264751,0.9183191,0.0080509465,0.91733766,0.91810757,0.9392023,0.93024933,0.008187998,0.92974895,0.91810757,0.9392023,0.93024933,0.008187998,0.92974895,0.9063209,0.9264751,0.9183191,0.0080509465,0.91733766,0.9620239,0.97067654,0.96718657,0.003457586,0.96678746,0.9717675,0.9784599,0.97553414,0.002688039,0.974908,0.80925685,0.8329775,0.82319343,0.009721669,0.8209095,96.63622,97.54036,97.24205,0.35109365,97.3501,96.03504,96.86204,96.59109,0.32252562,96.71849,2.0824428,2.4286032,2.2285333,0.13944323,2.253749,0.43359375,0.5439453,0.48427734,0.042502422,0.4831543,37,42,38.8,2.0493901531919185,39.0,PD-L1,80,Genie3,SolubleMPNN,28,non_binder,0.9848974299430846,binder
5d3a9136-5e16-419e-b0d5-68d9a4ce2d46,0.47375,0.62525,0.556438,0.05977578603042837,0.5627949999999999,0.39286,0.5,0.46785699999999997,0.04275770211318657,0.5,1.5045,2.5263,1.9939,0.41705128381691065,1.9941499999999999,3.1167,4.6752,3.8874000000000004,0.6162905537704325,3.9093,0.5106011,0.8667658,0.77599895,0.11306102,0.8169714,0.76403546,0.900426,0.8580648,0.038779207,0.8643346,0.76403546,0.94001997,0.89233,0.05547043,0.9107033,0.5106011,0.8667658,0.77599895,0.11306102,0.8169714,0.9449971,0.9769621,0.96896017,0.009534548,0.97148156,0.9525491,0.9793193,0.9722682,0.007937245,0.97366464,0.5618411,0.74157894,0.68823045,0.05456222,0.7032555,87.56903,93.251175,90.85158,2.4719882,91.16664,88.877785,90.30982,89.61673,0.41899335,89.627655,3.6661146,6.164904,4.3809676,0.7594366,4.127683,0.50390625,1.7382812,0.8394043,0.38559076,0.7233887,42,50,46.2,2.7808871486152276,46.0,TNFa,71,RFdiffusion,SolubleMPNN,36,non_binder,0.935404007434845,binder
5d69c3b8-8a15-53e6-b14c-5833142b4c18,0.95085,0.96628,0.95952,0.006323219116873967,0.96099,1.0,1.0,1.0,0.0,1.0,0.4343,0.5259,0.47881999999999997,0.03397509381885502,0.4847,1.2589,1.6896,1.45084,0.21916022221196993,1.3272,0.78490806,0.82541674,0.80778646,0.01648828,0.81507295,0.8301375,0.8650114,0.8476383,0.015668076,0.8553666,0.8301375,0.8650114,0.8476383,0.015668076,0.8553666,0.78490806,0.82541674,0.80778646,0.01648828,0.81507295,0.93259966,0.94749296,0.94094265,0.0062766094,0.9440191,0.9463447,0.9541061,0.94984835,0.0031891095,0.95068437,0.70352787,0.7286322,0.7162517,0.011552223,0.72143483,96.84197,97.03761,96.934555,0.09031783,96.89752,96.779785,96.86153,96.822174,0.03676773,96.81967,3.5383072,3.8212316,3.6626945,0.13768826,3.589415,0.64941406,0.72216797,0.68125,0.031345982,0.6665039,27,35,30.6,3.5777087639996634,31.0,IL-7Ra,75,PXDesign,SolubleMPNN,23,binder,0.9807131052017212,binder
5d904d8b-e933-49db-a14c-2e20d29f002c,0.66638,0.76686,0.729957,0.0333193093999394,0.736935,0.50485,0.62136,0.568465,0.03920482432048381,0.5712600000000001,0.9467,1.3303,1.0904099999999999,0.1349788250883161,1.06755,0.6834,2.4651,1.48979,0.6498316952189321,1.4343,0.31023285,0.84164166,0.6115872,0.23160616,0.643124,0.6185283,0.85717,0.760368,0.09124422,0.7779832,0.6185283,0.92249316,0.79852104,0.1276296,0.8193506,0.31023285,0.84164166,0.6115872,0.23160616,0.643124,0.91773814,0.9746647,0.9484881,0.023942964,0.94995004,0.93381894,0.9768823,0.9564201,0.017780602,0.9558406,0.40595904,0.71889454,0.58475345,0.12634237,0.59935164,82.037674,87.5349,84.757164,2.0773563,84.43817,87.07139,88.13681,87.67648,0.36279815,87.73223,3.9187603,7.8380694,5.7335196,1.6254194,5.6568327,0.703125,3.3847656,1.775293,1.1369319,1.4436035,41,56,47.9,4.7714428286071575,47.5,TNFa,80,PXDesign,SolubleMPNN,15,non_binder,0.9648958039283752,binder
5dc91dde-e558-5678-9fc7-5f3c12005edf,0.09955,0.10989,0.10453399999999999,0.005005919495956762,0.10284,0.0,0.0,0.0,0.0,0.0,6.6511,6.8921,6.7675399999999994,0.09047741707188588,6.7462,13.5498,14.5894,14.1066,0.5080202112121134,14.2544,0.5145542,0.6304992,0.57555103,0.046327148,0.5821844,0.62993675,0.7552423,0.6929623,0.054331396,0.70655465,0.62993675,0.7552423,0.6929623,0.054331396,0.70655465,0.5145542,0.6304992,0.57555103,0.046327148,0.5821844,0.7952087,0.8602122,0.8303321,0.026366623,0.834202,0.87063634,0.90101975,0.8865088,0.013570236,0.8862825,0.5309214,0.5938673,0.56151843,0.028763978,0.56164473,92.64991,93.9817,93.46083,0.60274637,93.83017,93.96891,95.572975,94.786804,0.66385317,94.65784,5.424669,6.2050896,5.7863145,0.36444086,5.7807536,1.1933594,1.7333984,1.4740235,0.22788939,1.4287109,17,26,22.0,3.3166247903554,23.0,IL-7Ra,75,PXDesign,SolubleMPNN,8,binder,0.611851508617401,binder
5dda0e95-e2e7-528b-aba8-22b574aef94a,0.35962,0.43682,0.40035,0.030112919154409473,0.40408,0.2,0.3,0.26,0.054772255750516606,0.3,2.3069,2.8178,2.56206,0.21203781030750157,2.5877,4.554,6.9786,5.79518,0.8991208328139216,5.927,0.38132125,0.5937886,0.48138398,0.088961236,0.44392437,0.49560836,0.6958025,0.5993288,0.08274312,0.56846833,0.49560836,0.6958025,0.5993288,0.08274312,0.56846833,0.38132125,0.5937886,0.48138398,0.088961236,0.44392437,0.6289322,0.79774296,0.71834314,0.06957142,0.6940826,0.7922364,0.86162317,0.83104306,0.029025646,0.8267822,0.5561279,0.6601608,0.61345637,0.042493466,0.6054446,87.6009,88.81806,88.03811,0.5330913,87.77234,86.82693,88.656265,87.84277,0.7174873,88.035164,4.79754,6.0098133,5.265237,0.4886051,5.3015213,1.2373047,2.2382812,1.7119141,0.41139543,1.7890625,28,33,31.4,2.0736441353327724,32.0,BBF-14,80,FreeBindCraft (BindCraft),SolubleMPNN,7,non_binder,0.6250790309906005,binder
5df2728a-8bdb-5b0f-a605-e9556e1416af,0.60942,0.63642,0.624208,0.010702909417536903,0.62506,0.0,0.0,0.0,0.0,0.0,0.4493,0.5962,0.51234,0.0604483084957718,0.5038,0.7825,1.6259,1.25422,0.3188514340566779,1.3174,0.74944323,0.82171404,0.79213554,0.028343644,0.80158824,0.8779375,0.9214741,0.9032033,0.017145565,0.90831286,0.74944323,0.82171404,0.79213554,0.028343644,0.80158824,0.8779375,0.9214741,0.9032033,0.017145565,0.90831286,0.9438819,0.9652475,0.9564029,0.008407705,0.9589863,0.8285007,0.9360248,0.8704772,0.045854997,0.86468196,0.66135186,0.70285136,0.6853757,0.015790557,0.69059473,96.37636,96.85566,96.52159,0.19901516,96.43704,81.83117,86.944885,84.35748,2.076334,83.94546,4.5233116,8.964555,6.8259783,1.728083,6.646834,0.4345703,0.58154297,0.49873048,0.0580463,0.49291992,8,10,9.4,0.8944271909999159,10.0,TREM2,112,FreeBindCraft (BindCraft),SolubleMPNN,16,binder,0.8994347262382507,binder
5e2a3432-d9aa-56cd-89e3-80394cdb85e0,0.6835,0.80217,0.741965,0.05057324880254819,0.735165,0.59574,0.75,0.675531,0.04550324565957416,0.6737599999999999,0.7803,1.721,1.20657,0.3511340486354336,1.1597,1.7966,2.9042,2.2553,0.3310630822735215,2.1906,0.7240816,0.8916393,0.8152501,0.07166592,0.8274195,0.7816449,0.89843273,0.84509003,0.04503676,0.850337,0.7816449,0.89709127,0.8465024,0.046333876,0.85207444,0.7240816,0.8916393,0.8152501,0.07166592,0.8274195,0.91176,0.93775725,0.92434084,0.008382725,0.924968,0.9113237,0.9455243,0.92733276,0.012099671,0.9270394,0.62573004,0.73433673,0.6795755,0.043029804,0.6823176,94.23593,95.099655,94.59857,0.36582342,94.55534,94.75771,95.78657,95.34315,0.40867168,95.343864,3.4581501,4.888134,4.1955676,0.5612076,4.174094,0.50878906,1.0917969,0.78813475,0.25392476,0.76782227,12,18,13.7,1.636391694484477,13.0,VEGF-A,90,RFdiffusion,SolubleMPNN,11,non_binder,0.9736824536323547,binder
5ededeaf-4a2c-5059-9c5c-85811dbb089d,0.02052,0.69087,0.344208,0.3399486041807561,0.33215500000000003,0.0,0.61364,0.27727399999999996,0.2957082376337265,0.227275,1.4488,16.196,8.67118,7.55853417826499,8.5112,1.8866,35.9048,18.2979,17.151822087787384,17.38665,0.0,0.8480853,0.42273578,0.440965,0.42353174,0.0,0.93055326,0.4626143,0.47875348,0.463312,0.0,0.8480853,0.42477053,0.4388365,0.4270488,0.0,0.93055326,0.46057954,0.48088324,0.45979494,0.69965625,0.9713841,0.84304315,0.12921055,0.84818697,0.67310506,0.8571502,0.7699062,0.076512836,0.77314734,0.0,0.78510433,0.4154962,0.38595098,0.4394972,68.663025,93.645096,81.34743,11.942082,81.46982,75.39689,86.202324,80.24001,4.724174,79.25726,6.4507246,23.467297,13.74662,7.0506263,12.903743,0.41967773,12.828125,5.1297607,5.1017165,4.121826,39,69,55.7,11.728881731293338,61.0,RBX1,83,Genie3,SolubleMPNN,30,non_binder,0.7961869776248931,binder
5ef58bc7-eb60-53a6-822c-0e0d28392dc7,0.8487,0.90534,0.8823679999999999,0.026819978933623364,0.89821,1.0,1.0,1.0,0.0,1.0,0.608,1.0135,0.78052,0.15334070561987123,0.7561,2.8769,4.1464,3.4074600000000004,0.4802087806360895,3.4365,0.6723775,0.719926,0.6960991,0.01891725,0.6951888,0.7605101,0.7951233,0.78032863,0.013442299,0.7836976,0.7605101,0.7951233,0.78032863,0.013442299,0.7836976,0.6723775,0.719926,0.6960991,0.01891725,0.6951888,0.9014842,0.92008907,0.91064245,0.007405267,0.9097545,0.9345896,0.9419432,0.9386094,0.003482492,0.9399569,0.5036474,0.5348166,0.5196848,0.011780685,0.52271247,94.65891,95.09495,94.83564,0.20229754,94.74521,97.12471,97.367935,97.26487,0.10978601,97.3054,6.2039785,6.6403346,6.4496727,0.16461624,6.4896584,0.87353516,1.0371094,0.96181643,0.06455791,0.95654297,21,23,22.0,0.7071067811865474,22.0,MBP,90,RFdiffusion3,SolubleMPNN,6,non_binder,0.9490033841133116,binder
5f010e9d-3469-549c-a7c5-ea00012cb34f,0.69002,0.74034,0.7109599999999999,0.02063079251992032,0.71332,0.9,0.95,0.9400000000000001,0.022360679774997873,0.95,1.9906,2.2715,2.10926,0.10802545070491502,2.0666,2.6916,4.0306,3.46712,0.5431545010399895,3.6416,0.65229714,0.72982347,0.701776,0.03191929,0.71649295,0.6866115,0.77078885,0.7425087,0.036816526,0.7654632,0.65229714,0.72982347,0.701776,0.03191929,0.71649295,0.6866115,0.77078885,0.7425087,0.036816526,0.7654632,0.8083603,0.86620235,0.8471017,0.025360847,0.86302185,0.8893669,0.91557735,0.90631723,0.0108185075,0.911264,0.58935493,0.6389239,0.61800015,0.019886391,0.625399,95.38684,95.66283,95.4997,0.10419766,95.46542,90.946915,91.54996,91.24369,0.26312184,91.21626,4.623256,5.235666,4.869264,0.24486068,4.7949624,1.0429688,1.3496094,1.1302735,0.13090236,1.0576172,30,43,36.4,4.8270073544588685,37.0,BBF-14,117,BoltzGen,SolubleMPNN,15,non_binder,0.9626772952079772,binder
5f28e3a4-b764-56d7-bfca-7b1b6107c777,0.02123,0.86487,0.415566,0.4173675061674596,0.33971,0.0,1.0,0.475,0.5062114182829146,0.375,1.1099,17.7894,8.932640000000001,8.05338520846979,7.8504,1.9821,34.7771,17.793309999999998,16.20295291279751,16.4983,0.009962543,0.8610855,0.4489282,0.43098074,0.47650933,0.0113545805,0.9469266,0.5062858,0.45674565,0.5548549,0.0113545805,0.8610855,0.46615475,0.4146684,0.5156347,0.009962543,0.9469266,0.4890592,0.47323078,0.51572955,0.7554156,0.9805296,0.87319005,0.10991943,0.8873348,0.7493401,0.85687584,0.80568504,0.04923005,0.8201302,0.07528199,0.7965318,0.4494745,0.36200735,0.46455184,70.1325,93.391785,83.12654,10.361145,83.25091,76.96598,82.72555,79.50456,2.331469,78.85055,6.0861225,18.840624,11.628447,5.540263,10.659072,0.31762695,8.5859375,3.489966,3.4349415,2.8566895,25,40,31.8,5.266244708835067,32.0,RBX1,75,PXDesign,SolubleMPNN,21,non_binder,0.7464065742492675,binder
5f853a61-2b30-59dd-be5b-0476017d7038,0.14191,0.8737,0.430292,0.3901408325464024,0.15161,0.0,1.0,0.4,0.5477225575051661,0.0,1.0493,5.2323,3.54626,2.1899305258386628,5.0913,1.9575,11.6894,7.67748,5.085980091093554,10.9626,0.23521648,0.55669975,0.42141074,0.13076225,0.43190295,0.280227,0.6696259,0.51981896,0.161759,0.53946626,0.280227,0.6696259,0.51981896,0.161759,0.53946626,0.23521648,0.55669975,0.42141074,0.13076225,0.43190295,0.49582887,0.79919314,0.6770889,0.123832986,0.6989213,0.8034209,0.9021802,0.863927,0.039809834,0.87358475,0.31563365,0.57024044,0.4701081,0.102465495,0.49367103,84.44569,92.684685,88.636696,3.4469128,87.91232,94.18399,95.88566,95.120415,0.73147917,94.87501,5.6829453,9.306456,6.997203,1.5208861,6.380052,1.6005859,3.7929688,2.320703,0.8819291,2.140625,14,31,22.2,7.791020472312982,22.0,IL-7Ra,89,RFdiffusion3,SolubleMPNN,24,non_binder,0.6763495385646819,binder
5fc42def-69ff-5d37-bbe7-79dcf3ff4d8b,0.00691,0.72099,0.5647599999999999,0.3123682009264067,0.69956,0.0,1.0,0.8,0.4472135954999579,1.0,0.713,28.3413,6.33206,12.30383940089434,0.8277,9.3653,62.8783,22.23956,22.866159664622305,12.0548,0.0,0.22564033,0.078016266,0.102042444,0.0,0.0,0.48900086,0.17457879,0.22705443,0.0,0.0,0.48900086,0.17457879,0.22705443,0.0,0.0,0.22564033,0.078016266,0.102042444,0.0,0.53285205,0.77152383,0.6510721,0.077056535,0.6380469,0.567941,0.7849015,0.683171,0.06680089,0.6831069,0.0,0.27404898,0.101485945,0.13158295,0.0,63.695793,90.026886,77.81112,10.768914,74.35417,73.16981,81.54323,77.395294,3.3970213,75.804855,13.041369,27.128767,19.99998,5.881793,20.905113,2.7792969,21.5,11.169922,7.318084,12.4453125,37,61,51.4,7.167829363048327,50.5,Latent GDF-8,68,Genie3,ProteinMPNN,33,binder,0.6074179959297179,binder
609535cc-ab05-5e3b-b91a-25a2ba1d2373,0.77496,0.78721,0.7796559999999999,0.004573688883166422,0.77852,1.0,1.0,1.0,0.0,1.0,1.7931,1.9212,1.86978,0.048049058263404124,1.8742,1.9509,2.0483,2.00614,0.039482185856408614,2.0234,0.83205885,0.84823424,0.8391488,0.006124522,0.83740515,0.89161867,0.90068644,0.8952791,0.0034684313,0.8944131,0.89161867,0.90068644,0.8952791,0.0034684313,0.8944131,0.83205885,0.84823424,0.8391488,0.006124522,0.83740515,0.940385,0.94699615,0.94346297,0.0026519417,0.9425531,0.9518864,0.95614624,0.95358527,0.0016087729,0.9530023,0.7274938,0.7395807,0.73252356,0.0045049684,0.7314639,96.699905,96.89808,96.78315,0.08166057,96.763115,97.06203,97.17552,97.10944,0.04472496,97.11175,3.4836006,3.6745045,3.61576,0.07572554,3.6347632,0.4543457,0.5004883,0.48305663,0.017218925,0.4855957,47,51,49.8,1.643167672515498,50.0,IL-7Ra,87,BoltzGen,SolubleMPNN,21,binder,0.9663256263732909,binder
60f8b919-7053-5f3e-9da5-8a0ddade63bd,0.86341,0.93379,0.9053100000000001,0.02598366313667108,0.90628,0.8,1.0,0.96,0.08944271909999156,1.0,0.7126,0.8448,0.7775000000000001,0.060914242997840796,0.7925,1.0304,1.9519,1.5206,0.35566972741575853,1.5298,0.68609524,0.7766812,0.74543226,0.04121271,0.7730674,0.74568886,0.7829197,0.76913285,0.014920066,0.7760297,0.71797514,0.7766812,0.75794345,0.02580206,0.77334243,0.68609524,0.7829197,0.75662166,0.04006658,0.7730674,0.9291805,0.955884,0.9489924,0.011188785,0.9531263,0.63570887,0.81050277,0.67665815,0.07511709,0.64341056,0.4435884,0.56352305,0.5349224,0.05141847,0.5592243,81.78839,85.92036,84.49455,1.9349482,85.79444,85.60096,88.81435,87.55652,1.5474182,88.55882,8.390138,13.532647,12.319501,2.2203598,13.408494,0.85839844,1.2216797,0.9751953,0.15424101,0.8881836,29,50,36.2,8.28854631404084,34.0,EGFR,99,RFdiffusion3,SolubleMPNN,29,non_binder,0.958634328842163,binder
61299ec7-1662-5ce8-8530-ca0df70c21f4,0.78814,0.88645,0.830861,0.03551015862475909,0.82405,0.74074,0.92593,0.833333,0.058561517331966566,0.83333,0.7022,1.2339,0.9799599999999999,0.1535154585049988,0.9839,0.9653,2.3432,1.72986,0.5203364193801288,1.7438500000000001,0.6740807,0.82987684,0.76914704,0.0489321,0.77271205,0.81068486,0.90842634,0.8684257,0.030844597,0.8719311,0.81068486,0.90842634,0.8684257,0.030844597,0.8719311,0.6740807,0.82987684,0.76914704,0.0489321,0.77271205,0.9265897,0.96201676,0.94939387,0.010082823,0.9503309,0.83390945,0.9665665,0.9072652,0.060109098,0.9248297,0.5257351,0.63187784,0.5876913,0.034573514,0.59196603,94.89536,96.44034,95.773476,0.5217784,95.847855,84.56156,94.61325,89.75792,5.0446196,90.329285,4.8957443,9.472795,6.868062,1.8553025,6.3658934,0.78466797,1.3564453,1.0020508,0.17104839,0.9831543,48,59,54.5,3.92286743197994,55.0,Nipah-G,89,RFdiffusion3,SolubleMPNN,17,binder,0.9731990313529967,binder
6139530e-9155-5eb0-a8a5-79c30d9f29bf,0.01934,0.02502,0.021039,0.0019150541042545566,0.01992,0.0,0.0,0.0,0.0,0.0,16.3641,27.8058,22.646890000000003,3.972313869060868,21.5423,31.7916,35.7229,34.247640000000004,1.6602473638989284,35.344750000000005,0.0,0.4713928,0.0983151,0.14437301,0.062069833,0.0,0.55005825,0.17620692,0.1895843,0.13640425,0.0,0.7075382,0.1932185,0.22773331,0.14805314,0.0,0.4713928,0.1003726,0.14287369,0.062069833,0.59139603,0.9201278,0.77922827,0.11021512,0.8163016,0.67367405,0.9342907,0.8257179,0.08957377,0.8606399,0.0,0.49756703,0.12836811,0.146278,0.10512175,72.966545,78.20347,75.80229,1.6830552,75.72982,84.3409,87.20983,86.175415,1.0300161,86.48619,6.3973246,21.672634,14.239947,4.6868377,12.871296,2.3828125,14.046875,8.127344,3.2908719,7.3378906,38,77,56.6,13.656093471007324,62.5,TNFa,85,PXDesign,SolubleMPNN,32,non_binder,0.6299917018413543,binder
6192ccd3-f45b-56c3-b795-d3f009aa304a,0.00369,0.01244,0.006984,0.0028984639610202733,0.00575,0.0,0.0,0.0,0.0,0.0,21.1945,38.9856,29.632080000000002,5.2242191060908265,30.85915,46.4782,86.4186,65.63237000000001,11.65653290315492,68.89410000000001,0.0,0.0,0.0,0.0,0.0,0.0,0.0,0.0,0.0,0.0,0.0,0.0,0.0,0.0,0.0,0.0,0.0,0.0,0.0,0.0,0.1604494,0.8517169,0.5178034,0.3339427,0.52904487,0.6164008,0.891334,0.7543851,0.12675458,0.74123883,0.0,0.03437341,0.003437341,0.010869827,0.0,78.7418,81.19711,79.91851,0.7803911,79.81641,85.526436,86.77844,86.16392,0.38534674,86.074615,19.113916,29.535398,24.918884,3.6357727,24.974018,10.2890625,25.015625,17.471874,5.241583,16.601562,14,87,39.5,20.006943239230168,35.0,Cas9,80,PXDesign,Caliby (SolubleCaliby),27,non_binder,0.34993056058883665,non_binder
6193dd6d-8751-5766-8e9e-cedeb5443d3e,0.40634,0.84713,0.5968910000000001,0.1742704273025754,0.56604,0.3125,0.71429,0.514287,0.13646568930198774,0.5044649999999999,0.6104,3.3822,1.90051,1.1720332621844256,1.67365,1.2571,6.6948,4.28162,1.7963992242508036,4.76465,0.4173493,0.6499455,0.5723201,0.06797033,0.57640517,0.42554197,0.7223828,0.62938786,0.09000016,0.6664902,0.6310193,0.7989436,0.7149322,0.05250919,0.7187555,0.4173493,0.6499455,0.5723201,0.06797033,0.57640517,0.77541643,0.86737484,0.8376625,0.027484005,0.8368132,0.8278044,0.89667815,0.8742577,0.02052165,0.8737085,0.51098716,0.63328385,0.56700283,0.040393293,0.5758147,88.46914,95.35746,92.902534,2.4642866,93.35677,93.75299,96.39686,95.40441,0.9822309,95.66057,4.613295,6.474972,5.604124,0.6003243,5.4191957,1.2441406,2.0625,1.5015625,0.2565683,1.4560547,8,11,9.9,0.8755950357709134,10.0,VEGF-A,80,FreeBindCraft (BindCraft),SolubleMPNN,4,binder,0.8834112286567687,binder
62ae330e-62e7-5b86-a728-a9dc5f3b2299,0.73017,0.85179,0.8201599999999999,0.05079091897180049,0.8382,0.33333,0.66667,0.600002,0.14907417992395597,0.66667,0.4548,0.5249,0.4867,0.02764525275702867,0.4932,1.3201,2.2696,1.8009999999999997,0.3721871773718164,1.7869,0.683012,0.7841998,0.741481,0.043141413,0.765313,0.7769719,0.83632976,0.8127389,0.026064556,0.81885856,0.7769719,0.83632976,0.8127389,0.026064556,0.81885856,0.683012,0.7841998,0.741481,0.043141413,0.765313,0.86106616,0.90182525,0.88578236,0.017932583,0.8919239,0.91621363,0.9425609,0.9309764,0.01171678,0.9376589,0.7188926,0.75587535,0.7391711,0.01675862,0.74863863,96.31593,96.76584,96.58255,0.1749123,96.63892,96.24889,96.459175,96.37715,0.0836744,96.39218,3.2118683,3.698966,3.436095,0.22872642,3.3192492,0.84814453,1.1035156,0.9770508,0.118454754,0.9379883,23,26,24.8,1.3038404810405295,25.0,TrkA,75,PXDesign,Caliby (SolubleCaliby),28,non_binder,0.9729300999641418,binder
62eab1a3-923f-5876-8edb-06f3b398c005,0.02054,0.761,0.478527,0.1831689919809937,0.49966,0.0,0.64,0.368349,0.18094969549266696,0.33730000000000004,0.8261,23.8527,4.14932,6.935902584827891,2.0625999999999998,3.2016,34.3569,7.34636,9.502157885355423,4.5548,0.0,0.8413403,0.50733197,0.27010277,0.59873235,0.0,0.8464574,0.6126348,0.25880837,0.6760082,0.0,0.90923256,0.6704315,0.2902562,0.792958,0.0,0.8413403,0.50733197,0.27010277,0.59873235,0.78552395,0.9683473,0.91747963,0.054618366,0.93267643,0.83874387,0.9714738,0.932991,0.039244555,0.9442875,0.048177082,0.695812,0.4809656,0.20967415,0.5539919,72.78164,87.71278,83.27641,4.5934834,84.321526,87.54266,89.78981,88.76347,0.6838561,89.00624,4.2397795,20.56407,7.8444877,4.872388,6.148798,0.8881836,10.5,3.103662,2.9645717,1.8510742,44,61,51.9,6.314885412877876,50.0,TNFa,89,PXDesign,Caliby (SolubleCaliby),24,non_binder,0.8956714391708374,binder
631ca1ff-2fae-5688-bdcf-2d1327776d3a,0.01391,0.25533,0.109497,0.10377226026791125,0.085515,0.0,0.39286,0.164287,0.17653751537405427,0.125,5.5961,18.5509,12.09623,6.412996152440933,11.7355,10.9147,44.4775,30.084870000000002,14.43294794828447,31.783549999999998,0.0,0.82987577,0.37318334,0.39579818,0.3248985,0.0,0.9067785,0.43346232,0.45721787,0.42196816,0.0,0.82987577,0.37318334,0.39579818,0.3248985,0.0,0.9067785,0.43346232,0.45721787,0.42196816,0.70419747,0.9588318,0.8312565,0.11463597,0.8320675,0.70533854,0.85157084,0.7755408,0.05629486,0.77474356,0.0,0.7834204,0.382027,0.3842055,0.36194342,60.144444,87.29965,74.60196,12.248046,76.64401,69.69872,77.73045,74.8751,2.423599,74.49361,5.6980395,25.196651,14.989098,7.8952556,14.6491165,0.52783203,14.140625,6.3991213,6.13187,5.5253906,56,111,78.0,17.133463034528535,76.5,RBX1,90,PXDesign,Caliby (SolubleCaliby),22,non_binder,0.6026217412948608,binder
633a5345-2679-56aa-b548-7ee8e353bfed,0.01142,0.64613,0.29508,0.30008647531447774,0.271635,0.0,0.80952,0.376189,0.3980598380603934,0.333335,0.4688,16.8469,8.62706,8.441493471365781,8.56415,14.1388,51.613,37.528059999999996,14.918817946934597,40.030100000000004,0.012778741,0.8670034,0.44455844,0.4136357,0.44944665,0.055159554,0.9193949,0.5185643,0.4138487,0.59469986,0.055159554,0.8670034,0.4828872,0.37777895,0.52996457,0.012778741,0.9193949,0.4802355,0.45020783,0.514182,0.77429104,0.97314864,0.87861955,0.09500325,0.8888469,0.7587332,0.8408917,0.7987797,0.03160416,0.8039368,0.115879685,0.7916792,0.45541945,0.32900637,0.45791602,78.88636,93.777016,87.37511,6.5245113,87.96515,78.20497,84.554016,80.710655,2.854742,78.81304,6.229947,16.54065,11.328596,4.420335,10.737513,0.3869629,6.7617188,3.1733642,2.9512978,2.5181885,19,32,26.9,4.794672969962487,29.0,RBX1,66,Genie3,SolubleMPNN,11,binder,0.7993896210193634,binder
6383307e-abe2-5266-b9d8-9e28da931524,0.00639,0.01818,0.010719,0.005349918898658392,0.006985,0.0,0.0,0.0,0.0,0.0,17.1829,31.2001,25.675310000000003,6.028488407082934,28.8089,38.2859,64.8869,54.11028,12.474962707207675,62.37755,0.0,0.0,0.0,0.0,0.0,0.0,0.0,0.0,0.0,0.0,0.0,0.0,0.0,0.0,0.0,0.0,0.0,0.0,0.0,0.0,0.1848929,0.8327189,0.51131624,0.315255,0.5085077,0.6180212,0.87348413,0.7406622,0.11925632,0.737816,0.0,0.0,0.0,0.0,0.0,68.46641,78.31099,71.56279,2.7851112,71.14824,84.3755,85.49663,84.99629,0.3244839,85.02528,23.851547,28.169224,26.199417,1.4048175,26.007477,16.78125,24.09375,19.3875,2.4987497,18.40625,29,81,53.9,20.162947315421036,49.5,Cas9,80,PXDesign,SolubleMPNN,29,non_binder,0.49030556082725524,non_binder
6419c7ef-b1d6-5b22-bba6-0ff490ad2573,0.01939,0.04611,0.029956,0.010001593872978444,0.02961,0.0,0.05263,0.010526,0.023536851531162785,0.0,9.688,13.4785,10.61034,1.6159136294988043,9.8614,31.8607,38.7332,34.24666,2.9943740118762694,32.7543,0.047680717,0.3210705,0.22802635,0.11068519,0.24264169,0.10831293,0.40043196,0.30184445,0.1175745,0.31366715,0.10831293,0.40043196,0.30184445,0.1175745,0.31366715,0.047680717,0.3210705,0.22802635,0.11068519,0.24264169,0.23853984,0.545902,0.44257316,0.1240186,0.4480629,0.6008261,0.7329344,0.6890182,0.053528335,0.696486,0.16138318,0.47037414,0.37595004,0.12624483,0.39713633,85.9196,90.100716,87.73714,1.988754,86.90805,84.73043,88.57416,86.09578,1.5906025,85.3433,6.5651727,11.148861,7.8673773,1.8956797,7.44011,2.3398438,5.09375,3.2304688,1.0898288,3.0214844,29,55,37.8,10.425929215182693,33.0,BBF-14,80,PXDesign,SolubleMPNN,17,non_binder,0.39556706070899955,non_binder
64591a90-512f-5a7b-8ff5-e288361882bc,0.48346,0.55794,0.5229060000000001,0.035526935978212375,0.53293,0.45833,0.58333,0.524998,0.06319106835621627,0.54167,2.4082,2.6523,2.51226,0.1124476455956282,2.48,4.0937,4.9114,4.50884,0.35343951816399966,4.3919,0.44143656,0.630439,0.5586635,0.082455285,0.5841323,0.49110195,0.64523786,0.5848769,0.06578025,0.6050321,0.49110195,0.64523786,0.5848769,0.06578025,0.6050321,0.44143656,0.630439,0.5586635,0.082455285,0.5841323,0.6490778,0.77755374,0.7290565,0.055802118,0.74537325,0.804458,0.87245685,0.84591055,0.028732788,0.854274,0.47391766,0.5825643,0.5364154,0.043922085,0.54437107,92.54993,92.78547,92.68435,0.095043786,92.678246,85.81196,88.09063,87.403275,0.90652823,87.669624,5.2338743,6.6799417,5.8692465,0.5780844,5.7477527,1.0791016,1.8886719,1.3720703,0.32717395,1.2919922,38,43,40.6,2.073644135332771,41.0,BBF-14,105,Genie3,SolubleMPNN,14,non_binder,0.874391279220581,binder
64624241-65f5-5ccb-adc5-b3ad2b903310,0.70831,0.7896,0.746788,0.025530184227041265,0.7429749999999999,0.5,0.65,0.580953,0.052188409962792,0.5607150000000001,0.8742,1.1263,1.0027599999999999,0.0871617296243662,0.99385,1.327,1.7968,1.54116,0.15053377767870643,1.5602,0.7624505,0.8665819,0.8157749,0.041152526,0.8160814,0.7759487,0.8712179,0.8233957,0.037976637,0.8264911,0.7624505,0.8665819,0.8162085,0.04069967,0.8160814,0.77534807,0.908341,0.84436214,0.059097495,0.85381556,0.91342884,0.9381832,0.9277892,0.0073982333,0.926087,0.918732,0.9458127,0.9315049,0.009246027,0.9316481,0.6314922,0.73382056,0.68374354,0.039956678,0.68459105,95.004,96.24826,95.65144,0.49730462,95.68144,95.630104,96.42121,96.06516,0.23910609,96.08856,3.2990134,4.679186,3.9688587,0.5332151,3.96107,0.5522461,0.94873047,0.74208987,0.16098787,0.7390137,54,59,57.4,1.6465452046971296,57.0,VEGF-A,90,BoltzGen,SolubleMPNN,27,binder,0.959099760055542,binder
65f9b7af-549e-5f6e-a858-6b2a40e9baad,0.00505,0.01377,0.00796,0.0034462588411203242,0.0066,0.0,0.0,0.0,0.0,0.0,21.6018,29.4845,26.179039999999997,2.945062988800071,26.6605,42.6738,75.3326,62.26456,12.309103775986292,65.9182,0.0,0.0,0.0,0.0,0.0,0.0,0.0,0.0,0.0,0.0,0.0,0.0,0.0,0.0,0.0,0.0,0.0,0.0,0.0,0.0,0.46410152,0.6721656,0.5784917,0.061480302,0.59282136,0.5446264,0.7366954,0.63946855,0.05809014,0.64608645,0.0,0.0,0.0,0.0,0.0,85.57564,90.612305,88.21474,1.9188516,88.24844,72.05239,81.95011,76.40095,2.679068,76.45827,21.786077,27.186644,25.148754,1.8408889,25.542828,14.09375,21.875,18.339844,2.6954753,18.929688,6,41,21.0,12.418624006798105,20.0,Latent GDF-8,96,RFdiffusion,SolubleMPNN,21,non_binder,0.2685966604948044,non_binder
668134b3-c6ff-5ce0-b2ee-415adcb2710d,0.01448,0.3872,0.181592,0.176823592430422,0.16280499999999998,0.0,0.90909,0.40908999999999995,0.4333430174815328,0.363635,3.4903,17.0587,10.3042,6.7916324993823585,10.3027,24.5254,44.1353,35.103750000000005,9.155323671352217,35.6256,0.0,0.86049074,0.44078755,0.43273434,0.47766495,0.0,0.91769856,0.50015974,0.43653294,0.56729907,0.0,0.86049074,0.4721423,0.40759504,0.53976166,0.0,0.91769856,0.468805,0.46221042,0.5052024,0.72634,0.96726596,0.8646161,0.104776695,0.8777283,0.7061644,0.8357401,0.79404867,0.044200927,0.8086531,0.0,0.7727319,0.41184798,0.3742491,0.44878945,78.64492,94.823784,87.634125,6.9830394,88.63506,78.79101,85.43387,81.66074,2.6986988,80.982956,7.6199427,20.57363,12.680427,5.4517336,10.954426,0.39453125,12.484375,5.028833,5.1889486,3.4516602,14,31,21.6,5.015531433014407,22.0,RBX1,80,PXDesign,SolubleMPNN,10,binder,0.8269308471679687,binder
67103c6f-25ed-5845-b22e-af1811bb5f77,0.68613,0.74417,0.71968,0.02444387448830484,0.72981,0.5,0.58333,0.549998,0.04564172071690547,0.58333,1.0028,1.2152,1.0861399999999999,0.08025000311526478,1.0561,1.7786,2.1865,1.89102,0.16739912484836955,1.8282,0.64935976,0.7548905,0.7254705,0.043602202,0.74368703,0.76489514,0.83611655,0.8121244,0.028871052,0.8207543,0.76489514,0.83611655,0.8121244,0.028871052,0.8207543,0.64935976,0.7548905,0.7254705,0.043602202,0.74368703,0.87462527,0.9193049,0.90716726,0.018601125,0.9149979,0.93271065,0.94230413,0.9373661,0.0036432936,0.93698883,0.65213645,0.68895596,0.67156756,0.013156844,0.6724594,95.31532,95.741104,95.53613,0.1919193,95.5952,96.92051,97.06562,96.99037,0.052543286,96.988205,4.216113,4.5970335,4.4375105,0.13994879,4.4760537,0.6870117,1.0556641,0.78994143,0.15200196,0.73291016,20,26,23.6,2.1908902300206643,24.0,IL-7Ra,75,PXDesign,SolubleMPNN,5,non_binder,0.9667881369590758,binder
67429d59-4488-58fe-ad05-a3b91f843f51,0.01649,0.19795,0.056058,0.07936327343299292,0.02227,0.0,0.13636,0.027272,0.06098204588237427,0.0,4.3439,13.8543,11.60578,4.071518123132943,13.1259,11.5596,43.6301,32.49162,12.239624801316422,35.6085,0.0,0.12284046,0.026818048,0.05389874,0.0,0.0,0.21357444,0.047207914,0.09317526,0.009993535,0.0,0.21357444,0.04696355,0.093290664,0.009993535,0.0,0.12284046,0.02706241,0.053813215,0.0,0.05431649,0.31565747,0.147151,0.09918738,0.11485202,0.5392198,0.6554681,0.5800257,0.04461119,0.5627177,0.0,0.25126845,0.07995181,0.09910614,0.03873884,83.483406,86.601135,85.66435,1.3159528,86.27818,82.94883,85.61657,83.96893,1.0366721,83.83961,9.385443,23.212658,15.9126835,4.966243,16.200289,4.453125,16.0,9.934375,4.126038,9.953125,22,40,29.0,6.6332495807108,28.0,BBF-14,72,Proteina-Complexa,SolubleMPNN,15,non_binder,0.39629061698913565,non_binder
674ba858-2cb1-5c23-855a-fd19a5288dd6,0.85004,0.91219,0.893146,0.025505743078765655,0.90269,0.88,0.92,0.9120000000000001,0.017888543819998326,0.92,0.3909,0.5899,0.47926,0.07155538414403208,0.4694,2.7844,4.1959,3.40046,0.5506646647461593,3.2327,0.8171632,0.8340847,0.82529134,0.0063149775,0.8266253,0.86653584,0.87629324,0.87087077,0.0035399813,0.8705698,0.86653584,0.87629324,0.87087077,0.0035399813,0.8705698,0.8171632,0.8340847,0.82529134,0.0063149775,0.8266253,0.952033,0.9572095,0.95471466,0.0019486446,0.9549948,0.948877,0.95576,0.95305634,0.0025732014,0.95389456,0.6204066,0.6310939,0.62557334,0.004141738,0.6242466,93.571014,94.30412,94.046936,0.28316906,94.09973,97.19743,97.48845,97.33485,0.12273003,97.32946,5.0848646,5.2117667,5.15227,0.056057397,5.128413,0.6557617,0.71240234,0.69697267,0.023464441,0.7036133,46,48,47.4,0.8944271909999153,48.0,MBP,90,RFdiffusion3,SolubleMPNN,13,non_binder,0.9768321752548217,binder
67ef04fd-752a-5bc9-a14c-82d3a8d2ce85,0.01013,0.68353,0.328911,0.3362548172459558,0.31411,0.0,0.95652,0.44782700000000003,0.4727623654191042,0.434785,0.4722,16.977,8.699250000000001,8.500344385605144,8.51375,13.0488,56.0275,36.43479,20.18236027092581,37.951899999999995,0.1313464,0.8515131,0.4938511,0.35340962,0.4970417,0.178822,0.91788715,0.55127156,0.36033708,0.55997425,0.178822,0.8515131,0.51941186,0.32677323,0.53112394,0.1313464,0.91788715,0.52571076,0.38700145,0.525892,0.78901374,0.9622529,0.8786932,0.075656556,0.88444054,0.7815025,0.84619427,0.8164709,0.023636092,0.8248194,0.19933398,0.76728845,0.47897252,0.28711355,0.47759217,87.72103,96.16031,92.18892,4.0377793,92.38856,78.59777,83.98839,81.16488,2.3926744,80.8676,7.6041465,14.199425,10.920973,2.8703992,10.89277,0.4387207,3.9921875,2.0546632,1.6258757,1.9567871,22,48,37.4,9.143303560529969,40.5,RBX1,96,PXDesign,SolubleMPNN,15,binder,0.8840013122558593,binder
68059c80-7a53-57b6-a1b1-29a072554065,0.82124,0.93,0.8896240000000001,0.04551321159839197,0.90946,0.76,0.92,0.8560000000000001,0.07266360849833979,0.88,0.5662,0.8733,0.67002,0.12253541120835235,0.6099,0.619,1.8049,1.1395199999999999,0.468663426138631,0.991,0.03403361,0.35251394,0.1653916,0.12467229,0.13605554,0.21376932,0.6604962,0.41930938,0.18259138,0.40170467,0.21376932,0.6604962,0.41930938,0.18259138,0.40170467,0.03403361,0.35251394,0.1653916,0.12467229,0.13605554,0.36268273,0.7522621,0.51964206,0.16093549,0.4732247,0.8585141,0.92520833,0.88476866,0.027527021,0.8768552,0.10986403,0.49528125,0.26640484,0.16203208,0.2170212,85.19557,86.695564,85.75188,0.6258483,85.65521,95.38698,95.70453,95.54083,0.11910858,95.56824,6.3772016,11.521859,9.293416,2.134981,9.760536,3.4023438,7.65625,5.8375,1.7623479,6.34375,31,36,33.0,2.0000000000000004,32.0,MBP,80,PXDesign,SolubleMPNN,12,non_binder,0.9604238557815552,binder
68194939-7a76-5bd8-8170-cf9d26a0e617,0.10109,0.85985,0.514443,0.2772616071130096,0.375895,0.0,0.88095,0.42857200000000006,0.34594118520028483,0.226195,0.8772,8.1691,2.92875,2.198663818094981,3.2898,1.2974,13.9535,4.95572,3.7443194405510987,5.1777,0.010834086,0.80343693,0.55581367,0.24172565,0.63696456,0.011558057,0.9220719,0.7445907,0.27271444,0.8576603,0.010834086,0.9220719,0.7445183,0.27293065,0.8576603,0.011558057,0.80343693,0.5558861,0.24154434,0.63696456,0.32375157,0.95804775,0.84040177,0.19136952,0.90669537,0.82029974,0.9657877,0.89699984,0.058847994,0.8772792,0.085739754,0.7002603,0.55096304,0.18291639,0.6267749,87.89898,95.772934,91.22786,2.842731,90.54405,81.82513,93.42386,88.40716,4.499423,90.00403,4.0554104,15.064805,7.4567666,3.3954353,7.39216,0.8383789,8.4140625,2.3764648,2.2644477,1.4707031,23,78,59.2,16.544888435203585,58.5,Nipah-G,86,Proteina-Complexa,SolubleMPNN,21,non_binder,0.9336570048332214,binder
68767a90-aa9a-5fa2-9ca9-b3f6f4449ecd,0.00633,0.77347,0.087168,0.24119232177754837,0.009399999999999999,0.0,0.66667,0.066667,0.21081956477044536,0.0,1.0424,27.4333,20.40044,7.5941965899699415,20.7945,1.2321,66.6335,48.60661,19.976691243794324,55.4274,0.0,0.2733167,0.074731864,0.12099619,0.0,0.0,0.58322847,0.17228648,0.27386385,0.0,0.0,0.58322847,0.17228648,0.27386385,0.0,0.0,0.2733167,0.074731864,0.12099619,0.0,0.1233643,0.6968563,0.34130853,0.22951522,0.24296942,0.7546047,0.9278784,0.8421768,0.04955106,0.8397006,0.0,0.3730189,0.1239773,0.16145256,0.040427815,81.06657,90.63272,84.09563,2.9680724,83.54114,80.67123,92.78083,87.42909,4.7777443,88.44415,7.913597,24.873915,16.307001,5.583165,16.887909,4.203125,15.984375,9.467969,4.044802,10.324219,26,54,37.3,7.972870666621069,36.5,Nipah-G,85,PXDesign,SolubleMPNN,32,non_binder,0.38065620541572565,non_binder
68d83115-0e3e-5841-9152-ba7353917363,0.01355,0.05141,0.034398,0.013541821147836799,0.03559,0.0,0.05,0.04,0.022360679774997897,0.05,8.5784,13.6518,12.10052,2.096337914554807,12.7946,29.9435,49.419,39.87892,6.94955919515763,39.9956,0.0,0.0,0.0,0.0,0.0,0.0,0.039512787,0.016020644,0.014438354,0.012608275,0.0,0.039512787,0.016020644,0.014438354,0.012608275,0.0,0.0,0.0,0.0,0.0,0.09195879,0.18221505,0.14692196,0.034994274,0.15031211,0.53865105,0.5672631,0.55042297,0.011422081,0.55236775,0.029227266,0.16280803,0.11492149,0.05348639,0.1384209,87.028114,88.91638,88.3636,0.81645393,88.87132,83.472244,88.14218,86.15491,1.8290483,86.85907,14.142886,20.095041,16.298649,2.351537,16.056736,6.9296875,10.578125,8.045313,1.4890311,7.3007812,17,49,29.0,12.083045973594572,27.0,BBF-14,86,RFdiffusion3,SolubleMPNN,21,non_binder,0.2063136637210846,non_binder
693a6558-1c7f-5429-8003-0fbbff35562e,0.70389,0.79411,0.729587,0.026436247023105718,0.725295,0.51724,0.65517,0.55517,0.04128363786726594,0.55172,0.857,1.1277,1.05215,0.08892240375118572,1.0794000000000001,1.4098,1.8958,1.66263,0.13521881073940037,1.64465,0.25187153,0.5857414,0.41096798,0.10453067,0.44574276,0.68227214,0.79922193,0.7408977,0.043206755,0.74533176,0.68227214,0.79922193,0.7408977,0.043206755,0.74533176,0.25187153,0.5857414,0.41096798,0.10453067,0.44574276,0.71743625,0.9254775,0.83814114,0.070772715,0.86550844,0.82546574,0.95818293,0.9094841,0.04717626,0.92937887,0.4385947,0.5683598,0.49803478,0.044138715,0.4970624,91.18078,93.004196,92.15923,0.680003,92.12605,83.602264,93.36418,89.83542,3.7759476,90.977036,5.582016,9.810679,7.3422713,1.3211116,7.260882,1.5976562,3.1132812,2.3345704,0.4451469,2.2041016,40,66,47.6,10.803291679442479,41.0,Nipah-G,67,RFdiffusion3,SolubleMPNN,10,non_binder,0.9443865728378295,binder
694516fd-14a4-57e5-bc9d-962cfc3638db,0.00724,0.84016,0.406552,0.42049861383838116,0.36977000000000004,0.0,0.80769,0.369231,0.39179205429666386,0.31731,0.8584,25.3711,12.378789999999999,12.05493044474611,11.1924,1.1897,62.3691,29.30331,29.664505743263465,26.5295,0.0,0.7695085,0.39387593,0.3384548,0.5447091,0.0,0.9180668,0.52080715,0.42469656,0.768059,0.0,0.9180668,0.5118553,0.4344932,0.768059,0.0,0.7695085,0.40282774,0.3293652,0.5447091,0.13620386,0.946441,0.652857,0.34209374,0.8706453,0.6979278,0.970174,0.8569579,0.12747373,0.9383171,0.0,0.68482596,0.38414812,0.2982974,0.5131424,79.8941,92.0282,86.7725,4.7857137,86.90688,81.35779,93.70862,87.73265,5.9586854,88.05704,4.093023,25.253283,12.534819,9.529,6.5442724,1.0380859,17.25,5.8325195,6.165492,1.9814453,64,87,72.4,7.7056977476266075,69.5,Nipah-G,90,RFdiffusion3,SolubleMPNN,21,binder,0.9165057945251465,binder
695a47ba-f64c-5c57-9536-1928b70135ed,0.85423,0.91238,0.882742,0.022300719046703377,0.87798,0.73913,0.86957,0.8000019999999999,0.0495748274833105,0.78261,0.5494,0.6347,0.59172,0.035244034956287314,0.5951,0.9634,1.349,1.10748,0.1638368304136771,1.018,0.91235095,0.9228028,0.9178057,0.0046715452,0.91955173,0.9401008,0.9482636,0.94438475,0.0033094448,0.9453852,0.9401008,0.9482636,0.94438475,0.0033094448,0.9453852,0.91235095,0.9228028,0.9178057,0.0046715452,0.91955173,0.96651506,0.9712269,0.96899205,0.0019115626,0.96957403,0.9721924,0.9757973,0.97400445,0.0014620313,0.9744423,0.79645103,0.81125224,0.8044406,0.0056226575,0.80631566,96.55431,96.75906,96.6577,0.092727475,96.6803,96.677345,96.86759,96.79695,0.07408862,96.82001,2.4481065,2.6353319,2.5404763,0.07124563,2.5290737,0.38623047,0.42114258,0.40605468,0.01537834,0.4099121,33,38,34.6,2.0736441353327724,34.0,PD-L1,95,PXDesign,SolubleMPNN,11,binder,0.9834372329711913,binder
697ffa3f-f78a-572c-8869-11aa37cd0109,0.02905,0.04686,0.036258,0.009538965876865271,0.02954,0.0,0.05263,0.021052,0.028826638201496894,0.0,9.6643,9.825,9.75792,0.06304614976348608,9.7534,32.119,32.4665,32.337779999999995,0.13983514222111842,32.4085,0.19431965,0.4772161,0.3057805,0.11385922,0.28791362,0.30523643,0.57457685,0.4114898,0.10938758,0.3897744,0.30523643,0.57457685,0.4114898,0.10938758,0.3897744,0.19431965,0.4772161,0.3057805,0.11385922,0.28791362,0.43316165,0.7001067,0.5422758,0.10854705,0.52456295,0.6768068,0.8361118,0.74261683,0.06426642,0.7218723,0.3679655,0.6221107,0.47775608,0.10282327,0.45729738,88.95318,90.0283,89.55961,0.41716203,89.53072,86.253044,88.336624,87.32387,0.7609592,87.4064,4.7057505,7.8434997,6.4902587,1.2690347,6.7225933,1.7119141,3.4589844,2.699414,0.71689016,2.609375,33,37,34.8,1.4832396974191318,35.0,BBF-14,80,PXDesign,SolubleMPNN,17,non_binder,0.4864319908618926,non_binder
69977678-7d90-5d31-82e7-7e14fe700c88,0.09615,0.76656,0.24525999999999998,0.2921248133931796,0.11105,0.04545,0.95455,0.254544,0.3931261074769774,0.09091,1.5686,8.0699,6.16504,2.705286109268297,7.5481,3.3222,17.7583,13.439359999999999,5.8015064343668525,14.7417,0.35155368,0.6204077,0.485077,0.12385573,0.5410038,0.4195967,0.69844604,0.5716871,0.12900381,0.64413565,0.4195967,0.69844604,0.5716871,0.12900381,0.64413565,0.35155368,0.6204077,0.485077,0.12385573,0.5410038,0.5750907,0.8094863,0.7056368,0.109506495,0.76933897,0.7638086,0.88410395,0.82852715,0.058108367,0.86199486,0.4942873,0.6608111,0.582098,0.074508145,0.6215166,88.53197,92.51197,90.44739,1.720397,90.84991,86.50784,90.148094,88.534195,1.5708764,88.162254,4.5401635,6.5536075,5.4833045,0.90490764,5.018034,1.2832031,2.6972656,1.9023438,0.60521317,1.6337891,25,37,30.8,5.167204273105525,32.0,BBF-14,94,FreeBindCraft (BindCraft),designed jointly by the structure model (native co-design),20,non_binder,0.8024688386917114,binder
69bc8046-f8e2-503e-b59f-955ee0668d5c,0.44132,0.51292,0.468658,0.02747925071758691,0.45729,0.15,0.3,0.19,0.0651920240520265,0.15,1.6112,2.3778,1.909,0.29119441100405763,1.8653,3.2206,4.4193,3.8650400000000005,0.485293816156769,3.8833,0.6653547,0.7248108,0.70018274,0.02605724,0.70796293,0.81582475,0.8622393,0.8413534,0.018075503,0.84274715,0.81582475,0.8622393,0.8413534,0.018075503,0.84274715,0.6653547,0.7248108,0.70018274,0.02605724,0.70796293,0.9133791,0.93300325,0.9247552,0.0085643595,0.92761815,0.9227015,0.95660305,0.9441635,0.014011608,0.9495776,0.6307585,0.6735716,0.6557951,0.016498627,0.65764934,88.67407,92.50935,90.997665,1.451212,91.55578,94.99918,96.24135,95.620255,0.51053023,95.56576,4.1579485,4.6601524,4.408972,0.18734024,4.3682175,1.0302734,1.3046875,1.1476562,0.104536444,1.1113281,24,31,27.2,2.588435821108957,27.0,MBP,80,PXDesign,SolubleMPNN,11,non_binder,0.7569076323509216,binder
6a0cb6a9-7ceb-5d79-bef8-faade6259fd1,0.0162,0.32465,0.05406299999999999,0.0952235771516464,0.025355000000000003,0.0,0.02817,0.008450000000000001,0.01187698802072497,0.0,8.8627,27.408,21.37768,6.692124303454686,23.14435,2.0288,40.2654,32.01356,11.47481626356896,37.66095,0.0,0.24752359,0.10942068,0.11493089,0.090960994,0.0,0.3320738,0.15033233,0.14903635,0.14415221,0.0,0.6436183,0.30901426,0.31694257,0.3006767,0.0,0.24752359,0.11060339,0.113734394,0.09120811,0.8207364,0.89733124,0.8644973,0.024758374,0.86230576,0.8649244,0.9182536,0.8947983,0.016367367,0.8921286,0.0,0.40089023,0.20719707,0.17334677,0.20497435,80.83197,86.54872,84.52915,2.2017987,85.712036,88.49832,89.78737,88.97504,0.46232334,88.78906,8.144773,22.646133,12.945848,5.063222,11.64744,2.9941406,14.75,6.8822265,4.1808763,5.604492,12,30,18.6,5.037636129950017,18.5,TNFa,62,RFdiffusion,SolubleMPNN,28,non_binder,0.5660683345794677,binder
6a1e16cd-cb9f-4b6f-82ac-5f561908a072,0.60285,0.75981,0.667483,0.052113524593483014,0.65482,0.57692,0.76316,0.652428,0.06560554681833941,0.6300600000000001,0.9595,2.9806,2.15121,0.7106440325507559,2.406,0.7201,1.345,1.07604,0.19805037069728837,1.0188000000000001,0.60901624,0.8898356,0.7566206,0.124132894,0.77339447,0.79740363,0.9005262,0.846105,0.03972739,0.84164476,0.79740363,0.94593257,0.873309,0.06317263,0.8796761,0.60901624,0.8898356,0.7566206,0.124132894,0.77339447,0.94905484,0.979774,0.9641932,0.012188502,0.9633916,0.95594305,0.9819245,0.968393,0.0102074295,0.96898466,0.60442066,0.7585165,0.67991936,0.062395908,0.67890024,90.7652,93.822136,92.524956,1.1944824,92.70935,88.64948,90.06721,89.30618,0.4412227,89.26839,3.3141925,5.452253,4.47206,0.83458865,4.580883,0.52197266,1.7060547,1.0647949,0.51730365,0.98706055,41,54,46.2,3.823901439919996,46.0,TNFa,80,PXDesign,SolubleMPNN,33,non_binder,0.9751886796951292,binder
6aad6fc6-79da-51a5-93c4-25971eb3d144,0.86428,0.94694,0.8995240000000001,0.03277318156664072,0.90429,0.75,0.91667,0.816666,0.06972246574813602,0.83333,0.417,0.618,0.5163599999999999,0.07338629299807967,0.51,0.5474,1.113,0.8871800000000001,0.22006133690405497,0.9386,0.7987066,0.81367904,0.8054639,0.0060754493,0.8045574,0.8488242,0.8680488,0.85394937,0.008085601,0.84986097,0.8488242,0.8680488,0.85394937,0.008085601,0.84986097,0.7987066,0.81367904,0.8054639,0.0060754493,0.8045574,0.9373342,0.9427253,0.9398204,0.002196358,0.9395657,0.94245243,0.9497518,0.9456897,0.0027979056,0.94591033,0.6937397,0.7111239,0.69878376,0.0071495334,0.6968541,96.365906,96.49984,96.42143,0.054193534,96.432175,97.1566,97.24991,97.19932,0.041382086,97.20753,3.8216784,3.9699397,3.9277363,0.061214644,3.945829,0.66308594,0.71435547,0.69267577,0.020735,0.6899414,28,32,29.4,1.9493588689617931,28.0,IL-7Ra,75,PXDesign,SolubleMPNN,6,binder,0.9789541864395142,binder
6ab37d29-1408-5e61-861b-667fde20e8d1,0.00355,0.00701,0.004464,0.001435663609624483,0.00392,0.0,0.0,0.0,0.0,0.0,22.9242,35.4612,28.26928,6.214938961244913,24.612,65.105,96.8266,86.04618,12.502383810777847,89.8211,0.0,0.0,0.0,0.0,0.0,0.0,0.011293839,0.0031841446,0.0051358137,0.0,0.0,0.011293839,0.0031841446,0.0051358137,0.0,0.0,0.0,0.0,0.0,0.0,0.44230044,0.67150104,0.59794354,0.07578151,0.6334191,0.50616735,0.7366703,0.66206133,0.07277311,0.69107765,0.0,0.07830769,0.018567566,0.030683054,0.0,83.39598,89.1168,86.19896,2.375018,85.79501,71.15347,78.74835,75.57104,2.921523,76.093025,19.02934,28.43337,23.851982,2.7878084,24.239769,8.140625,23.03125,13.486719,4.3352127,13.261719,12,69,22.5,17.17394667641787,16.0,Latent GDF-8,89,RFdiffusion,SolubleMPNN,16,non_binder,0.22763666927814483,non_binder
6afdc3a3-6163-517b-abb7-f249555936b9,0.37542,0.4373,0.407196,0.027526199883020547,0.40886,0.07692,0.23077,0.169232,0.06435947498232099,0.15385,2.2243,2.4853,2.3463000000000003,0.1018596092668729,2.3073,4.4834,5.493,4.75492,0.41765858904133657,4.5774,0.7355153,0.78623295,0.7586232,0.023404466,0.74652725,0.8029753,0.83657134,0.8154909,0.014461471,0.8067211,0.8029753,0.83657134,0.8154909,0.014461471,0.8067211,0.7355153,0.78623295,0.7586232,0.023404466,0.74652725,0.91278696,0.93219125,0.92202014,0.009055182,0.91744375,0.9366738,0.9474586,0.94219196,0.0049636066,0.94062394,0.67416,0.7013747,0.6865407,0.0129379835,0.68285227,96.078896,96.4399,96.302605,0.13832784,96.31718,95.928024,96.14336,95.998985,0.08750255,95.970894,3.9495792,4.323966,4.1471415,0.18105644,4.23243,0.7836914,0.9433594,0.86396486,0.067452304,0.8491211,30,34,31.8,1.7888543819998315,32.0,IL-7Ra,75,PXDesign,SolubleMPNN,6,non_binder,0.8693431496620178,binder
6aff70ea-8d17-5404-8ba0-c7a8faba8ead,0.89979,0.92819,0.911802,0.012030256439494522,0.91038,0.91667,1.0,0.9500019999999999,0.04564172071690549,0.91667,0.4105,0.5589,0.48518,0.053270977088842666,0.4798,3.068,3.2231,3.12896,0.06232128849759126,3.1338,0.8419819,0.8539935,0.8468691,0.0058629573,0.84349555,0.8529017,0.86859983,0.86169994,0.006047198,0.86085004,0.8419819,0.8539935,0.8468691,0.0058629573,0.84349555,0.8529017,0.86859983,0.86169994,0.006047198,0.86085004,0.9527817,0.9584268,0.9559747,0.002165751,0.9557782,0.9452164,0.9511088,0.94755477,0.0022008836,0.9468135,0.70294106,0.7189881,0.7096857,0.0065021887,0.70755315,95.657906,95.867645,95.77724,0.0797796,95.80121,96.25727,96.31781,96.2923,0.02394095,96.29963,3.7141318,3.8908336,3.8233082,0.068742774,3.8431327,0.62597656,0.7104492,0.6654297,0.035888504,0.65478516,44,49,46.6,1.8165902124584945,47.0,IL-7Ra,82,BoltzGen,SolubleMPNN,23,binder,0.9630791735649108,binder
6b1051e3-b0fd-5289-b68d-713a8adef798,0.00655,0.00683,0.006732,0.0001070980858839223,0.00676,0.0,0.0,0.0,0.0,0.0,25.3343,25.5667,25.41502,0.0908370629203743,25.3931,64.6425,66.1875,65.17374,0.5965975469275737,65.0125,0.0,0.13728246,0.020658668,0.04485767,0.0,0.0,0.60152394,0.09600638,0.19390762,0.0052476656,0.0,0.60152394,0.09600638,0.19390762,0.0052476656,0.0,0.13728246,0.020658668,0.04485767,0.0,0.55296135,0.75924397,0.657094,0.07904856,0.670843,0.6048749,0.7825668,0.7033162,0.070556305,0.7233989,0.0,0.28670388,0.061697237,0.08825099,0.04328506,68.80412,74.57076,71.27279,1.6672127,71.40391,73.38325,79.095375,76.34527,2.4200816,76.87807,14.734125,28.15094,20.935238,5.118137,19.045307,3.9160156,21.734375,12.386133,6.0930653,9.84375,19,58,29.0,11.31370849898476,25.5,Latent GDF-8,83,RFdiffusion,SolubleMPNN,25,non_binder,0.23686757564544675,non_binder
6b58058c-d9f8-5748-b5f1-af527b95edf8,0.68664,0.83842,0.7629400000000001,0.052900088006648034,0.770005,0.58065,0.74194,0.692382,0.04788785250747607,0.69216,0.6574,1.7469,1.0919699999999999,0.4520323637626944,1.0161499999999999,1.9172,2.9912,2.2994700000000003,0.3523463827605506,2.2737,0.77311903,0.87914366,0.83008015,0.0400305,0.8344819,0.7937189,0.88601965,0.8454914,0.029610593,0.84977365,0.7937189,0.8838958,0.84648275,0.030340534,0.85056496,0.77311903,0.87914366,0.83008015,0.0400305,0.8344819,0.90985316,0.93392783,0.9229212,0.008503701,0.92031884,0.91587657,0.93859273,0.92723686,0.0070538707,0.92824864,0.6546179,0.72697246,0.6919117,0.024473617,0.692183,95.62181,96.59891,96.14653,0.40762228,96.1427,96.10339,96.958565,96.55928,0.3129512,96.55213,3.5245745,4.481491,3.9890792,0.33822158,3.9787405,0.5751953,0.99902344,0.76655275,0.1535552,0.74780273,27,38,34.2,3.552776691859794,35.5,VEGF-A,98,RFdiffusion3,Caliby (SolubleCaliby),18,non_binder,0.9700039815902709,binder
6b5d7c19-e886-50e9-8054-e3858af0f657,0.00856,0.72558,0.471906,0.2866332886071989,0.631,0.0,0.55882,0.341175,0.24221741722170922,0.441175,1.136,19.8896,4.70897,6.170116056003774,1.6074000000000002,1.1368,59.4627,11.03201,18.68165238227366,2.3628,0.0,0.68718386,0.48440942,0.23605648,0.61080533,0.0,0.8352821,0.65367675,0.2598108,0.7786505,0.0,0.8352821,0.65367675,0.2598108,0.7786505,0.0,0.68718386,0.48440942,0.23605648,0.61080533,0.11443659,0.9138029,0.76642483,0.24981326,0.8917211,0.74309427,0.9540145,0.8920614,0.070556656,0.91463673,0.0,0.5987413,0.44770074,0.19198723,0.5399284,86.78028,91.64821,89.96027,1.6276877,90.61501,82.595924,92.84354,88.85613,4.091527,90.176544,5.3739386,25.813078,9.190797,6.1690655,7.021101,1.5126953,17.34375,3.911621,4.851387,1.875,13,70,48.0,16.46545204697129,51.0,Nipah-G,97,RFdiffusion3,SolubleMPNN,20,non_binder,0.8841580915451049,binder
6bbc8111-5731-45eb-a8f4-fe12d21cc8e1,0.68686,0.72411,0.707387,0.014096628477917822,0.7062649999999999,0.76667,0.88889,0.8222229999999999,0.04190226407301219,0.816665,1.902,1.9979,1.9341300000000001,0.03225971171600885,1.9212500000000001,2.3118,2.6056,2.43196,0.08276702510326468,2.41555,0.74583894,0.88533604,0.8255253,0.05300439,0.8353877,0.8581611,0.9077691,0.8804079,0.01672596,0.87630504,0.8632476,0.93973774,0.90730125,0.029317478,0.9131613,0.74583894,0.88533604,0.8255253,0.05300439,0.8353877,0.96099573,0.97858703,0.9685362,0.007218012,0.96729356,0.96326095,0.98017794,0.97096175,0.0067139356,0.97021616,0.6648334,0.75603044,0.7127396,0.033650093,0.71244127,89.598465,93.71615,91.83083,1.8075011,92.14969,88.977615,89.517204,89.23917,0.175593,89.2718,3.4689429,4.7995954,4.161617,0.49198136,4.268749,0.5073242,1.1328125,0.7638672,0.2310226,0.7067871,46,53,49.3,2.8693785622209775,49.0,TNFa,80,PXDesign,SolubleMPNN,34,non_binder,0.9710396361351012,binder
6c083e47-b24c-591c-9ea2-5c3a14b9bbd7,0.55978,0.72441,0.655563,0.050307661897126134,0.65238,0.46429,0.78571,0.632143,0.10654538709968736,0.64286,1.6191,2.0387,1.81048,0.1522212921301674,1.7883,1.9469,3.3748,2.39372,0.39879167159474804,2.377,0.39509946,0.683505,0.5233947,0.103563085,0.51188225,0.65519834,0.8713524,0.75735366,0.07993424,0.7554282,0.65519834,0.8713524,0.75735366,0.07993424,0.7554282,0.39509946,0.683505,0.5233947,0.103563085,0.51188225,0.77019674,0.9018258,0.8329312,0.0458212,0.8308551,0.816137,0.9535748,0.8882804,0.063317284,0.9028101,0.44050574,0.6275965,0.5298704,0.071759306,0.52273524,92.85341,94.818016,94.00719,0.65094787,94.06221,83.64051,93.71269,89.15419,4.373507,89.568726,5.0367,10.250194,7.6339173,2.3501518,7.1471405,1.3779297,3.1816406,2.2847657,0.75380224,2.2363281,57,69,63.0,3.4960294939005054,63.0,Nipah-G,110,PXDesign,SolubleMPNN,21,binder,0.9481622433662413,binder
6c3ae871-3e89-5862-a644-8a9917bad75b,0.01191,0.06093,0.017987999999999997,0.01511492992595952,0.013715,0.0,0.1087,0.010870000000000001,0.03437395816603028,0.0,15.2684,22.298,18.72089,3.353429869866241,18.566000000000003,31.1966,47.3425,44.878750000000004,4.832128758689648,46.2622,0.0,0.1768027,0.048654154,0.054992206,0.021910291,0.0,0.31248316,0.118104436,0.097562514,0.09688994,0.010103147,0.5084595,0.17098081,0.16184586,0.12425176,0.0,0.1768027,0.048654154,0.054992206,0.021910291,0.8183227,0.9022084,0.87556076,0.028668877,0.8889241,0.87747186,0.93359226,0.9160597,0.019634634,0.92578,0.03443641,0.31025085,0.11232778,0.08022052,0.094540715,72.557335,77.5267,75.5691,1.6885173,76.05115,93.61307,96.14621,95.084885,0.94442695,95.017975,9.650918,14.79498,13.185417,1.4770955,13.58359,4.3984375,9.8984375,7.5527344,1.4956628,7.5839844,27,59,33.1,9.290975310602338,30.0,15-PGDH,60,Genie3,SolubleMPNN,17,non_binder,0.3159229189157486,non_binder
6c83b692-923f-58e8-846f-1d8cd5559f4b,0.36822,0.81926,0.644784,0.2109634490379791,0.76746,0.23529,0.79412,0.5705880000000001,0.2577543558700803,0.70588,0.9357,3.0098,1.73524,0.9422449272880167,1.1442,1.4112,5.9598,3.02694,2.0795977659153224,1.6346,0.2949782,0.84359324,0.6350798,0.27307916,0.82747996,0.56161255,0.91200835,0.7809777,0.1769816,0.90754837,0.56161255,0.91200835,0.7809777,0.1769816,0.90754837,0.2949782,0.84359324,0.6350798,0.27307916,0.82747996,0.6946732,0.96587074,0.8707694,0.1300426,0.9624933,0.9068849,0.96722984,0.9458114,0.028971788,0.9655881,0.37970343,0.7275271,0.60087824,0.16719069,0.7165842,86.536964,88.12222,87.24313,0.61789346,87.12927,95.21512,95.503,95.39386,0.13375305,95.47656,3.574612,7.7282825,5.0481977,1.9959078,3.6485207,0.7246094,3.3671875,1.6314453,1.2218385,0.81640625,36,55,48.4,7.436396977031283,50.0,MBP,80,PXDesign,SolubleMPNN,18,non_binder,0.9612595057487486,binder
6caa2377-a9fb-5f89-ab0c-849a0fa590c1,0.62244,0.72359,0.677368,0.03544095553013331,0.6779200000000001,0.38298,0.53846,0.45458499999999996,0.05040006707447039,0.46809,0.9129,1.3372,1.11937,0.1667158264166236,1.1301,1.2971,3.3661,2.20261,0.6927959094214626,2.02125,0.81580424,0.903435,0.8563285,0.035097383,0.8587801,0.82085943,0.90735793,0.85976,0.03380285,0.86124086,0.81580424,0.9060777,0.85694724,0.035267625,0.8605526,0.82085943,0.903435,0.86383,0.03823504,0.86389184,0.91710037,0.9384298,0.92857295,0.0071376944,0.9311044,0.9206222,0.9435599,0.9305479,0.0072640833,0.9316492,0.6726253,0.74927384,0.7085767,0.029825479,0.71003866,94.84357,96.04999,95.65432,0.34699905,95.75416,96.32846,96.61602,96.48036,0.10153091,96.481026,3.3402026,4.2760477,3.7990146,0.40671766,3.7931623,0.5029297,0.7949219,0.6444336,0.12803997,0.6398926,28,34,31.0,2.309401076758503,31.5,VEGF-A,86,RFdiffusion3,SolubleMPNN,16,binder,0.9543368005752563,binder
6d0d2451-2507-56d4-a394-70f8f7592a06,0.67014,0.78066,0.7499520000000001,0.04611907381984158,0.77032,0.71429,1.0,0.857142,0.10101373926352797,0.85714,1.3322,1.5808,1.45336,0.1128226174133537,1.4807,2.356,4.1556,3.17338,0.6696852036591521,3.008,0.62899244,0.77304983,0.69227517,0.06600555,0.6637236,0.7145217,0.7893322,0.7558242,0.032490276,0.7480383,0.7145217,0.7893322,0.7558242,0.032490276,0.7480383,0.62899244,0.77304983,0.69227517,0.06600555,0.6637236,0.81767964,0.9004888,0.85584307,0.036875036,0.83924776,0.86988807,0.90583587,0.8911072,0.014859057,0.8888647,0.66973954,0.7203151,0.6987538,0.021243466,0.69724524,93.25599,93.80136,93.47412,0.22402942,93.36736,91.736084,92.42317,92.060425,0.2771999,91.982666,3.5457835,4.2252297,3.823983,0.2804167,3.8497102,0.69433594,1.0351562,0.8510742,0.13877757,0.89453125,44,53,47.6,3.9115214431215892,47.0,BBF-14,75,RFdiffusion,SolubleMPNN,24,non_binder,0.957682671546936,binder
6d2a2efa-ea9e-5747-834a-d5354a83e95c,0.45069,0.91985,0.8009539999999999,0.19916705081413438,0.89042,0.34783,0.86957,0.730438,0.22041390863554866,0.82609,0.4661,1.9222,0.83478,0.6174498821766832,0.5652,1.1019,6.5732,2.5865,2.258079636549606,1.6287,0.48311,0.826765,0.7320972,0.1409813,0.7899503,0.5863132,0.8496873,0.77935827,0.10894837,0.82364357,0.5863132,0.8496873,0.77935827,0.10894837,0.82364357,0.48311,0.826765,0.7320972,0.1409813,0.7899503,0.77817345,0.9473698,0.90413415,0.070898585,0.9342401,0.8996024,0.9410325,0.93201333,0.018134436,0.9393626,0.56861776,0.69221115,0.6639865,0.053424086,0.68654066,93.61796,96.41229,95.52074,1.1398889,96.067535,95.182846,96.55503,96.0875,0.5403853,96.29464,4.0607104,5.556794,4.407895,0.6433347,4.1331654,0.6645508,1.6669922,0.9388672,0.41198373,0.78222656,31,44,39.8,5.495452665613634,42.0,IL-7Ra,75,RFdiffusion3,SolubleMPNN,14,binder,0.9709320402145385,binder
6d636262-4579-50d6-b287-bde3fb57f027,0.46179,0.89231,0.7648780000000001,0.18506819154030765,0.87655,0.0,1.0,0.7,0.4472135954999579,1.0,0.9327,1.468,1.10332,0.20939292490435293,1.0305,1.6588,3.2186,2.03606,0.665539749376399,1.8048,0.48722655,0.7718757,0.7064284,0.12294103,0.75387985,0.5910582,0.8398315,0.78136903,0.10672838,0.82623905,0.5910582,0.8398315,0.78136903,0.10672838,0.82623905,0.48722655,0.7718757,0.7064284,0.12294103,0.75387985,0.71182996,0.89983934,0.8568514,0.081232265,0.89062935,0.86197275,0.94021946,0.92173004,0.033486508,0.93637025,0.6300491,0.7539461,0.72209525,0.051857408,0.743163,95.36369,96.500244,96.17847,0.4655136,96.29759,94.74299,95.15748,94.96182,0.19724338,95.05862,3.2238822,4.6950808,3.607478,0.61338717,3.344053,0.8564453,1.5869141,1.0476563,0.30375108,0.9399414,11,18,14.2,2.7748873851023212,15.0,PD-L1,81,Proteina-Complexa,Caliby (SolubleCaliby),24,non_binder,0.970654580593109,binder
6dd98de5-b637-5db3-8950-c1214cf15f40,0.59397,0.92005,0.802736,0.13066982505536617,0.82393,1.0,1.0,1.0,0.0,1.0,0.7248,0.8875,0.8022600000000001,0.07545146121845484,0.7632,1.5994,41.0048,11.76438,16.546349933807154,5.2028,0.45589343,0.72676593,0.6452252,0.108428925,0.69102997,0.5632309,0.7366312,0.6921359,0.07298604,0.72435594,0.5632309,0.7366312,0.6921359,0.07298604,0.72435594,0.45589343,0.72676593,0.6452252,0.108428925,0.69102997,0.8363167,0.9407653,0.911605,0.042682067,0.92975545,0.6203096,0.6412814,0.62995416,0.008894988,0.63192815,0.4379566,0.55378455,0.520976,0.04727936,0.54089385,90.60066,91.78315,91.38484,0.4740702,91.41427,89.40591,90.245834,89.95019,0.33943057,90.12644,13.229022,14.350043,13.775014,0.50534517,13.799576,1.2128906,2.4199219,1.5519531,0.49401486,1.3603516,31,51,38.2,7.5960516059331775,36.0,EGFR,100,PXDesign,SolubleMPNN,34,non_binder,0.8945343804359435,binder
6e2b3f7b-63a2-59ec-8ed9-f7970b8bb005,0.70603,0.8072,0.767464,0.04271434103436455,0.77481,0.5,0.72727,0.636364,0.09090875001890629,0.68182,0.8014,1.0203,0.9265000000000001,0.08393929354003403,0.9517,1.6928,2.3388,2.09786,0.25580598702923263,2.1919,0.89124686,0.9155101,0.8998439,0.009706555,0.8985613,0.91694695,0.9388409,0.9258295,0.008147223,0.92433923,0.91694695,0.9388409,0.9258295,0.008147223,0.92433923,0.89124686,0.9155101,0.8998439,0.009706555,0.8985613,0.9591469,0.9688316,0.96251374,0.003897023,0.9619518,0.9737348,0.97927266,0.97527945,0.0022558386,0.97448194,0.8300553,0.8493801,0.8352825,0.00806822,0.83151937,96.42367,96.68175,96.564545,0.09259462,96.57971,97.23789,97.45297,97.34868,0.09940949,97.33015,1.9088956,2.1643116,2.1040435,0.10958943,2.1497974,0.38012695,0.48168945,0.42646486,0.039924793,0.42578125,25,30,27.2,1.9235384061671343,27.0,PD-L1,72,PXDesign,SolubleMPNN,22,non_binder,0.98218031167984,binder
6e362c42-b4fc-5cef-9871-fdee7a3f5113,0.01142,0.77258,0.395132,0.3355703783709164,0.3723,0.0,0.8125,0.33125,0.3584907599924997,0.25,1.232,20.3169,6.6185,6.899246546624574,3.774,1.538,49.317,12.55456,15.20195698763083,6.753550000000001,0.0,0.59907323,0.31972,0.20803954,0.3596573,0.0,0.86418205,0.586998,0.29926217,0.7110127,0.0,0.86418205,0.586998,0.29926217,0.7110127,0.0,0.59907323,0.31972,0.20803954,0.3596573,0.19997858,0.91378564,0.70785224,0.24609175,0.8201453,0.8561122,0.96262616,0.9020689,0.03722438,0.9019186,0.0,0.6342088,0.39247346,0.20810431,0.46639562,69.716385,83.76786,79.301476,4.5341706,79.81259,83.935974,91.77365,88.15312,3.5801544,88.31192,4.7982965,17.956814,9.144922,3.6996214,8.289978,1.609375,12.4453125,4.0967774,3.5539837,2.508789,18,101,66.1,30.762350726532947,72.0,Nipah-G,70,RFdiffusion3,SolubleMPNN,49,non_binder,0.8477029347419739,binder
6e8afb57-9684-5d8b-891c-4538c627d6d6,0.75865,0.86706,0.789764,0.045781024781016005,0.76798,0.85714,1.0,0.885712,0.06388893425312397,0.85714,0.7645,1.3446,1.1002,0.21661060685017255,1.1576,1.9451,5.2809,3.76802,1.2120300808973345,3.9815,0.5476288,0.7424443,0.6290227,0.0732722,0.6114974,0.5839208,0.75470257,0.6446686,0.06887812,0.61204845,0.5476288,0.75470257,0.63517404,0.079477504,0.61204845,0.5839208,0.7424443,0.6385172,0.062788114,0.6114974,0.750116,0.86127454,0.7898477,0.04369021,0.7717253,0.8475407,0.9203808,0.8802832,0.02642241,0.87432384,0.6272745,0.732232,0.6722422,0.039292283,0.66284895,95.83478,96.128944,95.92397,0.121215284,95.876114,95.0684,95.55196,95.3993,0.19803636,95.44058,3.4172666,4.8994045,4.19967,0.54388905,4.2725244,0.79833984,1.1640625,1.0,0.1384753,1.0087891,17,22,19.4,1.949358868961793,20.0,TrkA,90,RFdiffusion3,SolubleMPNN,19,non_binder,0.9577653837203979,binder
6edd23e7-2c44-562a-84b8-23af7c827aa2,0.01047,0.43854,0.185528,0.18677343088470708,0.15894,0.0,0.66667,0.290477,0.30978923337040337,0.238095,2.4455,15.5727,8.62217,6.513977785424202,7.5458,10.7748,56.3782,36.00658,21.115589008902614,37.26045,0.0,0.8590168,0.42935777,0.44566733,0.42271972,0.011291522,0.9327363,0.47016478,0.46377462,0.46979713,0.011291522,0.8590168,0.4414421,0.43330196,0.4522305,0.0,0.9327363,0.45808044,0.47615856,0.44028634,0.721949,0.9740734,0.85885656,0.11222648,0.86513495,0.70963925,0.8522279,0.7916471,0.052858803,0.8005372,0.057065655,0.77616006,0.42229566,0.3579637,0.42040637,85.46394,94.93518,90.33104,4.5711246,90.56204,78.473366,81.3232,79.73108,0.83512145,79.8435,6.689085,19.536156,12.716643,5.501722,12.5058975,0.33496094,8.90625,4.0718017,3.9353266,3.4423828,22,34,26.5,4.196559437338057,25.5,RBX1,78,Genie3,SolubleMPNN,11,binder,0.7412365961074829,binder
6f45a65b-4ae6-5a61-89d3-ceefc53529f3,0.8537,0.91888,0.894196,0.025768430879663604,0.89415,0.73077,0.88462,0.823078,0.06436067021092923,0.80769,0.5413,0.638,0.5716,0.039510062009569163,0.5663,0.8472,1.1481,0.9870000000000001,0.13368707865758755,0.9657,0.91591644,0.9442043,0.9318137,0.012880505,0.9365457,0.9273561,0.955505,0.9418489,0.011913038,0.9456716,0.9273561,0.955505,0.9418489,0.011913038,0.9456716,0.91591644,0.9442043,0.9318137,0.012880505,0.9365457,0.964355,0.9768992,0.97141874,0.0057191523,0.973568,0.972566,0.98226047,0.97759974,0.0042354367,0.97893465,0.81215435,0.85204965,0.83172417,0.016727492,0.8354457,97.86977,98.05152,97.99402,0.071802236,98.01085,96.09489,96.62634,96.430885,0.20095505,96.460495,1.8407115,2.3674982,2.124452,0.2256374,2.0837686,0.36279297,0.47607422,0.41455078,0.048924465,0.390625,40,44,42.0,1.5811388300841895,42.0,PD-L1,85,PXDesign,SolubleMPNN,10,binder,0.9851450991630553,binder
6fb31db0-e763-5d50-9937-d9809cc4434f,0.86444,0.90576,0.88493,0.015455494168741474,0.88845,0.7,0.85,0.8,0.06123724356957946,0.8,0.4363,0.7607,0.5897600000000001,0.13362865710617614,0.5656,0.585,1.072,0.8013600000000001,0.18521072593130242,0.7317,0.7856118,0.806822,0.80029595,0.008563389,0.8023892,0.8313456,0.84912044,0.8442127,0.0073800557,0.8467388,0.8313456,0.84912044,0.8442127,0.0073800557,0.8467388,0.7856118,0.806822,0.80029595,0.008563389,0.8023892,0.92312497,0.93126905,0.9286536,0.0033145428,0.92940557,0.9437647,0.9466939,0.94547445,0.0012875367,0.9456199,0.6863789,0.70248395,0.6968712,0.006192019,0.6981925,93.45994,94.07371,93.728004,0.30529562,93.538445,95.98418,96.17101,96.08226,0.07913297,96.08502,3.9512253,4.1570396,4.0517335,0.0793301,4.0344977,0.8432617,0.99853516,0.8966797,0.06068611,0.87158203,53,58,55.6,1.8165902124584945,56.0,IL-7Ra,85,PXDesign,SolubleMPNN,16,binder,0.9835505533218384,binder
6fbc8e21-7105-5618-8c8f-1c80ed5142c4,0.89036,0.91356,0.9061960000000001,0.009555128465907703,0.90976,0.92,0.96,0.9359999999999999,0.0219089023002066,0.92,0.6746,0.8329,0.76274,0.07160113825910869,0.7742,0.8617,0.9847,0.9255800000000001,0.0553278591669694,0.9003,0.9220487,0.9290582,0.9264175,0.002902579,0.9266149,0.94802374,0.95472664,0.9518808,0.0024920476,0.95222557,0.94802374,0.95472664,0.9518808,0.0024920476,0.95222557,0.9220487,0.9290582,0.9264175,0.002902579,0.9266149,0.9718857,0.9748448,0.9737258,0.0012081293,0.97365487,0.9780725,0.9803904,0.979427,0.00089517597,0.97951764,0.7834264,0.7933421,0.79007757,0.0045139357,0.7930927,96.01989,96.179085,96.1006,0.06456506,96.11069,93.9883,94.37112,94.145805,0.17792211,94.06611,2.7692351,2.9670498,2.8517447,0.0753327,2.8242877,0.32714844,0.33911133,0.3338867,0.0046373866,0.33374023,56,63,59.4,2.6076809620810604,60.0,BHRF1,84,BoltzGen,SolubleMPNN,17,non_binder,0.9792823481559754,binder
6fc2e411-68d3-5b0f-b0d5-7006e0d969f6,0.02354,0.6089,0.350862,0.2120759757021054,0.35653,0.0,0.73529,0.358822,0.26339360341511714,0.35294,2.2659,11.704,4.84908,3.891637478876983,3.0687,4.4259,35.413,12.13924,13.075608226503268,7.2437,0.0,0.012944779,0.009429099,0.0053170677,0.0114823105,0.011816996,0.013335667,0.012631314,0.0007552908,0.012896734,0.011084762,0.013274728,0.012406689,0.00091657386,0.012896734,0.0,0.013335667,0.009653723,0.0054473537,0.011633643,0.13093387,0.1530874,0.14345102,0.008797787,0.14136459,0.5797721,0.6015813,0.59044874,0.0077815712,0.59090686,0.08017522,0.11471577,0.094275534,0.01297507,0.09415087,65.8497,73.61657,70.80722,3.1100826,71.13722,79.88753,84.441475,82.63501,1.8512944,82.75716,14.035821,15.213533,14.569687,0.43540072,14.603631,7.046875,8.515625,7.807031,0.5663093,7.6875,49,73,56.4,9.91463564635635,52.0,BBF-14,67,Genie3,SolubleMPNN,23,non_binder,0.5727875888347626,binder
6fe2ab84-a0b9-4b53-9a99-3cabd9a060f5,0.76803,0.86892,0.8226979999999999,0.034060948574251085,0.8186599999999999,0.61538,0.80769,0.7107319999999999,0.06911282608090114,0.7209300000000001,0.4164,0.7631,0.59598,0.10638167970932673,0.61595,2.6882,3.2047,2.90451,0.1579274759713034,2.8923,0.77667177,0.88183343,0.8270194,0.033883855,0.832724,0.8198356,0.91920584,0.879248,0.029731894,0.88353825,0.8808382,0.93967825,0.91159886,0.019101445,0.9164256,0.77667177,0.88183343,0.8270194,0.033883855,0.832724,0.96053404,0.97684133,0.9692151,0.00560214,0.9706453,0.9624609,0.9782763,0.97158307,0.005246569,0.9729618,0.6620284,0.73692316,0.69707525,0.02340434,0.70488536,87.272766,92.25234,89.71587,1.977181,89.70933,88.219284,89.878845,89.118484,0.5117595,89.22279,3.676589,4.7975173,4.232383,0.37149787,4.0571294,0.5961914,1.0429688,0.7974609,0.15202029,0.79785156,32,44,39.2,3.675746333890726,39.0,TNFa,80,PXDesign,SolubleMPNN,42,non_binder,0.9758643960952758,binder
701290cd-ace6-5246-881c-03989dc5b779,0.3176,0.35662,0.333194,0.017004415014930684,0.33003,0.10345,0.13793,0.124138,0.018885473782778127,0.13793,3.3252,3.4708,3.4215600000000004,0.05703799610785778,3.4385,4.6185,6.129,5.38096,0.5786974019295402,5.3328,0.75473607,0.80770767,0.78441304,0.023243664,0.7899073,0.9236977,0.9400862,0.93210447,0.0065353564,0.93409544,0.9236977,0.9400862,0.93210447,0.0065353564,0.93409544,0.75473607,0.80770767,0.78441304,0.023243664,0.7899073,0.94416875,0.95645404,0.9504364,0.0048880638,0.951932,0.953783,0.96521163,0.9600109,0.0048192577,0.96121466,0.69201744,0.7265989,0.7131065,0.014722421,0.71966606,83.018875,88.00367,86.079544,2.123849,87.073105,93.57268,94.37961,94.05821,0.30035296,94.140236,3.5785713,4.1956334,3.8225238,0.2464895,3.7337794,0.37426758,0.40942383,0.39155275,0.016581265,0.3840332,45,50,47.8,1.7888543819998317,48.0,BHRF1,66,RFdiffusion,SolubleMPNN,21,binder,0.8966309237480163,binder
7019377c-b454-5241-9985-4856bf0b01d2,0.85456,0.91168,0.892466,0.022265670436795795,0.89932,0.66667,0.85714,0.799998,0.07824338451268581,0.80952,0.4871,0.5821,0.5219400000000001,0.038789212417887485,0.5022,0.744,1.2843,1.0106,0.20626855068090238,1.0375,0.7419572,0.7621767,0.75231993,0.008751466,0.75462157,0.80904835,0.8293061,0.8202365,0.009473185,0.8241567,0.80904835,0.8293061,0.8202365,0.009473185,0.8241567,0.7419572,0.7621767,0.75231993,0.008751466,0.75462157,0.9063835,0.91536885,0.91090804,0.004011242,0.9120426,0.9341558,0.94003856,0.93693197,0.0026988871,0.93711287,0.66858906,0.6794332,0.67374563,0.004304984,0.6747091,95.58328,95.87751,95.75665,0.115790755,95.77532,96.33573,96.48831,96.4223,0.059513558,96.427536,4.2964044,4.528237,4.4136505,0.10238489,4.3945055,0.8066406,0.82958984,0.81708986,0.010628392,0.81347656,36,41,38.4,1.8165902124584954,38.0,IL-7Ra,84,FreeBindCraft (BindCraft),SolubleMPNN,25,non_binder,0.9724671220779418,binder
7079f821-671d-57e5-b233-53ebfc3d08d0,0.89627,0.92284,0.9171699999999999,0.011688783084650003,0.92237,0.89474,0.89474,0.89474,0.0,0.89474,0.5425,0.7363,0.58602,0.08411151526396371,0.549,0.8127,0.9282,0.8557,0.048560477757122626,0.847,0.9456137,0.95413876,0.9497428,0.0036179058,0.9498775,0.95252657,0.9631362,0.95746994,0.0044778045,0.95710635,0.95252657,0.9631362,0.95746994,0.0044778045,0.95710635,0.9456137,0.95413876,0.9497428,0.0036179058,0.9498775,0.98055214,0.98372364,0.9820851,0.0013474762,0.98214,0.9822439,0.9859082,0.98388386,0.0015730093,0.98347867,0.80697495,0.8209532,0.81314343,0.0063746083,0.8120592,95.96722,96.361046,96.2079,0.15409711,96.279625,95.852005,96.093994,95.95537,0.108907714,95.90309,2.2688818,2.5325198,2.4134748,0.1151563,2.4396625,0.3022461,0.32202148,0.3119629,0.0076377396,0.31274414,64,68,65.8,1.4832396974191335,66.0,BHRF1,88,BoltzGen,SolubleMPNN,15,non_binder,0.9812283039093017,binder
7089b626-67e5-5ec2-a93b-eebed5762efb,0.79747,0.81685,0.805832,0.009583518143145524,0.80025,0.72414,0.75862,0.731036,0.015419924772838538,0.72414,0.8049,0.8889,0.85868,0.03241823560899023,0.8651,1.9504,2.4691,2.26674,0.21090824545285097,2.25,0.8362151,0.870835,0.85697985,0.013150554,0.86081666,0.8611348,0.8849317,0.8742264,0.010097754,0.8777058,0.8611348,0.8849317,0.8742264,0.010097754,0.8777058,0.8362151,0.870835,0.85697985,0.013150554,0.86081666,0.9244266,0.9419447,0.93497515,0.0066557336,0.9369634,0.9505217,0.96083134,0.95647144,0.003980792,0.9569449,0.7673695,0.78787464,0.7782905,0.008290759,0.7776115,97.14978,97.36037,97.25779,0.07646836,97.24844,96.80637,97.009,96.87735,0.07881136,96.85149,2.7256827,3.0263424,2.863865,0.12214601,2.8711874,0.55371094,0.65771484,0.59101564,0.044588394,0.5727539,26,31,29.0,2.345207879911715,30.0,TrkA,81,BoltzGen,SolubleMPNN,11,non_binder,0.9740762710571288,binder
70970c69-37ed-5d81-91df-12ddb648863b,0.80321,0.87989,0.845261,0.02285161139467704,0.847565,0.7451,0.86139,0.8266560000000001,0.035048793353774046,0.83741,0.7211,1.1103,0.89179,0.11280656452529701,0.8864000000000001,0.9974,2.1723,1.45597,0.36733621913566983,1.3429,0.6365606,0.83363074,0.7602008,0.07583044,0.77783453,0.6519188,0.83811194,0.76739794,0.07142536,0.7806566,0.6519188,0.83363074,0.76502806,0.06929056,0.7779993,0.6365606,0.8968416,0.79263383,0.108053945,0.81138176,0.8816598,0.93000853,0.9120552,0.015205825,0.91631556,0.8842609,0.9421238,0.91870517,0.020135656,0.9221529,0.57614267,0.7237963,0.66135615,0.057335295,0.66911876,89.66478,95.25035,93.50236,1.7807449,93.90975,93.67101,95.75133,95.13808,0.5856498,95.28203,3.4328732,5.402815,4.2691107,0.76545787,4.1699324,0.6254883,1.5263672,1.0024903,0.3931185,0.9313965,55,66,62.6,3.238655413730965,63.0,VEGF-A,90,BoltzGen,SolubleMPNN,30,binder,0.9698667120933532,binder
719ecba0-ac9c-5c09-bd89-3002e9393bee,0.74095,0.8891,0.8056280000000001,0.07592378033264671,0.77019,0.6,0.8,0.746666,0.08692282657622225,0.8,0.5561,1.3207,0.90424,0.33777829711217383,1.0093,0.9157,3.4361,2.0654,1.0233165981259174,2.2227,0.7258927,0.78824365,0.7591955,0.027815845,0.7542737,0.9006817,0.92380387,0.9130182,0.008807153,0.915752,0.7258927,0.78824365,0.7591955,0.027815845,0.7542737,0.9006817,0.92380387,0.9130182,0.008807153,0.915752,0.9694914,0.9771203,0.97361577,0.0029061637,0.97454154,0.85604817,0.91644657,0.8861209,0.024499286,0.8858441,0.6705551,0.7020007,0.682181,0.01212752,0.67830795,94.71765,96.32796,95.71199,0.61825424,95.76999,81.32869,86.797935,84.99786,2.142006,85.54516,4.6937513,5.996177,5.3086023,0.5406646,5.056444,0.4182129,0.49658203,0.45322266,0.031009993,0.44433594,12,23,15.8,5.310367218940701,12.0,TREM2,71,PXDesign,SolubleMPNN,6,binder,0.9479375886917114,binder
71b146a8-2850-5906-a939-108c6b0a32df,0.00579,0.01687,0.008209,0.003477196987357617,0.006755000000000001,0.0,0.0,0.0,0.0,0.0,19.1889,31.4712,26.851170000000003,3.9931543176485884,27.69035,39.3674,68.6649,60.176559999999995,9.168297738426935,63.537800000000004,0.0,0.0,0.0,0.0,0.0,0.0,0.0,0.0,0.0,0.0,0.0,0.0,0.0,0.0,0.0,0.0,0.0,0.0,0.0,0.0,0.1769641,0.8421204,0.5285888,0.308893,0.55531496,0.6434937,0.88156193,0.75934446,0.10903806,0.7624395,0.0,0.0,0.0,0.0,0.0,74.52329,82.586266,79.93593,2.2478623,80.186935,85.77924,86.46964,86.11064,0.2625609,86.11371,20.054407,28.476849,25.281078,2.4494417,25.211212,13.0234375,23.53125,18.082813,3.2230477,17.765625,22,61,42.8,11.923832344417534,42.5,Cas9,71,Proteina-Complexa,SolubleMPNN,49,non_binder,0.5867733061313629,binder
71bcc116-d5d8-5721-bdf4-add0a3133fc0,0.85345,0.91258,0.8848079999999999,0.02882267978519689,0.89981,0.73333,0.86667,0.813334,0.07303332581773886,0.86667,0.5612,0.6639,0.628,0.04135444353391787,0.6425,0.6676,0.9452,0.83044,0.10992200871527046,0.818,0.89489996,0.91828144,0.9036805,0.011284316,0.8962828,0.92620105,0.94401735,0.9342182,0.008229367,0.93132347,0.92620105,0.94401735,0.9342182,0.008229367,0.93132347,0.89489996,0.91828144,0.9036805,0.011284316,0.8962828,0.96491987,0.9733884,0.9680705,0.004098093,0.96537507,0.9750307,0.9813669,0.9774498,0.0027789727,0.9758289,0.8183973,0.8437502,0.8286396,0.01107713,0.8226881,95.767075,96.524734,96.2062,0.29266307,96.23836,96.05089,96.40168,96.26023,0.14637136,96.272446,2.0632446,2.408744,2.2753553,0.15583526,2.3637958,0.37353516,0.45385742,0.41967773,0.036665827,0.4375,27,33,29.6,2.4083189157584592,29.0,PD-L1,64,FreeBindCraft (BindCraft),SolubleMPNN,15,non_binder,0.9809447693824768,binder
71e638c9-75c9-5674-8c1d-889c55b5d04b,0.0157,0.05017,0.027848,0.014051728363443408,0.0222,0.0,0.05882,0.011764,0.026305103687307523,0.0,6.8876,11.3397,9.04242,2.0560127083751207,8.5639,34.1071,48.4111,41.548700000000004,5.433867568776404,43.2272,0.0,0.010544747,0.0021089495,0.004715754,0.0,0.0,0.011779171,0.0045019872,0.0061757336,0.0,0.0,0.010730765,0.0042551025,0.00582691,0.0,0.0,0.011779171,0.0023558342,0.0052678054,0.0,0.24166076,0.4350272,0.320329,0.08239869,0.3015447,0.5831395,0.6471292,0.6028183,0.026250614,0.59166014,0.0,0.07739511,0.030294735,0.034142777,0.020946559,80.63972,81.60942,81.22843,0.4210696,81.39235,83.47463,83.97621,83.75484,0.21677504,83.836,17.547615,22.18709,19.854778,2.1730068,19.385273,8.0546875,12.765625,10.739062,2.1034973,10.890625,21,53,40.0,14.474114826130128,48.0,EGFR,85,Genie3,SolubleMPNN,10,non_binder,0.1584480822086334,non_binder
71ed140e-e671-571d-a726-03c567c22bad,0.13237,0.26146,0.16254200000000002,0.055517827497120247,0.14181,0.12903,0.22581,0.17419400000000002,0.0367820592136982,0.16129,4.6316,9.2059,7.86474,1.874275178035499,8.418,9.1421,16.4878,14.545179999999998,3.0750488560346483,15.4065,0.011914591,0.065496445,0.034297135,0.02377952,0.030560873,0.029711705,0.098313734,0.059453506,0.028679146,0.059493296,0.029711705,0.098313734,0.059453506,0.028679146,0.059493296,0.011914591,0.065496445,0.034297135,0.02377952,0.030560873,0.17967367,0.23063497,0.20387264,0.0220725,0.20361689,0.5840465,0.61689144,0.59955925,0.013476969,0.5983651,0.13534862,0.16996616,0.1503562,0.013960499,0.14660409,75.96213,77.53385,76.62156,0.5735906,76.49497,83.4001,84.62358,84.03497,0.46305105,83.92408,11.626513,13.300568,12.402613,0.70086443,12.481668,5.53125,6.4296875,6.1140623,0.35655525,6.1914062,47,60,52.8,5.263078946776307,52.0,BBF-14,80,BoltzGen,SolubleMPNN,15,non_binder,0.4753744947910308,non_binder
72141c1d-5c4c-5e9c-8ea7-37680c2504e4,0.02413,0.66245,0.330362,0.3217838734236934,0.31266499999999997,0.0,0.47059,0.20904700000000004,0.22121396053243214,0.16967500000000002,1.3331,25.0692,13.07527,12.301981568209063,12.8881,1.5945,31.2655,16.32501,15.322044891190817,16.2651,0.17397317,0.87471104,0.6311632,0.278205,0.7525147,0.24401516,0.8928093,0.6798209,0.25111482,0.7786535,0.41337693,0.8928093,0.7609563,0.17528893,0.85191476,0.17397317,0.87471104,0.6311632,0.278205,0.7525147,0.7650952,0.96570694,0.91457826,0.07247445,0.9511039,0.8054914,0.96870524,0.9273607,0.058872893,0.95693815,0.18776007,0.6947676,0.53347844,0.1947693,0.6201085,71.423294,90.93568,83.35323,7.992576,85.30182,85.736336,91.08626,88.55873,1.8717791,88.764114,4.3344755,11.880247,6.519366,2.76026,5.2878075,0.7871094,4.4570312,1.7603515,1.3078357,1.0983887,62,74,68.4,3.8355066303046725,68.0,TNFa,110,PXDesign,SolubleMPNN,34,non_binder,0.8272972106933594,binder
7253e611-8883-5bff-8b56-4f54a723bb57,0.12002,0.71206,0.550938,0.2254460175740525,0.63861,0.0,0.625,0.41875,0.22057768220944043,0.46875,1.3366,6.94,2.52882,2.297920752332421,1.4739,1.784,12.9116,4.3547899999999995,4.427497734349129,2.42595,0.010978726,0.76013553,0.5666634,0.20531777,0.6066191,0.011072833,0.863959,0.7119514,0.24889456,0.77529764,0.010978726,0.863959,0.71194196,0.248924,0.77529764,0.011072833,0.76013553,0.5666728,0.20528947,0.6066191,0.32822877,0.9357904,0.8371382,0.18000357,0.88437855,0.8184986,0.95793366,0.89944094,0.052533675,0.905545,0.06435079,0.63748306,0.5031896,0.16052124,0.5291924,90.146614,92.125435,91.32472,0.7122939,91.46695,83.175285,92.8003,88.564835,4.255146,89.82558,4.724695,13.891766,7.610692,2.7896762,7.2499924,1.2939453,8.8515625,2.530664,2.2351675,1.9506836,27,61,49.2,10.14122499723009,50.5,Nipah-G,104,Proteina-Complexa,Caliby (SolubleCaliby),27,non_binder,0.9482505631446837,binder
725e825f-1b2b-5d25-9d7f-e6ceb7e16a74,0.01471,0.42659,0.216471,0.21121967992537477,0.215465,0.0,0.21023,0.097159,0.10267343835351642,0.09091,3.5865,17.2255,10.184360000000002,6.843263926616695,9.32835,2.082,43.6118,22.17117,20.77466768099232,19.6779,0.011139364,0.870585,0.51223826,0.36030608,0.5305146,0.011203473,0.87893414,0.63955593,0.2744379,0.6939517,0.011203473,0.9177137,0.6670776,0.29829305,0.7297904,0.011139364,0.870585,0.51223826,0.36030608,0.5305146,0.85590005,0.98148334,0.94334185,0.04149707,0.9500696,0.9063721,0.9838804,0.95910037,0.025226014,0.9622958,0.051189378,0.70342654,0.468609,0.2404685,0.49430493,78.12436,93.226845,88.39573,5.041603,89.08299,94.63206,96.328156,95.82628,0.5029964,95.86981,3.8365831,20.958788,8.130789,5.3576975,7.024681,0.5722656,8.9375,2.5438476,2.6441603,1.8566895,21,54,39.2,14.718091663738958,42.5,15-PGDH,67,RFdiffusion3,SolubleMPNN,34,non_binder,0.6854312884807587,binder
72a9be62-67df-5cb9-97fa-83578beee2e1,0.94449,0.9714,0.958708,0.010874933103242538,0.96208,0.9375,1.0,0.975,0.03423265984407289,1.0,0.4262,0.4934,0.46322,0.03073576093087658,0.4667,0.6829,1.1355,0.90252,0.21678794246913272,0.9003,0.81780785,0.8467777,0.8276466,0.011725223,0.8232052,0.8596305,0.8794105,0.8651538,0.008144259,0.8628322,0.8596305,0.8794105,0.8651538,0.008144259,0.8628322,0.81780785,0.8467777,0.8276466,0.011725223,0.8232052,0.93734026,0.9477891,0.94063234,0.004280879,0.938327,0.9495111,0.9570093,0.95130527,0.0032013617,0.95014834,0.7081308,0.73296386,0.7147875,0.010406429,0.7109035,95.848694,96.23539,96.05978,0.16048875,96.133705,96.119385,96.31799,96.1953,0.08125339,96.17415,3.4507916,3.8211706,3.72622,0.15581508,3.7752323,0.57373047,0.66259766,0.6287109,0.03703799,0.63964844,32,36,34.2,1.6431676725154991,35.0,IL-7Ra,85,PXDesign,SolubleMPNN,14,binder,0.9773847579956054,binder
72aa31a0-aee1-4946-9d28-933448bd9312,0.42286,0.45886,0.438956,0.017579598402693946,0.43068,0.14815,0.22222,0.18518600000000002,0.03703500006750371,0.18519,2.234,2.454,2.34914,0.08470134591610695,2.3721,3.5664,3.7806,3.68666,0.08329362520625459,3.679,0.0,0.5304178,0.3032097,0.1686821,0.31231815,0.010627857,0.70225424,0.48999158,0.20460753,0.5540699,0.010627857,0.7920692,0.58640146,0.23505545,0.67219853,0.0,0.5304178,0.3032097,0.1686821,0.31231815,0.84081244,0.9452423,0.91312885,0.034047417,0.9243239,0.88135,0.954101,0.9309074,0.02435679,0.93840015,0.048189946,0.5911093,0.41123563,0.17006627,0.4678718,79.664246,87.42976,83.83948,2.779945,83.41783,87.681725,89.19893,88.45946,0.4486503,88.42064,5.5847754,15.450815,8.187544,2.9571753,7.163931,1.7265625,9.5,3.6230469,2.3120856,2.7666016,33,48,38.9,4.954235000930462,38.5,TNFa,70,RFdiffusion,SolubleMPNN,37,non_binder,0.8380305755138397,binder
72cc7728-3d85-5f7a-aabc-ae823fb93019,0.3552,0.49683,0.41662800000000005,0.06151908552997552,0.37902,0.35849,0.44262,0.412599,0.02362202524481478,0.41561,3.2209,5.1502,4.27918,0.8276874635593636,4.73825,3.1639,7.0498,5.32945,1.7942831383467759,6.51965,0.41694868,0.8736205,0.6850388,0.16901937,0.7075906,0.742422,0.8760293,0.8187521,0.038149197,0.818439,0.742422,0.9347305,0.853003,0.06493871,0.85730577,0.41694868,0.8736205,0.6850388,0.16901937,0.7075906,0.9420404,0.9810387,0.9673896,0.0130903,0.96952146,0.95585555,0.9833158,0.97354764,0.009305071,0.9749366,0.4557337,0.6929233,0.59565467,0.08441448,0.6064912,72.1159,92.78635,82.311035,8.628543,81.631,94.264854,97.16435,95.65576,1.1366513,95.61481,3.9828253,7.7144427,5.577233,1.3809683,5.4874697,0.5576172,1.984375,1.0284668,0.4974336,0.9411621,61,88,71.2,10.726913193769521,66.0,15-PGDH,80,RFdiffusion3,SolubleMPNN,38,non_binder,0.8435468816757202,binder
731dfb45-5639-57d7-a4c9-ac8323f07c6d,0.7976,0.85496,0.838296,0.02355464136852864,0.84448,0.65385,0.75,0.715386,0.03940977264588057,0.71154,0.6698,0.8308,0.71148,0.0670655425684457,0.6847,0.9128,1.397,1.0917999999999999,0.1951237043518804,1.089,0.88308614,0.9052233,0.89601487,0.010906553,0.9018093,0.9236249,0.9395829,0.9329103,0.0064639505,0.9322061,0.9236249,0.9395829,0.9329103,0.0064639505,0.9322061,0.88308614,0.9052233,0.89601487,0.010906553,0.9018093,0.97030795,0.9768528,0.9741348,0.0032601005,0.9758992,0.9688536,0.9731206,0.9714508,0.0017706014,0.9717241,0.7421709,0.76371163,0.7534233,0.009289457,0.75037503,89.12607,91.45981,90.51552,0.9198698,90.88214,95.40917,95.761215,95.6422,0.14182435,95.65443,3.008162,3.4065387,3.1932533,0.17648543,3.1827354,0.5019531,0.5761719,0.5390625,0.03428416,0.5283203,66,87,78.4,9.12688336728371,81.0,MBP,99,RFdiffusion3,SolubleMPNN,25,non_binder,0.9779123401641845,binder
732b1118-5224-5e75-a54e-38f6f2246ea9,0.35787,0.40792,0.384098,0.021304406117045375,0.38438,0.05263,0.10526,0.073682,0.028826638201496897,0.05263,3.0016,3.1035,3.05032,0.04565234933713736,3.026,2.4854,3.8369,3.06218,0.5406530884032753,2.8256,0.5013665,0.5402256,0.5206299,0.015054805,0.5192928,0.8831587,0.9121633,0.896537,0.011783542,0.89591557,0.8831587,0.9121633,0.896537,0.011783542,0.89591557,0.5013665,0.5402256,0.5206299,0.015054805,0.5192928,0.91847306,0.9397205,0.92820245,0.008661366,0.9277093,0.85153604,0.87922996,0.86405677,0.012010978,0.86547685,0.5490172,0.58233255,0.56391364,0.012022874,0.5636352,78.458244,83.65057,81.142,1.8606958,81.27059,92.439156,92.84323,92.59733,0.18676943,92.51044,6.6716075,8.344898,7.4667373,0.74067736,7.2692623,0.5722656,0.7026367,0.62890625,0.047958564,0.62939453,39,43,41.2,1.4832396974191326,41.0,BHRF1,85,RFdiffusion,SolubleMPNN,22,non_binder,0.6849553430080414,binder
733f34a1-b00f-57ec-b509-d812812450c1,0.63311,0.79262,0.7256159999999999,0.06130376236414858,0.75043,0.52778,0.75,0.65,0.08470974412663514,0.66667,1.006,1.4367,1.1983599999999999,0.1641491638723756,1.1435,2.0261,3.5702,2.5640799999999997,0.6154083010489865,2.3411,0.22937775,0.6351513,0.48524565,0.16344647,0.5020235,0.4938737,0.7902351,0.67999256,0.11746813,0.68801755,0.4938737,0.7902351,0.67999256,0.11746813,0.68801755,0.22937775,0.6351513,0.48524565,0.16344647,0.5020235,0.6400284,0.90957797,0.82591057,0.10991787,0.85437155,0.89623255,0.95093644,0.9324527,0.021250546,0.9378794,0.3580615,0.6405059,0.5384483,0.1116085,0.5517312,85.55772,87.00335,86.23573,0.54522014,86.13747,95.48104,95.94829,95.738976,0.19548261,95.75149,4.6122127,8.047348,5.8474317,1.3580805,5.6486855,1.5341797,4.171875,2.3929687,1.0612733,2.15625,47,60,53.6,5.683308895353129,52.0,MBP,75,Genie3,SolubleMPNN,18,non_binder,0.9501409101486206,binder
735ef070-5ade-5fd0-a5f6-717a6d57fcf4,0.07154,0.10456,0.088494,0.01327458775254433,0.0843,0.16071,0.25,0.21071399999999998,0.0387144834654939,0.19643,20.507,24.6871,22.656979999999997,1.496364322950798,22.8505,34.1431,39.8603,37.047180000000004,2.094467494854003,37.2862,0.7264599,0.7661109,0.7546716,0.016107384,0.7590304,0.7298868,0.8027527,0.7720236,0.02756654,0.7796751,0.7298868,0.7661109,0.7553569,0.014610201,0.7590304,0.7264599,0.8027527,0.7713383,0.028887039,0.7796751,0.9529935,0.96908283,0.962587,0.006119832,0.964445,0.60365576,0.63042486,0.6182265,0.010578221,0.6197905,0.54825634,0.58735675,0.57163686,0.014564623,0.5756119,90.96851,91.517624,91.19434,0.20099147,91.14916,88.18492,88.690445,88.40598,0.19962676,88.34032,13.014708,14.102992,13.577972,0.41424552,13.589321,0.91748047,1.1542969,0.98583984,0.09730344,0.9375,39,44,42.4,2.0736441353327733,43.0,EGFR,82,PXDesign,SolubleMPNN,16,non_binder,0.5381113278865814,binder
73a81a7d-9437-5252-92b6-5c90cf84cd30,0.02004,0.0297,0.026516,0.0037421557957947192,0.0278,0.0,0.0,0.0,0.0,0.0,10.8305,15.021,11.97776,1.7188088413200582,11.3095,30.9136,36.9605,32.81526,2.375115437826129,31.9473,0.15297124,0.2221877,0.17559676,0.027726077,0.16489972,0.20868519,0.34304008,0.25667912,0.05242019,0.23673265,0.20868519,0.34304008,0.25667912,0.05242019,0.23673265,0.15297124,0.2221877,0.17559676,0.027726077,0.16489972,0.3342326,0.46772894,0.3759377,0.05390718,0.35443968,0.6765156,0.73137677,0.6943654,0.021825975,0.68722486,0.30515924,0.43195692,0.3430675,0.053526543,0.3117816,90.94044,93.44244,92.13933,1.0760484,91.659836,87.31443,89.234,88.339035,0.77113926,88.432335,6.9997373,8.704959,8.154847,0.6854057,8.470403,3.0371094,4.578125,3.9253907,0.5775414,4.0351562,37,43,39.0,2.3452078799117153,38.0,BBF-14,73,RFdiffusion3,SolubleMPNN,10,non_binder,0.4746204471588134,non_binder
740f1242-5b93-5337-8fa5-aa4424a3a00f,0.08868,0.3579,0.15182199999999998,0.11549904943331785,0.10098,0.20408,0.26531,0.232654,0.02738288845246242,0.2449,4.0478,22.1008,17.24974,7.482112583221399,20.5686,4.9223,37.474,29.08236,13.636309703618497,34.6322,0.66950387,0.74996305,0.710214,0.03547624,0.72180957,0.71269816,0.75515145,0.7357604,0.015483909,0.73517036,0.71269816,0.74996305,0.73472273,0.01395819,0.73517036,0.66950387,0.75515145,0.7112517,0.036973838,0.72180957,0.93950814,0.95919204,0.9491868,0.008620126,0.9518317,0.59498,0.6121186,0.6047594,0.006346362,0.606586,0.54014796,0.57874215,0.56341726,0.014801772,0.56343776,91.30875,92.384094,91.8738,0.48085114,92.07491,86.10741,88.29318,87.673355,0.886861,87.96102,13.538536,14.431613,13.952151,0.3215605,13.964201,1.0351562,1.3945312,1.2042968,0.15101932,1.1416016,34,47,38.0,5.244044240850758,36.0,EGFR,82,PXDesign,SolubleMPNN,16,non_binder,0.6832036674022675,binder
7443834b-dd81-59e2-95f5-c2ff7045c3eb,0.02602,0.69484,0.382897,0.261578350618361,0.493225,0.0,0.75,0.38125,0.28784701279981656,0.5,1.7736,17.5343,7.090860000000001,7.0536550760265815,3.04225,2.5486,30.7964,11.65465,12.02947230857521,4.871449999999999,0.0,0.6216724,0.3219427,0.24510072,0.39936447,0.0,0.82616913,0.4922239,0.3540923,0.6767726,0.0,0.82616913,0.4922239,0.3540923,0.6767726,0.0,0.6216724,0.3219427,0.24510072,0.39936447,0.13531929,0.9090417,0.64178157,0.27856433,0.7691328,0.7708554,0.946468,0.8752352,0.06380113,0.89048386,0.0,0.5673944,0.34487882,0.23051322,0.4593637,87.64852,91.1121,89.477646,1.326324,89.8293,84.94361,93.43112,89.844894,3.8293028,91.42305,5.903695,24.374584,10.842406,5.8553286,8.857068,1.4472656,15.609375,5.213965,4.6747394,2.8808594,10,60,39.7,15.520953578952552,41.5,Nipah-G,93,Genie3,ProteinMPNN,33,non_binder,0.8630327832698821,binder
745be003-ec91-56ab-8f36-88fb04bfbe4d,0.67089,0.79225,0.720901,0.03963162470384815,0.71109,0.66667,0.81481,0.753704,0.04369192150094166,0.75926,0.8771,1.8574,1.37052,0.38820637924806034,1.4238499999999998,2.6412,4.8698,3.54007,0.7579051671108552,3.4175,0.42253906,0.8649115,0.66350716,0.18829009,0.6888504,0.6161528,0.8729795,0.75451744,0.10242635,0.77026844,0.6161528,0.8836755,0.7612701,0.109228864,0.77671975,0.42253906,0.8649115,0.66350716,0.18829009,0.6888504,0.81880623,0.930502,0.8831221,0.041455805,0.89169466,0.8521572,0.94088864,0.90128314,0.03404316,0.90569425,0.52012825,0.7344953,0.6364605,0.08497341,0.64669746,94.813126,96.27169,95.587006,0.536591,95.56661,95.22179,96.15359,95.76559,0.35286957,95.78706,3.4238791,6.11476,4.633959,1.0536714,4.505548,0.57421875,2.2792969,1.3232422,0.7131471,1.2092285,25,34,31.2,2.394437999475729,31.5,VEGF-A,85,BoltzGen,SolubleMPNN,24,non_binder,0.9602388048171997,binder
74a41971-27c8-5ce8-9f95-acea5bcc692a,0.01194,0.68706,0.315036,0.32119668855356803,0.292775,0.0,0.84,0.396,0.4180164802705484,0.38,0.6334,15.5344,8.09926,7.752927448562038,8.07815,8.1048,51.4752,33.98901,18.69821128863222,37.36565,0.013226774,0.8624712,0.48212504,0.3725665,0.47965708,0.083476186,0.9317947,0.62111557,0.3270625,0.67556936,0.083476186,0.8624712,0.57864183,0.2855526,0.61270046,0.013226774,0.9317947,0.5245988,0.41634747,0.54252595,0.75718313,0.9758135,0.8816344,0.0947792,0.890437,0.73582244,0.9367651,0.8170248,0.060110226,0.8058207,0.09018876,0.7843987,0.47669125,0.2964494,0.48647094,85.25704,92.59384,89.30367,3.2129107,89.69008,75.79593,79.85121,78.18045,1.2052618,78.33659,3.3839068,15.976053,9.692789,4.1588407,10.021079,0.3623047,8.0390625,3.0968506,2.954877,2.6228027,26,42,35.9,4.508017549014448,37.0,RBX1,71,Genie3,Caliby (SolubleCaliby),15,non_binder,0.8027007949352263,binder
74b11f4e-57bc-5ad1-8f87-db27de2da70c,0.86227,0.92352,0.8947200000000001,0.023579706317085464,0.90011,0.68421,0.84211,0.7684200000000001,0.060010502414160755,0.78947,0.3708,0.4497,0.41888000000000003,0.035258147994470725,0.4323,0.6733,1.0618,0.91278,0.15249198995357102,0.9537,0.8596636,0.8734155,0.8652984,0.0071872803,0.8608189,0.89613795,0.90821743,0.90123254,0.0054441015,0.89927346,0.89613795,0.90821743,0.90123254,0.0054441015,0.89927346,0.8596636,0.8734155,0.8652984,0.0071872803,0.8608189,0.94148684,0.94882524,0.9446149,0.0032718347,0.9434322,0.95797884,0.96329165,0.9600735,0.0024347377,0.9587415,0.78148615,0.79413456,0.78621805,0.005981719,0.78235835,97.451035,97.566055,97.50478,0.047327228,97.48415,97.661255,97.714294,97.685936,0.024978574,97.67474,2.6509762,2.8523428,2.7674944,0.089356765,2.813542,0.5644531,0.61621094,0.596875,0.021860063,0.6015625,31,38,33.6,2.701851217221259,33.0,TrkA,85,RFdiffusion3,SolubleMPNN,13,non_binder,0.9797394847869872,binder
74bb8a2f-1fa4-53a0-9719-cde923fc3840,0.84543,0.9378,0.8850279999999999,0.026878719711573542,0.883975,0.77419,0.92857,0.847925,0.057333142102394256,0.83871,0.4993,0.7999,0.64618,0.10269976522747157,0.637,1.0635,2.5434,1.56608,0.4907411668984873,1.5655999999999999,0.757967,0.88337535,0.83352816,0.051042765,0.8468436,0.810474,0.8852479,0.85705864,0.029018553,0.86615074,0.810474,0.89680666,0.862043,0.03387556,0.86935365,0.757967,0.88337535,0.83352816,0.051042765,0.8468436,0.9200899,0.9404776,0.9300448,0.006105846,0.9318444,0.9175393,0.94102496,0.9326811,0.00777671,0.9346045,0.64143056,0.724931,0.6925651,0.03132905,0.70070535,96.31875,97.39197,96.98485,0.34716827,97.016785,95.86303,96.441345,96.25632,0.1745632,96.27809,3.5876777,4.678261,4.003117,0.4040332,3.8799052,0.52978516,0.9746094,0.7041992,0.18025962,0.6706543,13,17,14.3,1.6363916944844774,13.5,VEGF-A,90,RFdiffusion,SolubleMPNN,7,binder,0.9781700563430785,binder
74c2f4b5-2c9f-55e9-9b3f-fb51106d73f5,0.66328,0.75604,0.714646,0.03869789955540224,0.73001,0.47059,0.70588,0.6,0.09665629544939115,0.64706,1.0975,1.2564,1.1975799999999999,0.0629534907689796,1.1978,1.9165,2.5655,2.2715199999999998,0.23468287538719146,2.3035,0.8620222,0.9119976,0.87989295,0.020186437,0.8763392,0.90590304,0.93921745,0.9185082,0.012553136,0.9142985,0.90590304,0.93921745,0.9185082,0.012553136,0.9142985,0.8620222,0.9119976,0.87989295,0.020186437,0.8763392,0.9487729,0.967639,0.9558197,0.0071199564,0.95356125,0.95654607,0.9728767,0.9617008,0.0065833335,0.9602582,0.78102,0.8208862,0.79371846,0.01576091,0.78953415,95.527,95.88481,95.73653,0.16343702,95.83579,95.88291,96.25575,96.059814,0.14418983,96.01711,2.332835,2.982979,2.7564487,0.2501996,2.7954233,0.42529297,0.53466797,0.48217773,0.040337913,0.48046875,48,55,51.6,3.049590136395381,52.0,TrkA,90,RFdiffusion3,SolubleMPNN,31,non_binder,0.9775320744514464,binder
751f3acd-7a0b-539e-b37a-953e2a76db8a,0.47186,0.59584,0.518027,0.045987053745833985,0.494885,0.38333,0.53846,0.455129,0.059232954125591666,0.44999999999999996,1.7459,2.7989,2.31361,0.4468942118170201,2.35625,3.9207,4.7502,4.3812,0.2811001561326104,4.371650000000001,0.7082629,0.878608,0.8037982,0.068171665,0.8200245,0.7866564,0.88155645,0.84014,0.0341028,0.84866965,0.7866564,0.89659303,0.847682,0.04142115,0.8559983,0.7082629,0.878608,0.8037982,0.068171665,0.8200245,0.9074085,0.93389696,0.9227432,0.008725421,0.9256425,0.90983224,0.9454962,0.92995816,0.012298756,0.9327941,0.63613826,0.74167603,0.6930089,0.039449707,0.6982817,93.62643,95.09896,94.53963,0.49868384,94.63197,95.41506,95.89993,95.673744,0.12714422,95.69354,3.2194183,4.693311,3.8880458,0.5355489,3.8282075,0.6191406,1.1181641,0.82485354,0.1892728,0.7819824,34,41,38.0,2.054804667656325,38.5,VEGF-A,84,Proteina-Complexa,designed jointly by the structure model (native co-design),29,binder,0.9455156874656676,binder
753404fd-f71a-5283-ab83-f630aac46a5d,0.68315,0.73891,0.71578,0.025964656747201525,0.72848,0.875,1.0,0.95,0.06846531968814579,1.0,2.2243,2.3554,2.2725400000000002,0.060071981821811116,2.2358,2.7519,3.0504,2.93094,0.11156546508664757,2.9509,0.88397104,0.8934493,0.88982713,0.003778773,0.8895817,0.8874957,0.89457035,0.8912014,0.0027852939,0.8907514,0.8874957,0.8934493,0.8906778,0.0025957096,0.8899458,0.88397104,0.89457035,0.8903507,0.0040512495,0.8907514,0.96366745,0.96736896,0.9658898,0.0014121311,0.96600735,0.9541962,0.95674026,0.9555311,0.0011948004,0.9561836,0.72448975,0.7330959,0.7285105,0.0036869745,0.7277538,96.423965,96.57684,96.50184,0.060819186,96.521904,96.36526,96.58017,96.49326,0.08109714,96.522224,3.5543861,3.6729002,3.617442,0.04410942,3.6273088,0.49291992,0.55371094,0.52075195,0.024543116,0.5131836,48,53,50.4,2.0736441353327724,50.0,IL-7Ra,82,BoltzGen,SolubleMPNN,29,non_binder,0.9503937196731567,binder
7641c4ba-9592-55c9-a25b-6d2d25bd77eb,0.54447,0.60242,0.566812,0.02443230177449516,0.55413,0.77778,0.88889,0.8296279999999999,0.04222902816783729,0.81481,0.9426,1.1518,1.0442,0.0777878203833993,1.0343,14.0244,19.4971,17.4349,2.2195441513968586,18.2412,0.6578641,0.7448175,0.714296,0.033758994,0.72484064,0.73911524,0.7644019,0.75668484,0.010347359,0.7616266,0.73911524,0.7644019,0.75668484,0.010347359,0.7616266,0.6578641,0.7448175,0.714296,0.033758994,0.72484064,0.942515,0.9615996,0.95512545,0.00744115,0.95774645,0.6128221,0.6521911,0.6307651,0.014405854,0.6289608,0.5290764,0.56050307,0.55166984,0.012982003,0.5573441,91.1525,91.76491,91.49442,0.23362008,91.47254,89.155525,89.55676,89.373085,0.14945534,89.397896,12.610322,13.899815,13.251683,0.46636257,13.263797,0.8520508,1.0751953,0.93408203,0.08501214,0.90283203,21,28,24.4,3.0495901363953806,24.0,EGFR,74,Proteina-Complexa,SolubleMPNN,14,non_binder,0.9269732069969177,binder
7680b74d-d25a-53bc-95d0-d308ab07cc09,0.90673,0.94496,0.928606,0.014767758123696352,0.92788,0.90909,0.90909,0.90909,0.0,0.90909,0.413,0.6479,0.5133,0.09065321284984888,0.5259,0.5224,1.537,1.06748,0.3994462254171392,1.0833,0.8353047,0.8770968,0.8506193,0.01693453,0.84921306,0.8615361,0.88776743,0.86976755,0.01082522,0.86406666,0.8615361,0.88776743,0.86976755,0.01082522,0.86406666,0.8353047,0.8770968,0.8506193,0.01693453,0.84921306,0.9410598,0.9575973,0.9471757,0.00669371,0.9466644,0.94729537,0.9599027,0.95204526,0.0049175764,0.9505587,0.705444,0.7277397,0.7115459,0.009334033,0.706837,95.53139,96.81379,96.36308,0.554571,96.65715,96.64608,96.775246,96.72966,0.055491608,96.76249,3.463396,3.75009,3.68232,0.123263136,3.7364662,0.5390625,0.6972656,0.6255859,0.06152673,0.6357422,45,51,47.6,2.1908902300206643,47.0,IL-7Ra,91,RFdiffusion3,SolubleMPNN,15,non_binder,0.9832692384719848,binder
76fc6545-bdbf-5406-8081-9d8ce88de0a6,0.00801,0.65427,0.3124,0.3176411419615958,0.29922,0.0,0.5,0.222222,0.23715246032879359,0.194445,1.4644,21.724,10.56092,9.555892544486767,9.40935,1.8173,60.7004,26.69355,26.35552975627485,21.74765,0.0,0.4236721,0.15871575,0.15647128,0.16142823,0.0,0.746083,0.3647117,0.32255295,0.49781084,0.0,0.746083,0.3647117,0.32255295,0.49781084,0.0,0.4236721,0.15871575,0.15647128,0.16142823,0.113287,0.84503174,0.4966251,0.3017183,0.590299,0.7679055,0.9511086,0.8670387,0.0658925,0.8805325,0.0,0.5425298,0.24237542,0.21768557,0.2981134,83.09264,87.0028,85.01588,1.1484717,85.02314,82.755226,92.825005,87.80438,4.8346853,87.842865,5.9403152,25.61301,13.87188,7.5344486,9.533496,2.3652344,15.515625,7.7208986,5.2969832,5.0507812,16,73,40.2,19.083442503326747,46.5,Nipah-G,67,Genie3,ProteinMPNN,28,non_binder,0.6417509663105011,binder
7705d04a-e1b1-504d-9a36-a020d11c759a,0.79499,0.97669,0.8637370000000001,0.06659959510220591,0.84561,0.64706,1.0,0.752941,0.14084919582857244,0.70588,0.3484,0.7682,0.5925499999999999,0.146068068226959,0.6271,0.7882,2.0371,1.25982,0.4433495580990993,1.1417,0.23025467,0.6925266,0.45987415,0.17506608,0.47038063,0.59243786,0.85848784,0.7387061,0.09270668,0.7549313,0.59243786,0.85848784,0.7387061,0.09270668,0.7549313,0.23025467,0.6925266,0.45987415,0.17506608,0.47038063,0.64475524,0.9402253,0.8171145,0.11641265,0.8467839,0.82421714,0.9452568,0.8925785,0.047505565,0.91485393,0.32919794,0.58671653,0.47137356,0.087061524,0.4889756,86.40821,94.55703,90.95015,3.2371485,91.218056,83.12538,92.28629,88.79819,3.6529667,90.07492,6.7586193,10.297969,8.282733,1.2286546,8.2717705,1.1308594,3.890625,2.3984375,1.0385991,2.1547852,20,49,27.7,8.138386408455508,25.0,Nipah-G,80,PXDesign,SolubleMPNN,15,non_binder,0.9405563449859619,binder
77134701-f586-5f7d-9894-ae951046034b,0.8776,0.93949,0.900146,0.023633889438685232,0.89183,0.79412,0.91176,0.8411760000000001,0.044602473361911206,0.82353,0.4647,0.6216,0.57568,0.06307330655673604,0.5961,0.6462,1.0395,0.91744,0.15920179961294406,0.953,0.83392006,0.853626,0.84158957,0.007866409,0.8390668,0.9324694,0.94413024,0.9378384,0.0042530866,0.93784887,0.9324694,0.94413024,0.9378384,0.0042530866,0.93784887,0.83392006,0.853626,0.84158957,0.007866409,0.8390668,0.9745363,0.978106,0.97593987,0.0014243408,0.9755475,0.9723634,0.9749442,0.97343236,0.0010035327,0.97344667,0.7624554,0.7806794,0.77046716,0.006653776,0.7687096,84.80574,86.080215,85.415054,0.578175,85.13266,95.92843,96.34274,96.24298,0.17675024,96.323715,2.8318105,3.075183,2.9919937,0.09357382,3.0223532,0.55908203,0.6225586,0.5942383,0.026619166,0.6069336,48,58,52.8,3.5637059362410923,53.0,MBP,61,RFdiffusion3,SolubleMPNN,16,non_binder,0.9780962228775024,binder
77f58836-1c6a-588c-90ee-965b45c2deef,0.79546,0.80825,0.801548,0.004890303671552524,0.80005,0.59091,0.63636,0.6,0.020325857915473092,0.59091,0.6006,0.7371,0.66404,0.052574356867202875,0.6484,1.3256,1.7726,1.5197399999999999,0.1733180688791564,1.4505,0.88891816,0.9087263,0.89612675,0.0076002236,0.8949748,0.92244196,0.9335072,0.92784613,0.003956024,0.9273423,0.92244196,0.9335072,0.92784613,0.003956024,0.9273423,0.88891816,0.9087263,0.89612675,0.0076002236,0.8949748,0.95489514,0.9615521,0.9581488,0.002379985,0.9578441,0.9663961,0.97169054,0.96831065,0.0019992369,0.9678638,0.7885127,0.8020934,0.79160154,0.005898689,0.78879696,97.09969,97.25335,97.167435,0.06479962,97.13626,97.162346,97.25251,97.21879,0.035089564,97.22096,2.5475538,2.7700777,2.69412,0.085287616,2.7230194,0.47192383,0.56591797,0.5262207,0.034410667,0.5283203,31,34,32.6,1.1401754250991383,33.0,PD-L1,88,FreeBindCraft (BindCraft),SolubleMPNN,13,binder,0.9801010584831237,binder
784f0042-7492-5651-9c80-2a0f6a93d3d0,0.00972,0.01187,0.010381999999999999,0.0009489046316674828,0.00978,0.0,0.0,0.0,0.0,0.0,20.301,24.7744,23.42542,1.7784630786159144,24.0171,48.1808,52.7653,51.144,2.185780691194798,52.6017,0.0,0.0,0.0,0.0,0.0,0.0,0.0,0.0,0.0,0.0,0.0,0.0,0.0,0.0,0.0,0.0,0.0,0.0,0.0,0.0,0.09438726,0.11373094,0.10087637,0.008252923,0.09587621,0.7819151,0.78457487,0.7829732,0.0011482141,0.7824297,0.0,0.0,0.0,0.0,0.0,76.81473,84.8257,79.34816,3.1500425,78.36458,94.582726,95.80843,95.041664,0.47710344,94.95339,23.486532,25.671936,24.84849,0.9071952,25.147285,14.078125,16.828125,15.089063,1.0771848,14.984375,9,27,17.6,7.162401831787993,20.0,MBP,100,RFdiffusion3,Caliby (SolubleCaliby),21,non_binder,0.24862310171127316,non_binder
78d12510-a3b5-568b-aa9e-13a0779b90a4,0.60385,0.91261,0.77383,0.11291185943026535,0.78657,0.5,1.0,0.7,0.2091650066335189,0.75,0.7993,1.74,1.0527000000000002,0.39973755765501945,0.8483,1.5647,3.0608,2.0795000000000003,0.5792479175620746,1.9954,0.5795338,0.7229899,0.6514929,0.051892955,0.65846294,0.6752063,0.7903807,0.74738324,0.044557758,0.76366687,0.6752063,0.7903807,0.74738324,0.044557758,0.76366687,0.5795338,0.7229899,0.6514929,0.051892955,0.65846294,0.8369155,0.9063812,0.87376964,0.02525437,0.8787872,0.91510725,0.9432665,0.9291407,0.010054863,0.9294971,0.5981628,0.691828,0.64515424,0.033402253,0.644846,94.965904,95.64639,95.37196,0.29362082,95.500885,95.87328,96.35024,96.18974,0.19487089,96.28305,3.91764,5.122033,4.494946,0.42936862,4.4783673,0.9589844,1.5039062,1.2794921,0.20286474,1.3300781,28,34,30.0,2.449489742783178,30.0,IL-7Ra,76,RFdiffusion3,SolubleMPNN,26,binder,0.9426899218559265,binder
792a7865-8de9-5092-9895-84bf48063dac,0.75814,0.82893,0.786108,0.0290683551306227,0.77458,0.57143,0.75,0.67143,0.07742804433795292,0.71429,0.6873,1.0234,0.87354,0.12165620822629648,0.8788,1.6287,2.776,2.1125999999999996,0.4639330609042644,2.0302,0.6756648,0.8815735,0.8122074,0.081052534,0.8266773,0.7585808,0.91904527,0.8622657,0.0633142,0.8670006,0.7585808,0.91904527,0.8622657,0.0633142,0.8670006,0.6756648,0.8815735,0.8122074,0.081052534,0.8266773,0.83605605,0.94872624,0.9126736,0.044893175,0.922196,0.9204522,0.9680205,0.95307124,0.019077817,0.9573402,0.64774114,0.75185573,0.71669346,0.040832598,0.72411203,92.506355,95.428734,93.66285,1.4537526,92.72849,91.28585,94.08461,92.37293,1.2573429,91.680405,3.2088292,4.466545,3.6279855,0.49770075,3.5608723,0.5229492,1.0498047,0.740625,0.20246175,0.7607422,55,66,61.8,4.147288270665544,62.0,BHRF1,105,Proteina-Complexa,designed jointly by the structure model (native co-design),32,non_binder,0.975891032218933,binder
794a698c-1430-54dc-8d46-ece3503938f5,0.00821,0.89016,0.357102,0.4666027486738585,0.03325,0.0,0.83673,0.32653,0.43841767089158257,0.02041,0.6447,25.931,13.86188,12.622933664841941,16.2172,0.8683,57.6186,29.486080000000005,28.128462342385514,30.7795,0.0,0.4885832,0.23196454,0.2181517,0.11884972,0.0,0.7976757,0.4322466,0.34625328,0.32748985,0.0,0.7976757,0.4322466,0.34625328,0.32748985,0.0,0.4885832,0.23196454,0.2181517,0.11884972,0.1563817,0.84146655,0.5417701,0.28679094,0.4536035,0.8196104,0.94067514,0.8838606,0.052442607,0.86350733,0.026041666,0.5768706,0.298963,0.24782412,0.18258652,68.15913,74.07213,70.1664,2.6542287,68.6475,93.90783,95.81922,94.72896,0.9566764,94.21672,5.3197627,19.90347,11.280953,6.0358534,12.718999,2.34375,11.453125,5.3972654,3.680426,5.1171875,34,83,60.2,21.74166506963071,66.0,MBP,80,RFdiffusion3,SolubleMPNN,18,non_binder,0.8576552069187163,binder
794f52a1-79f6-5bbb-bc58-fc2db99f0c04,0.0124,0.88114,0.4337730000000001,0.43965294499816054,0.414325,0.0,1.0,0.44000000000000006,0.469515116310907,0.4,0.6135,21.0326,9.35941,9.185295331664022,7.80445,2.5234,46.6505,21.50395,19.893116051050313,18.995099999999997,0.0,0.45189947,0.20973054,0.2219595,0.19447333,0.0,0.74607617,0.36825085,0.3882235,0.36272636,0.0,0.74607617,0.36825085,0.3882235,0.36272636,0.0,0.45189947,0.20973054,0.2219595,0.19447333,0.7984784,0.93791616,0.87081826,0.06351583,0.88351023,0.69662255,0.87993413,0.77771515,0.08119386,0.77554,0.0,0.4374443,0.21128134,0.222805,0.20751752,61.95833,83.021484,72.7672,9.686381,72.42581,85.03205,87.063576,86.09682,0.595184,86.19766,14.8680725,27.9261,20.593477,5.974124,18.740168,1.9033203,22.4375,10.940918,9.565086,8.503906,33,76,51.0,10.614455552060438,51.0,Cas9,64,BoltzGen,SolubleMPNN,54,non_binder,0.6625495147705077,binder
79602c7c-cdc0-540b-89a9-b458db2c6d4e,0.01147,0.76721,0.353975,0.3579820863379743,0.31415,0.0,0.64516,0.27742,0.2945535981409458,0.258065,0.9894,20.8316,9.92165,9.270640430622304,9.654,1.7429,48.9553,21.898220000000002,20.32571583874313,21.20525,0.0,0.52590525,0.2195442,0.2341151,0.19155304,0.0,0.7180549,0.33258834,0.35135445,0.31402436,0.0,0.7180549,0.33258834,0.35135445,0.31402436,0.0,0.52590525,0.2195442,0.2341151,0.19155304,0.77678704,0.9452529,0.8692422,0.060367785,0.87343425,0.6861922,0.8786125,0.77862054,0.084678166,0.7706258,0.0,0.43986735,0.20265119,0.21409878,0.1904498,75.14677,87.70017,81.61118,5.8752127,82.026505,84.82032,86.41468,85.75579,0.50443107,85.77732,14.304711,27.781015,20.975473,6.1169114,20.936352,1.9160156,22.375,11.166211,9.358318,10.509766,52,82,61.4,8.435375246872871,59.5,Cas9,74,BoltzGen,designed jointly by the structure model (native co-design),18,non_binder,0.744269083738327,binder
799d3d12-97a7-5aa1-aeff-3853759c4624,0.0198,0.27357,0.135713,0.12199955810940007,0.13045500000000002,0.0,0.7619,0.34762,0.36752200792756756,0.333335,14.9709,18.1108,16.26237,1.2726479796515267,16.1237,35.1774,38.5446,36.71951,1.0113569217750105,36.50945,0.014033913,0.8494749,0.48219925,0.37513492,0.5293746,0.047445454,0.90693367,0.5628219,0.36584735,0.657272,0.047445454,0.8494749,0.5342808,0.33767712,0.62843704,0.014033913,0.90693367,0.5107404,0.40478128,0.55820954,0.75627667,0.96846324,0.8737232,0.09455132,0.8823664,0.73078465,0.8270492,0.79009867,0.035109952,0.799587,0.12460012,0.7885026,0.48432893,0.31273514,0.5199025,72.618004,89.182465,81.86949,7.4669347,83.12117,75.83868,80.17457,77.63996,1.6999261,77.25279,7.299321,16.931429,11.00272,3.7149236,9.979574,0.5126953,6.0273438,2.6410155,2.3138149,2.0187988,21,36,31.1,4.17532433869913,31.5,RBX1,67,Proteina-Complexa,SolubleMPNN,13,non_binder,0.756781461238861,binder
79bb34bd-065c-5cc9-9f80-af668cdd0f0f,0.62243,0.81779,0.749826,0.07992534660544173,0.7901,0.41176,0.70588,0.5647059999999999,0.10685981836031723,0.58824,0.6971,1.3835,0.9374800000000001,0.2829513862839339,0.823,1.1573,2.5871,1.59812,0.5930484567048463,1.2836,0.7723811,0.8009702,0.7846345,0.013273087,0.7786529,0.87250465,0.8904201,0.8828772,0.006512165,0.88402414,0.87250465,0.8904201,0.8828772,0.006512165,0.88402414,0.7723811,0.8009702,0.7846345,0.013273087,0.7786529,0.9487637,0.956563,0.95213425,0.0035837577,0.95055187,0.96330506,0.9666071,0.965166,0.0012018373,0.9654057,0.70837444,0.7179836,0.71328956,0.0035472556,0.7136378,89.95025,91.35497,90.52936,0.6848702,90.13712,96.0466,96.609184,96.383934,0.23011918,96.34083,3.5785594,3.697553,3.6307864,0.043394092,3.622289,0.9370117,1.0341797,0.9981445,0.04138943,1.0078125,30,35,32.8,1.9235384061671343,33.0,MBP,80,PXDesign,SolubleMPNN,9,non_binder,0.9705166101455688,binder
7a9e7a10-269a-588d-8d84-9f0810b1b18d,0.89181,0.96789,0.925008,0.02899152669315642,0.91679,0.85714,1.0,0.8999980000000001,0.06388893425312399,0.85714,0.4444,0.5103,0.4739,0.024288062911644457,0.475,1.0715,2.6821,1.5051999999999999,0.6641167856634855,1.2266,0.83631307,0.84440297,0.839653,0.0032045974,0.8399343,0.8562504,0.8754869,0.8628582,0.007519599,0.86178446,0.8562504,0.8754869,0.8628582,0.007519599,0.86178446,0.83631307,0.84440297,0.839653,0.0032045974,0.8399343,0.922692,0.93391466,0.926473,0.004444523,0.92582595,0.9425869,0.94678545,0.9442032,0.0016266608,0.94428295,0.74674475,0.7534234,0.7493513,0.0031098162,0.74732685,95.56442,95.9168,95.74805,0.14379586,95.7471,95.28518,96.09605,95.666046,0.2971373,95.65299,3.304795,3.374613,3.3306854,0.026787492,3.329626,0.5722656,0.6933594,0.64326173,0.043973245,0.64990234,26,29,27.8,1.3038404810405297,28.0,TrkA,100,RFdiffusion3,Caliby (SolubleCaliby),9,binder,0.9764487552642822,binder
7aad4cb6-6721-5142-8e67-57534c146c28,0.03422,0.68351,0.358749,0.3195282591032529,0.354765,0.0,0.78049,0.379464,0.38316093213629643,0.35308,2.3492,16.028,7.73074,5.8323332605970535,6.75995,1.172,26.3921,11.69331,11.207520406946003,10.12615,0.0,0.8348525,0.48655462,0.36643037,0.6282377,0.0,0.8925072,0.5278212,0.38932294,0.6692413,0.0,0.8925072,0.6223466,0.34491163,0.8230168,0.0,0.8348525,0.48655462,0.36643037,0.6282377,0.7527411,0.98011124,0.9148734,0.082561746,0.9632016,0.83174336,0.98318106,0.9398861,0.05460638,0.9721676,0.014078776,0.66364866,0.43784362,0.2553656,0.5862627,76.02588,93.939766,85.16982,6.070734,85.160416,94.6095,96.90102,95.80257,0.7723517,95.689926,4.1851583,18.094112,7.825907,4.7293935,5.200448,0.7495117,11.3828125,3.4416993,3.6433427,1.3210449,29,58,45.7,9.933668898135162,47.0,15-PGDH,82,RFdiffusion3,SolubleMPNN,22,non_binder,0.882930142879486,binder
7ad5a57c-e92b-5cd7-b647-5447ff6381a1,0.34387,0.63399,0.41508599999999996,0.12339951896178528,0.35791,0.54839,0.6129,0.587098,0.02698587167389631,0.58065,1.7612,8.8195,7.281059999999999,3.0874528908146917,8.6161,2.2745,10.6465,7.93232,3.27946595377967,9.1179,0.7523006,0.8147031,0.79223233,0.024429033,0.80083823,0.922606,0.93404573,0.9302397,0.0045095547,0.93229777,0.7523006,0.8147031,0.79223233,0.024429033,0.80083823,0.922606,0.93404573,0.9302397,0.0045095547,0.93229777,0.97170496,0.97619206,0.97470653,0.0017548064,0.9754095,0.83197546,0.9236842,0.8959891,0.03752539,0.91047776,0.6758132,0.73019475,0.69883156,0.019642456,0.6965499,94.005646,95.332664,94.6378,0.48966935,94.65609,82.0229,91.261665,86.508934,4.288123,86.5197,4.463559,7.47383,5.4420557,1.1976064,4.9237103,0.43310547,0.49169922,0.4503418,0.02570883,0.4338379,30,39,32.8,3.563705936241092,32.0,TREM2,87,RFdiffusion3,SolubleMPNN,14,binder,0.9120302248001099,binder
7b0e30f7-9155-51bb-8fa8-0869eb852467,0.77168,0.86964,0.8378970000000001,0.030255801665869705,0.845565,0.71429,0.85714,0.799998,0.04628410809578403,0.78571,0.6643,1.1588,0.82731,0.16450054001937706,0.752,1.4964,2.5974,1.9921399999999998,0.3346983656966373,1.9037000000000002,0.7662628,0.88410145,0.8378681,0.046380233,0.84657633,0.8130531,0.8854543,0.86151683,0.025094645,0.8674206,0.8130531,0.8968786,0.8658969,0.029430773,0.8704237,0.7662628,0.88410145,0.8378681,0.046380233,0.84657633,0.9261913,0.94055635,0.9353987,0.0039063413,0.9357712,0.92423815,0.94593316,0.9386591,0.0071633104,0.9404297,0.6463638,0.72321457,0.6926003,0.028650202,0.69491434,96.36305,96.92691,96.708206,0.19654384,96.776764,96.237366,96.96613,96.62928,0.2807961,96.647385,3.5652761,4.578027,3.9693847,0.3944526,3.9493833,0.5288086,0.9067383,0.6742188,0.14613599,0.63842773,9,16,12.7,2.2632326929023945,12.5,VEGF-A,90,RFdiffusion,SolubleMPNN,7,non_binder,0.9715189695358276,binder
7b195001-2c9c-518e-ab14-d944a7cfb4f1,0.54734,0.94472,0.73297,0.17046845377762226,0.66505,0.0,1.0,0.45,0.49721446300587663,0.25,0.5603,1.0512,0.78084,0.17926192010574912,0.7421500000000001,1.1706,2.0274,1.63732,0.3192456344433095,1.6346500000000002,0.79531455,0.896102,0.8481476,0.0372129,0.8536403,0.825512,0.89774704,0.86060077,0.026051298,0.86416984,0.825512,0.896102,0.85943854,0.025024999,0.8618444,0.79531455,0.9010811,0.85031146,0.039382126,0.8565372,0.9208706,0.9400677,0.9295209,0.0070198877,0.92972577,0.92487675,0.94264644,0.9321809,0.0046454724,0.931805,0.6623072,0.7340912,0.69483006,0.02333327,0.6949948,96.86406,97.19091,97.00856,0.1079481,96.984215,97.06948,97.32181,97.202286,0.08644849,97.21775,3.3202558,4.373044,3.8832417,0.3365684,3.8968246,0.5283203,0.9160156,0.7146484,0.13952303,0.69628906,24,26,24.7,0.8232726023485655,24.5,VEGF-A,100,RFdiffusion,SolubleMPNN,26,non_binder,0.9462465453147888,binder
7b33387c-99d0-52bc-a5bc-7576cdb7325a,0.82144,0.84329,0.834884,0.008959917968374543,0.83436,0.78125,0.84375,0.8125,0.022097086912079615,0.8125,0.8804,0.9527,0.92798,0.027758187981206533,0.9353,1.3991,1.6237,1.5191599999999998,0.10332876172682989,1.5204,0.85643727,0.87960374,0.8695301,0.008962032,0.87006015,0.9286228,0.9397427,0.9353746,0.004660277,0.93780804,0.9286228,0.9397427,0.9353746,0.004660277,0.93780804,0.85643727,0.87960374,0.8695301,0.008962032,0.87006015,0.96851,0.9745313,0.97189486,0.002231126,0.9721508,0.9680481,0.97243613,0.9706532,0.0017011979,0.9708637,0.75330806,0.7685406,0.76120204,0.0062464965,0.7639107,91.78614,92.62529,92.23997,0.30683696,92.3052,96.607704,96.80222,96.71112,0.08217441,96.716225,3.157197,3.3361185,3.2467353,0.07829873,3.2101252,0.6791992,0.7524414,0.7145508,0.03130641,0.7270508,60,65,61.8,1.923538406167134,61.0,MBP,80,PXDesign,SolubleMPNN,15,non_binder,0.9849503517150878,binder
7b33b566-086b-5541-a0f5-81a21ffa301a,0.90517,0.91837,0.911008,0.0047376439292121045,0.91064,0.89655,0.93103,0.903446,0.015419924772838567,0.89655,0.6365,0.688,0.65816,0.019734310223567444,0.6522,0.6393,1.0295,0.79474,0.16722067156903783,0.7266,0.928656,0.9343936,0.93012655,0.0024281638,0.9289014,0.94480604,0.952146,0.94781667,0.0030175676,0.9471077,0.94480604,0.952146,0.94781667,0.0030175676,0.9471077,0.928656,0.9343936,0.93012655,0.0024281638,0.9289014,0.97473663,0.9769308,0.97531116,0.0009155126,0.9748883,0.9774082,0.9802785,0.97871053,0.0012440212,0.9788018,0.7905502,0.8010838,0.79648626,0.004184718,0.7967467,97.93107,98.00686,97.95063,0.03186053,97.93582,95.42022,95.66593,95.57719,0.10458701,95.62201,2.660845,2.8005717,2.7399235,0.057284296,2.733882,0.33447266,0.35058594,0.34384766,0.0058328663,0.34472656,54,58,55.8,1.7888543819998313,56.0,BHRF1,85,BoltzGen,SolubleMPNN,13,non_binder,0.9827409553527832,binder
7b4f1856-1b1b-5736-ac7b-fc630fb63067,0.03645,0.87069,0.21675399999999997,0.36587618633904007,0.06797,0.0,0.875,0.1875,0.385275875185561,0.0,0.8513,14.5917,9.17296,5.15484305076304,10.2375,1.1927,26.5389,18.65032,10.189296258181917,22.7024,0.36641464,0.8090296,0.68986976,0.18298328,0.7647628,0.39534676,0.8619661,0.721946,0.18589112,0.7803155,0.36641464,0.8090296,0.70557225,0.19012822,0.7803155,0.39534676,0.8619661,0.70624346,0.18036747,0.7647628,0.5912443,0.9326692,0.83098793,0.13633099,0.8784362,0.7448432,0.9323975,0.88122463,0.07704622,0.91224974,0.509996,0.76717573,0.6840755,0.100718044,0.7142558,67.918785,93.42092,77.03158,10.204849,72.60056,76.439835,94.90026,80.93216,7.8465347,78.04058,2.9574268,6.2754297,4.037444,1.2978556,3.7794251,0.62646484,2.6328125,1.1605469,0.83180994,0.7910156,50,56,52.0,2.345207879911715,51.0,TrkA,90,RFdiffusion3,SolubleMPNN,38,non_binder,0.8684240865707398,binder
7b59fcc6-f161-5a2a-a169-80b0c22ce0ae,0.45654,0.48996,0.47536100000000003,0.011148300767381547,0.47333000000000003,0.27344,0.35938,0.321894,0.025672588148105,0.31872500000000004,3.0093,3.8158,3.4529699999999997,0.30713323221907013,3.5848500000000003,1.407,2.7356,2.0528199999999996,0.46214343805071295,1.8928500000000001,0.6507617,0.85963196,0.7922979,0.06853604,0.80892396,0.8114876,0.87075084,0.8439644,0.020796567,0.8460833,0.8114876,0.89238036,0.86204606,0.029344244,0.8715663,0.6507617,0.85963196,0.7922979,0.06853604,0.80892396,0.9606862,0.97513795,0.96871537,0.005106806,0.96934193,0.9661091,0.9776866,0.97172624,0.003924274,0.97164375,0.57803774,0.67984176,0.64265287,0.03433454,0.6541518,79.675125,94.12419,89.04152,5.6627564,91.164055,94.49586,96.97239,95.87466,0.9284682,95.921814,4.4519596,5.669678,4.884982,0.44162315,4.7472267,0.7006836,1.5537109,0.94155276,0.30133006,0.83813477,70,81,75.5,3.6893239368631088,76.0,15-PGDH,80,RFdiffusion3,SolubleMPNN,39,non_binder,0.9078046607971191,binder
7bb29d2d-dc73-5edd-9f00-3a1645eea8b2,0.01247,0.018,0.014924999999999999,0.001824166476320989,0.01582,0.0,0.0,0.0,0.0,0.0,15.8308,17.6479,16.84833,0.5223705624894618,16.963250000000002,39.1096,48.8694,43.75573,3.374778265654403,41.7868,0.0,0.5360307,0.17833272,0.23188359,0.006102241,0.0,0.668713,0.23676202,0.28436756,0.052626427,0.0,0.5728856,0.20106736,0.23801124,0.052626427,0.0,0.668713,0.21402737,0.28246927,0.006102241,0.32436666,0.8379274,0.71498495,0.14530115,0.757096,0.4569534,0.7776462,0.7058563,0.09522631,0.74408066,0.01819087,0.62921834,0.26543713,0.24691771,0.10789974,82.991165,93.549835,85.8233,2.994152,85.333954,70.01269,84.30988,75.79333,3.6101227,75.85492,6.147627,20.39948,13.906355,6.026896,16.833912,0.8442383,11.484375,5.648389,3.9246929,7.0429688,21,35,28.4,4.993328882953068,28.5,RBX1,67,PXDesign,SolubleMPNN,19,non_binder,0.5318822717666626,binder
7c0b6ab2-5af2-5058-bbc8-a18b3db1ce81,0.02158,0.95004,0.477341,0.4802518492636036,0.463925,0.0,1.0,0.4875,0.5152197481549877,0.4375,0.4494,16.4969,8.42419,8.35829387952802,8.3572,2.2876,34.7179,18.487180000000002,16.885961654634237,18.43865,0.15753962,0.8560586,0.52906764,0.3200056,0.54515165,0.29231068,0.92523086,0.6775179,0.25931045,0.72300625,0.29231068,0.8560586,0.63422424,0.2167661,0.65828025,0.15753962,0.92523086,0.57236135,0.36438286,0.60987765,0.78326803,0.9719965,0.9017828,0.07324524,0.9105269,0.77619076,0.88832325,0.83485126,0.02966201,0.8347504,0.19475733,0.78336644,0.51095426,0.26805845,0.5294919,82.5175,91.98586,87.23015,4.102339,87.47273,74.951675,81.60076,77.28915,2.5857654,75.947235,4.4905233,13.524943,9.244566,2.7339175,9.382595,0.40283203,4.6875,2.1500976,1.8497919,1.7199707,30,36,32.9,2.2827858224351907,32.5,RBX1,75,PXDesign,SolubleMPNN,20,non_binder,0.8420400130748749,binder
7c2bcf22-db39-5bc1-a061-435b19b9367f,0.0059,0.26626,0.05869,0.11603712724813554,0.00733,0.0,0.5,0.1,0.223606797749979,0.0,6.4464,29.4379,23.33916,9.509514487238556,26.9412,14.8246,69.604,54.27048,22.35828730553841,61.249,0.0,0.0,0.0,0.0,0.0,0.0,0.0,0.0,0.0,0.0,0.0,0.0,0.0,0.0,0.0,0.0,0.0,0.0,0.0,0.0,0.4995786,0.6575582,0.5856604,0.047380663,0.58353364,0.5602421,0.71973217,0.64514744,0.051583134,0.6463828,0.0,0.039339684,0.0039339685,0.012440301,0.0,70.01635,80.96157,73.881424,3.547095,73.31488,73.5242,80.51203,76.21221,2.0545843,75.83538,19.20884,28.61355,25.091879,2.7678585,25.747345,10.1484375,24.078125,17.322657,3.8435066,17.421875,31,66,51.1,11.892574714221194,54.5,Latent GDF-8,100,Genie3,ProteinMPNN,38,non_binder,0.18172119081020355,non_binder
7c7f812e-8256-54f4-8172-2ac52c3eeccd,0.73302,0.86643,0.806446,0.05945016173232836,0.83333,0.59524,0.80952,0.709524,0.08316017394161705,0.71429,0.6573,1.0695,0.8553,0.19098812790328096,0.7942,1.0261,2.3343,1.77978,0.5700292729325398,1.8007,0.860371,0.9163183,0.88190544,0.023202244,0.8726218,0.8993898,0.9414002,0.91394204,0.01796638,0.903505,0.8993898,0.9414002,0.91394204,0.01796638,0.903505,0.860371,0.9163183,0.88190544,0.023202244,0.8726218,0.9412809,0.96657974,0.95009434,0.010815664,0.9438343,0.96008366,0.9753779,0.9658356,0.006412647,0.9630689,0.77785426,0.8233512,0.7930485,0.019836394,0.78156126,93.75989,94.3824,94.17558,0.24423103,94.25363,94.3312,94.88419,94.56961,0.23191476,94.569984,2.215501,2.8203788,2.630165,0.26208976,2.7949965,0.3869629,0.61376953,0.5204102,0.09812731,0.5288086,42,49,45.8,2.5884358211089564,46.0,PD-L1,90,Genie3,SolubleMPNN,28,non_binder,0.9787012600898742,binder
7c811f87-9946-57f7-8949-581bc2c8dc4f,0.74098,0.81743,0.774826,0.03481878989855909,0.76781,0.57895,0.68421,0.63158,0.03721502989384803,0.63158,0.6524,1.0475,0.8642800000000002,0.18571006165525872,0.9242,1.2206,2.5206,2.05812,0.5225937781872264,2.2717,0.76929843,0.88427544,0.8321951,0.045202788,0.8316646,0.8969438,0.92174995,0.9091147,0.0088891415,0.90836024,0.76929843,0.88427544,0.8321951,0.045202788,0.8316646,0.8969438,0.92174995,0.9091147,0.0088891415,0.90836024,0.96773165,0.9763854,0.97199506,0.0031082912,0.97171754,0.9025524,0.9539923,0.9348701,0.02022944,0.94173336,0.6830017,0.74873334,0.71742773,0.02510922,0.711405,92.11335,94.82849,93.69574,1.2703723,94.215324,78.67869,85.89785,82.60695,3.0330148,83.808586,3.4207714,4.9280806,4.0494533,0.594518,4.025978,0.37646484,0.4699707,0.43115234,0.03817387,0.44677734,14,41,24.4,11.92895636675732,18.0,TREM2,71,PXDesign,SolubleMPNN,9,binder,0.9635491609573363,binder
7cb85c5b-4ee6-51ce-92a6-c58884b2d7d9,0.79714,0.93469,0.8787800000000001,0.06843861702284762,0.91773,1.0,1.0,1.0,0.0,1.0,0.6263,0.8754,0.7108399999999999,0.0984616829025383,0.6854,1.3098,7.1858,3.75494,2.761816917900243,2.1526,0.6128258,0.70968986,0.6664461,0.040691614,0.6768258,0.68682027,0.7250112,0.708367,0.01698424,0.7117249,0.68682027,0.7250112,0.708367,0.01698424,0.7117249,0.6128258,0.70968986,0.6664461,0.040691614,0.6768258,0.90386015,0.9364867,0.92244214,0.013675884,0.92629915,0.610097,0.64477414,0.6282544,0.014261485,0.62393034,0.49425027,0.53691256,0.5214216,0.017892933,0.5272254,90.75165,91.32218,90.90787,0.23531602,90.83547,87.80442,88.26084,88.039246,0.17444025,88.04857,13.269362,14.527193,13.90418,0.5085812,14.102485,1.2753906,1.640625,1.4578125,0.14689298,1.4121094,29,36,32.8,2.7748873851023212,34.0,EGFR,100,PXDesign,SolubleMPNN,32,non_binder,0.9159183979034423,binder
7da2463b-c018-5ed0-b96f-87bd97197f54,0.00354,0.00591,0.0039030000000000002,0.000712118123784406,0.00371,0.0,0.0,0.0,0.0,0.0,26.5203,34.0311,32.2305,2.1470170055735998,32.45525,69.9498,90.9112,87.47304,6.262925760767802,89.2187,0.0,0.0,0.0,0.0,0.0,0.0,0.0,0.0,0.0,0.0,0.0,0.0,0.0,0.0,0.0,0.0,0.0,0.0,0.0,0.0,0.14881216,0.84535694,0.5089772,0.33016285,0.5021041,0.62661624,0.88229334,0.7501398,0.11975633,0.7410115,0.0,0.0,0.0,0.0,0.0,78.63795,80.768265,79.91154,0.61722904,79.820206,85.09454,86.6443,85.8846,0.4895121,86.01319,22.189972,30.14817,26.084452,2.2892678,26.41446,13.6640625,28.09375,18.909374,3.9077847,18.796875,29,47,38.9,5.526702854726716,38.5,Cas9,77,Genie3,SolubleMPNN,10,non_binder,0.32082653582096105,non_binder
7e00e467-24b2-5469-8e7d-b17961eba444,0.85126,0.90674,0.8744080000000001,0.025378314955883084,0.86081,0.79167,0.83333,0.816666,0.022818121745665238,0.83333,0.3984,0.6251,0.52196,0.10164882193119604,0.5387,1.8922,3.0718,2.54576,0.47014180094945823,2.7536,0.8211251,0.8626768,0.8457263,0.019420024,0.85386354,0.84127647,0.882786,0.8644824,0.018272642,0.87072283,0.84127647,0.882786,0.8644824,0.018272642,0.87072283,0.8211251,0.8626768,0.8457263,0.019420024,0.85386354,0.9126149,0.9369423,0.92629355,0.010787189,0.9301555,0.9417365,0.95761126,0.95070344,0.006872825,0.95313686,0.75860214,0.79335123,0.77923316,0.015788501,0.7859111,96.131424,96.387085,96.26639,0.09879548,96.24921,95.64489,95.87759,95.753,0.088583946,95.721535,2.7156518,3.1562705,2.895491,0.20243146,2.8055646,0.65478516,0.79003906,0.71347654,0.06209375,0.6875,40,43,41.4,1.1401754250991376,41.0,TrkA,96,RFdiffusion3,SolubleMPNN,12,non_binder,0.9794928669929504,binder
7e07d3bb-65e4-449a-8288-d8f379ada5cf,0.03484,0.8546,0.439707,0.40953563391426095,0.425815,0.0,0.76,0.371684,0.3449463739707312,0.33947499999999997,0.5756,18.1573,9.221340000000001,9.00738890864359,9.1396,1.3698,25.8253,13.61506,12.488860926904243,13.73475,0.0,0.800634,0.5085659,0.31051493,0.6636188,0.01026288,0.8976661,0.60069436,0.3442111,0.79809,0.0,0.8976661,0.6660642,0.30148286,0.8357678,0.011175989,0.800634,0.5096835,0.30849466,0.6636188,0.6789383,0.9741477,0.9028967,0.09609453,0.9581802,0.74302775,0.9774344,0.9202732,0.07611786,0.96400934,0.05843076,0.6948143,0.4931632,0.23790029,0.6332937,81.07669,90.8377,87.3812,3.5186045,89.114944,84.49323,88.54725,86.85804,1.6267315,87.3133,4.165804,15.790376,7.1639585,3.8006582,5.0272946,0.95410156,9.1015625,2.8741212,2.6567976,1.3930664,34,53,40.6,5.337498373666159,39.0,TNFa,80,PXDesign,SolubleMPNN,31,non_binder,0.8844770240783691,binder
7e15c7c0-b816-5839-a3d4-adca93cff988,0.02828,0.25706,0.18699400000000002,0.09387452359399753,0.23565,0.0,0.5,0.375,0.21650635094610965,0.5,4.324,15.2828,6.90518,4.7090235534556415,4.6803,19.2074,29.7899,24.730520000000002,4.185898170882803,24.0432,0.0,0.3801335,0.2931732,0.16453448,0.36998042,0.009962543,0.5651294,0.44877657,0.24534553,0.55511165,0.0,0.5651294,0.44678408,0.24980019,0.55511165,0.009962543,0.3801335,0.29516572,0.16009706,0.36998042,0.31019843,0.79677707,0.6919638,0.21370119,0.7899043,0.5931491,0.6129815,0.60527456,0.0075899865,0.6079205,0.0360573,0.41617566,0.33296415,0.16616407,0.40424067,69.94295,77.59748,75.15552,2.998472,75.96777,85.01796,86.871765,86.20143,0.7016791,86.32705,14.98148,17.714415,15.6301985,1.1772543,15.051963,3.0449219,9.96875,4.5347657,3.0390253,3.1894531,38,54,44.0,6.204836822995428,43.0,EGFR,96,Genie3,SolubleMPNN,36,non_binder,0.4947663521766662,non_binder
7e1a91d2-cc2e-5142-a85e-2cd7dc4d5c1d,0.59703,0.69466,0.630324,0.04213332208596898,0.6091,0.66667,0.88889,0.733336,0.09937980519200063,0.66667,2.4241,2.6488,2.52072,0.09664190085051097,2.497,2.485,3.1314,2.89494,0.2625442400815529,2.9043,0.74884933,0.8034752,0.77909106,0.023504462,0.77880114,0.80256337,0.8219488,0.8135406,0.007291919,0.814657,0.80256337,0.8219488,0.8135406,0.007291919,0.814657,0.74884933,0.8034752,0.77909106,0.023504462,0.77880114,0.8856876,0.91568214,0.9027991,0.012774315,0.90289485,0.91848737,0.92793816,0.9238779,0.0043535163,0.9261947,0.7200283,0.72993976,0.72511905,0.004268278,0.7248725,94.88008,95.220726,95.0484,0.15388538,94.987305,90.771355,91.8474,91.51912,0.45193684,91.75847,3.3343894,3.4544525,3.3954988,0.046379007,3.4037874,0.7709961,0.85253906,0.81220704,0.029185988,0.81152344,50,54,52.6,1.6733200530681516,53.0,BBF-14,76,RFdiffusion3,SolubleMPNN,26,non_binder,0.9678799843788146,binder
7e7c5d36-f004-593f-b571-48c5a71454fd,0.78133,0.83587,0.7989029999999999,0.017992082857622577,0.79285,0.62162,0.72464,0.671759,0.030586628323864388,0.671175,0.6939,1.0248,0.86059,0.1252473060255855,0.90505,1.1774,1.7341,1.4136900000000001,0.19176644620185487,1.3325999999999998,0.8386837,0.89006233,0.8664013,0.021804431,0.8701273,0.8829627,0.89588153,0.88835794,0.004705171,0.88667667,0.8829627,0.91308576,0.8992918,0.011989648,0.8985189,0.8386837,0.89006233,0.8664013,0.021804431,0.8701273,0.93503064,0.9537023,0.94329995,0.0070796255,0.9423024,0.94049585,0.9494188,0.9465513,0.0033982564,0.9481338,0.7249793,0.76715964,0.74762183,0.01617279,0.7489196,95.23237,96.07532,95.660355,0.28669304,95.687,96.039536,96.37999,96.199,0.12057403,96.20615,2.9349043,3.4774935,3.1806085,0.2055984,3.1544828,0.4650879,0.65478516,0.54572755,0.07866744,0.5361328,44,50,46.9,1.6633299933166203,46.5,VEGF-A,78,RFdiffusion3,Caliby (SolubleCaliby),19,binder,0.9779215693473815,binder
7e990ddd-70a1-59ca-84f8-78fa9edabd7a,0.64533,0.76283,0.700238,0.052201535130683686,0.67632,0.45455,0.72727,0.569698,0.11618030069680486,0.60606,0.9879,1.3459,1.15602,0.13100834706231515,1.1356,2.0955,3.3016,2.77114,0.5101523331319774,2.6127,0.8112046,0.8776001,0.8415512,0.025392042,0.8402927,0.8494367,0.8896786,0.8623208,0.017273923,0.85259527,0.8494367,0.8896786,0.8623208,0.017273923,0.85259527,0.8112046,0.8776001,0.8415512,0.025392042,0.8402927,0.94750977,0.9679508,0.9570896,0.007876904,0.956695,0.9528868,0.9606025,0.9549211,0.00323412,0.95348203,0.6435477,0.67906976,0.65352255,0.015066996,0.6460095,91.10943,91.8906,91.545494,0.35810137,91.70639,95.616905,95.98476,95.80591,0.14475067,95.80368,4.2315855,4.6771245,4.53714,0.19691528,4.664523,0.6611328,0.96191406,0.84375,0.11654129,0.86865234,14,20,18.2,2.4899799195977463,19.0,MBP,100,Genie3,SolubleMPNN,14,non_binder,0.970642430782318,binder
7ec75da9-ba26-5c98-b127-51259e638b6a,0.09471,0.25553,0.139536,0.06623084538189135,0.1215,0.0,0.22727,0.063634,0.09425580634634664,0.04545,5.171,7.0591,6.35614,0.73107257026919,6.6605,9.1782,15.0872,13.31756,2.377606296887691,13.9495,0.23500313,0.4347446,0.3784545,0.08346004,0.41857147,0.3655515,0.5802283,0.5210547,0.08898999,0.5538943,0.3655515,0.5802283,0.5210547,0.08898999,0.5538943,0.23500313,0.4347446,0.3784545,0.08346004,0.41857147,0.48383453,0.69676185,0.64080495,0.08966082,0.6825374,0.76120055,0.84976834,0.8260999,0.036757365,0.84202135,0.46235728,0.62536496,0.5832941,0.06862245,0.6119928,83.070076,86.73307,84.91348,1.4635023,84.46051,82.39151,86.87197,85.19527,1.7342882,85.39306,4.7313232,6.79555,5.277501,0.8664846,4.835093,1.6201172,2.7851562,2.0830078,0.45176545,1.8886719,33,45,37.2,4.604345773288536,36.0,BBF-14,67,Genie3,SolubleMPNN,15,non_binder,0.5694548022747039,binder
7edec892-4175-5389-8a1c-02981f3e691b,0.81172,0.92041,0.8704660000000001,0.04353270069729189,0.86233,0.73333,0.93333,0.826666,0.07601198740988159,0.8,0.5769,0.843,0.70222,0.10265377245868755,0.6907,1.1087,2.1115,1.57886,0.40504649486200967,1.6908,0.7034633,0.73626894,0.720772,0.012345612,0.7229629,0.81700855,0.84412867,0.83249056,0.010877373,0.8311098,0.81700855,0.84412867,0.83249056,0.010877373,0.8311098,0.7034633,0.73626894,0.720772,0.012345612,0.7229629,0.92015755,0.93158686,0.9261656,0.0043034125,0.9268444,0.93905747,0.9478914,0.9439831,0.003483759,0.9445028,0.68275034,0.70643055,0.69585973,0.009664235,0.69738626,96.7577,97.061066,96.967026,0.12051433,97.018364,96.829155,96.92764,96.870094,0.043664437,96.8473,3.937529,4.227782,4.0725226,0.1267533,4.0856113,0.7763672,0.81933594,0.7951172,0.017341204,0.7919922,24,27,25.2,1.0954451150103326,25.0,IL-7Ra,60,RFdiffusion,SolubleMPNN,6,binder,0.9788717079162598,binder
7f044a3b-240f-5923-a767-557310be5a6d,0.76382,0.83761,0.8056660000000001,0.02439662235274016,0.800165,0.6,0.66667,0.633335,0.03513817526723766,0.633335,0.6134,0.9568,0.75313,0.11147993391936806,0.7242500000000001,0.8277,1.2617,1.0223,0.14665719666396648,0.9881500000000001,0.8064828,0.88684803,0.84974116,0.030263383,0.8481178,0.8670533,0.8946505,0.88356304,0.008815264,0.886073,0.88069,0.92605174,0.9036864,0.017672174,0.9035393,0.8064828,0.88684803,0.84974116,0.030263383,0.8481178,0.9328893,0.9457191,0.94045925,0.004675198,0.9421059,0.9374262,0.95299,0.94393903,0.0050890627,0.9433298,0.6969361,0.7570513,0.72443426,0.024185855,0.72216845,93.61657,94.31905,94.02541,0.25660744,94.08823,96.38863,96.94668,96.68607,0.23802383,96.723495,3.1060994,4.1946793,3.6730537,0.42872006,3.6965983,0.45336914,0.7158203,0.5845459,0.10561114,0.58935547,32,37,34.9,1.9119507199599977,35.0,VEGF-A,89,Genie3,SolubleMPNN,24,binder,0.97446471452713,binder
7f276b7c-cc96-5fdb-b1f4-ca7c5c25e84d,0.90689,0.9441,0.9262140000000001,0.013402747106470412,0.92658,1.0,1.0,1.0,0.0,1.0,0.6022,0.7587,0.6545,0.06208353243815951,0.636,1.4663,2.6043,2.14108,0.4351894840181687,2.116,0.7479851,0.8055156,0.77382416,0.023824388,0.7641709,0.7762836,0.8217728,0.7986876,0.020658374,0.7931763,0.7762836,0.8217728,0.7986876,0.020658374,0.7931763,0.7479851,0.8055156,0.77382416,0.023824388,0.7641709,0.88281983,0.91371036,0.8968514,0.012784551,0.8917628,0.9288871,0.9443539,0.9363434,0.0063947886,0.93446696,0.72800326,0.7558654,0.74248064,0.012232161,0.73887473,95.44598,95.79771,95.63407,0.14211069,95.60348,95.441185,95.75859,95.6706,0.13084233,95.729515,3.3080878,3.6831052,3.4551132,0.15185505,3.4669108,0.7890625,0.953125,0.87246096,0.065306954,0.8930664,17,19,18.6,0.8944271909999155,19.0,TrkA,75,PXDesign,SolubleMPNN,18,non_binder,0.9809497928619384,binder
7f70b003-bfe5-5af6-8624-07c428f3e55a,0.85556,0.91589,0.8923019999999999,0.022894275922160128,0.89633,0.9,0.93333,0.9133319999999999,0.01825559284164717,0.9,0.6755,1.0194,0.8004200000000001,0.1315146645815592,0.7734,0.7775,1.1923,1.02302,0.17798288400854728,1.12,0.92699695,0.9349241,0.93206805,0.00318948,0.9320271,0.93677753,0.950601,0.94446623,0.0050288215,0.94557697,0.93677753,0.950601,0.94446623,0.0050288215,0.94557697,0.92699695,0.9349241,0.93206805,0.00318948,0.9320271,0.9681887,0.97176313,0.9704094,0.0014608221,0.97030514,0.9747114,0.9791326,0.9775082,0.0016903357,0.97807497,0.7568635,0.77229667,0.76764643,0.0062063565,0.7690352,93.653,95.006096,94.62781,0.5529079,94.84461,92.58934,93.12762,92.84169,0.25214586,92.7869,2.9755697,3.2282133,3.0759544,0.1017628,3.0253518,0.3425293,0.38989258,0.36279297,0.017204553,0.36035156,66,75,69.0,3.7416573867739413,68.0,BHRF1,111,Proteina-Complexa,SolubleMPNN,18,binder,0.9813904571533203,binder
7f7878ee-0993-5854-81d9-f7b0bea24ede,0.0295,0.87105,0.527816,0.4497877394171611,0.84732,0.0,0.77419,0.47096600000000005,0.4153631874998072,0.77419,0.6093,16.0579,6.8396,8.386782942523313,0.78,1.1958,28.8553,12.19184,15.035085138202575,1.245,0.5306979,0.9090869,0.7762374,0.1764421,0.8959024,0.70208764,0.9364823,0.85669816,0.106540635,0.9279062,0.70208764,0.9364823,0.85669816,0.106540635,0.9279062,0.5306979,0.9090869,0.7762374,0.1764421,0.8959024,0.79245985,0.96153784,0.9048687,0.07649794,0.95552933,0.8806209,0.97444767,0.9425238,0.042452373,0.9702223,0.6011659,0.76899856,0.70981085,0.07492367,0.7554556,93.013435,95.22934,94.456985,1.0729573,95.22381,91.40689,93.37101,92.390305,0.7380043,92.297646,2.9946356,5.170018,3.7773952,0.9493864,3.2141924,0.44555664,1.5527344,0.85913086,0.52920383,0.4951172,46,51,49.0,1.8708286933869707,49.0,BHRF1,105,Proteina-Complexa,SolubleMPNN,20,non_binder,0.9729227399826049,binder
7f9c3850-6178-5670-9d8e-1951fef1d4ca,0.79937,0.89017,0.84953,0.03435462414290105,0.85459,0.57895,0.78947,0.7052620000000001,0.09560714288169059,0.73684,0.4863,0.7302,0.58906,0.10083195426054183,0.5577,0.9305,1.5983,1.25364,0.24447232563216642,1.2574,0.7598785,0.8064488,0.7873284,0.017675104,0.7932088,0.8337402,0.86269057,0.8512346,0.010663055,0.85346305,0.8337402,0.86269057,0.8512346,0.010663055,0.85346305,0.7598785,0.8064488,0.7873284,0.017675104,0.7932088,0.90412515,0.92531013,0.9165516,0.007993501,0.9191597,0.9362563,0.94474816,0.9411685,0.0031198524,0.9417999,0.6449968,0.67135733,0.6605276,0.00967894,0.6619677,93.32639,94.12095,93.64405,0.3101575,93.5871,96.47693,96.69144,96.544716,0.08423235,96.51934,4.3653336,4.732799,4.532009,0.13220635,4.532493,0.6948242,0.8676758,0.7614258,0.06909016,0.7421875,20,22,21.0,1.0,21.0,IL-7Ra,95,FreeBindCraft (BindCraft),SolubleMPNN,10,binder,0.9545467352867125,binder
7fd85ec1-1c61-5575-b5a6-2e459e1e02ad,0.00795,0.00927,0.008742,0.00048604526538173384,0.008825,0.0,0.0,0.0,0.0,0.0,18.2565,26.2575,22.04508,3.477536909237789,22.278,56.5942,58.5947,57.627840000000006,0.6930703591026423,57.612750000000005,0.0,0.0,0.0,0.0,0.0,0.0,0.0,0.0,0.0,0.0,0.0,0.0,0.0,0.0,0.0,0.0,0.0,0.0,0.0,0.0,0.7513319,0.8413241,0.79856384,0.040578056,0.8061953,0.83351266,0.8968629,0.86682415,0.028301492,0.871465,0.0,0.008463542,0.0008463542,0.0026764069,0.0,81.60452,85.520515,83.23216,1.0489591,83.12451,93.323425,95.36751,94.46279,0.75135607,94.70075,17.275597,25.695412,22.55817,2.7004519,22.380356,11.859375,20.296875,17.151562,2.8408754,17.09375,25,35,28.2,3.155242550986462,27.5,15-PGDH,71,RFdiffusion3,Caliby (SolubleCaliby),11,non_binder,0.4287037420272826,non_binder
8005d024-5776-5085-b0db-82de9224c06f,0.64569,0.65985,0.653892,0.005849446127626102,0.65609,0.75,0.78571,0.778568,0.01596999749530351,0.78571,2.2192,2.3024,2.24918,0.03134688182259921,2.2405,3.1351,3.335,3.2093800000000003,0.07776668309758358,3.1747,0.89807767,0.92226064,0.9073366,0.009654348,0.9054432,0.94781536,0.96048844,0.9524005,0.0049930676,0.9500858,0.94781536,0.96048844,0.9524005,0.0049930676,0.9500858,0.89807767,0.92226064,0.9073366,0.009654348,0.9054432,0.9721575,0.97999346,0.9752777,0.00312551,0.97457117,0.9766459,0.9820125,0.9786686,0.0023127391,0.97784424,0.7866003,0.807505,0.7943712,0.008203606,0.7945409,94.76023,94.9546,94.86106,0.086478226,94.82927,94.43237,94.85436,94.61368,0.19766296,94.50424,2.526412,2.8949602,2.7633567,0.15678759,2.8186843,0.31079102,0.33813477,0.3277832,0.010439117,0.32958984,76,83,79.8,2.7748873851023217,81.0,BHRF1,60,Proteina-Complexa,SolubleMPNN,23,binder,0.9750570178031921,binder
8058a74b-4b9e-5387-91d9-6e437ab9dc44,0.70226,0.72894,0.7137640000000001,0.012384083736797018,0.70683,0.81818,0.90909,0.854544,0.0497934577027946,0.81818,1.73,1.7931,1.75446,0.024384482770811428,1.7517,3.0413,3.6563,3.3622799999999997,0.27494428890231554,3.4039,0.73623085,0.7630762,0.74973714,0.011638561,0.74752355,0.8032807,0.83641124,0.8186982,0.012762871,0.81408495,0.8032807,0.83641124,0.8186982,0.012762871,0.81408495,0.73623085,0.7630762,0.74973714,0.011638561,0.74752355,0.92691404,0.93664867,0.9318908,0.004228474,0.931322,0.9403627,0.95279765,0.94695747,0.0048123905,0.9460921,0.5400434,0.57400984,0.55801773,0.014040661,0.55479544,96.17643,96.58745,96.38947,0.14605983,96.401474,97.78906,97.96041,97.86626,0.08261605,97.845085,5.6289372,6.049637,5.8280053,0.18111661,5.852532,0.7192383,0.8120117,0.7729492,0.035418067,0.7783203,22,23,22.4,0.5477225575051662,22.0,MBP,90,RFdiffusion3,SolubleMPNN,6,non_binder,0.9579903888702392,binder
80ad1ea5-2909-55e7-a7d0-9cb010d82d26,0.00475,0.00539,0.004926,0.00026368541863364375,0.00484,0.0,0.0,0.0,0.0,0.0,26.3085,28.6521,26.941840000000003,0.9678533375465532,26.6504,72.8355,80.2839,78.37392,3.1210438425308955,79.5078,0.0,0.46165967,0.04842387,0.14536954,0.0,0.0,0.72236633,0.09298639,0.22772333,0.00513144,0.0,0.72236633,0.09298639,0.22772333,0.00513144,0.0,0.46165967,0.04842387,0.14536954,0.0,0.47070324,0.8583187,0.5775598,0.11830326,0.5416672,0.5300415,0.8520482,0.62577236,0.10378604,0.61141235,0.0,0.4305566,0.068685606,0.13210683,0.023251124,73.899506,84.23383,79.44029,3.0203593,79.50992,70.83464,80.45714,75.47569,2.9351752,75.174484,9.03401,27.351847,20.410456,5.449609,20.654581,2.0761719,18.328125,11.082227,4.74866,10.8828125,14,86,53.3,19.154633904097462,52.5,Latent GDF-8,77,RFdiffusion3,SolubleMPNN,25,non_binder,0.33739651203155513,non_binder
80b1b8a8-3212-5f71-b4b7-04b0135bcf37,0.01031,0.4007,0.205478,0.18461032628214488,0.25991,0.0,0.2,0.08800000000000001,0.09121403400793104,0.08,3.1476,16.4329,8.533660000000001,6.949761140715556,3.9499,3.4718,55.7966,25.08656,26.71891674587501,7.3271,0.0,0.40023813,0.1765454,0.16344304,0.22112942,0.01029683,0.75596535,0.4052232,0.28482708,0.4504445,0.01029683,0.75596535,0.4052232,0.28482708,0.4504445,0.0,0.40023813,0.1765454,0.16344304,0.22112942,0.11781159,0.82554245,0.501407,0.27314377,0.5545716,0.6577218,0.8515064,0.75782686,0.074592665,0.78209096,0.047447775,0.5181697,0.30101854,0.18413061,0.37135762,80.96536,95.43457,88.75691,6.7933526,92.027664,83.70159,94.0232,89.499374,4.9524136,91.69529,6.341205,19.104488,10.739557,5.084891,8.274705,1.1191406,9.734375,3.99375,3.4067488,2.6914062,12,53,34.2,17.10847743079436,40.0,BHRF1,89,RFdiffusion,SolubleMPNN,21,non_binder,0.502637618780136,binder
80f373c1-0726-51db-96aa-eebb67a69f51,0.00921,0.08422,0.037229,0.024956025079683218,0.028005000000000002,0.0,0.14286,0.032901,0.05469055097140232,0.0,8.5522,24.0085,14.37816,5.388672811287685,13.146650000000001,22.5225,54.5211,34.99203,8.818173878234528,33.795100000000005,0.0,0.0,0.0,0.0,0.0,0.0,0.0,0.0,0.0,0.0,0.0,0.010647381,0.001064738,0.0033669975,0.0,0.0,0.0,0.0,0.0,0.0,0.67441016,0.8100387,0.75206536,0.05468054,0.7693271,0.77607363,0.8729023,0.83088684,0.040292744,0.84193194,0.0,0.04373897,0.00629354,0.0144741675,0.0,82.14797,84.58644,83.29283,0.8563991,83.448654,91.93122,95.03969,93.42191,1.1194787,93.29646,15.141793,26.063555,21.706999,3.907488,22.25562,9.5546875,18.75,14.963282,2.9661927,15.730469,32,47,40.1,5.445691467165171,40.0,15-PGDH,100,RFdiffusion,SolubleMPNN,18,non_binder,0.2874359059333801,non_binder
81309054-31db-50a7-bc9b-ece0f2288ac6,0.68828,0.80834,0.746416,0.04033428020927111,0.745745,0.66667,0.85714,0.757142,0.07595556388076155,0.7619,1.104,1.4718,1.27238,0.15447088039138274,1.26675,2.4096,3.1054,2.8537399999999997,0.22884572289839475,2.8912,0.67795235,0.8090434,0.74398124,0.03705498,0.7356596,0.83745867,0.9132829,0.87414837,0.023785561,0.8724024,0.83745867,0.9132829,0.87414837,0.023785561,0.8724024,0.67795235,0.8090434,0.74398124,0.03705498,0.7356596,0.9339241,0.9600159,0.9470887,0.0075201974,0.9485251,0.8503187,0.972129,0.92651606,0.048607185,0.9406457,0.56141,0.6615401,0.6024983,0.035411447,0.5970231,88.41836,93.177,90.43211,1.8548981,90.32194,84.15713,95.63904,90.13359,5.0712857,90.39341,4.5785356,8.525167,6.2439804,1.459812,6.034498,0.8300781,1.2548828,1.0604004,0.13459373,1.0522461,50,66,58.8,4.638007234913623,58.5,Nipah-G,80,PXDesign,SolubleMPNN,10,non_binder,0.969894049167633,binder
814817f6-75ad-580c-936e-800f672f22e1,0.21023,0.29577,0.25695,0.03452669981333286,0.26555,0.32558,0.55814,0.465116,0.0915582015987645,0.46512,4.1834,4.4804,4.405340000000001,0.12528794036139312,4.453,15.5199,19.5015,17.021459999999998,1.5046812330191401,16.8678,0.0,0.26960257,0.08625768,0.1059776,0.03455778,0.0,0.47698176,0.17074503,0.18863553,0.11883,0.0,0.47698176,0.17074503,0.18863553,0.11883,0.0,0.26960257,0.08625768,0.1059776,0.03455778,0.46939182,0.72926056,0.61189234,0.090094514,0.6272464,0.5152382,0.7611513,0.6565694,0.07590522,0.67418706,0.0,0.2573313,0.09788076,0.099543795,0.09611943,77.85612,86.311386,82.65145,3.437528,83.75726,73.67466,83.553604,78.17115,3.1154375,77.34207,15.215759,25.967796,20.27616,4.379341,19.43196,4.0351562,18.015625,10.0859375,5.3579645,7.794922,38,65,53.2,8.337332373793862,53.0,Latent GDF-8,95,FreeBindCraft (BindCraft),designed jointly by the structure model (native co-design),19,non_binder,0.5369566869735717,binder
816028de-2070-58fc-855d-889401037a4e,0.82237,0.85129,0.83644,0.010724863635496677,0.83416,0.86957,0.86957,0.8695699999999998,0.0,0.86957,0.9437,1.1839,1.07032,0.0858259401346702,1.0817,0.9985,1.5481,1.29862,0.21571130475707567,1.36,0.85393596,0.90395063,0.8813483,0.020907652,0.88237244,0.8895632,0.92255867,0.90452176,0.013705383,0.89857715,0.85393596,0.90395063,0.8813483,0.020907652,0.88237244,0.8895632,0.92255867,0.90452176,0.013705383,0.89857715,0.95388305,0.96844596,0.9605237,0.006038401,0.95793974,0.9449449,0.96269304,0.9531213,0.008022215,0.9521748,0.74478924,0.7900897,0.76653326,0.020558393,0.76688373,95.7669,96.15135,95.98086,0.16676134,96.05185,92.160355,92.85217,92.624756,0.30062777,92.80291,2.7480707,3.3632324,3.0543027,0.26318413,3.0284882,0.46972656,0.6088867,0.53994143,0.054852266,0.55126953,39,41,39.6,0.8944271909999167,39.0,BBF-14,80,RFdiffusion3,SolubleMPNN,19,non_binder,0.9845481228828429,binder
81e24abb-6439-5745-bb21-ef2792d4c212,0.00326,0.00571,0.0038,0.0010695092332467261,0.00333,0.0,0.0,0.0,0.0,0.0,23.7825,40.8352,36.62998,7.25437198053698,39.6108,73.5638,92.0937,87.92478,8.04699182968393,91.4917,0.0,0.5779169,0.39683583,0.24395579,0.5269941,0.010836233,0.66822934,0.48288846,0.27465358,0.6280873,0.0,0.66822934,0.48072118,0.2793129,0.6280873,0.010836233,0.5779169,0.3990031,0.23955752,0.5269941,0.4182732,0.8993311,0.7682646,0.20414881,0.8780927,0.58868563,0.6463111,0.61874723,0.021152683,0.6232932,0.05498543,0.49918222,0.37586796,0.18587536,0.47031388,76.23875,84.35599,82.19617,3.4871333,84.23741,86.20875,87.958786,87.26681,0.71103454,87.507965,13.59834,17.016558,15.110159,1.39785,14.449622,1.9101562,9.15625,3.7183595,3.095217,2.2070312,23,27,24.6,1.8165902124584945,24.0,EGFR,95,PXDesign,Caliby (SolubleCaliby),12,non_binder,0.380559240579605,non_binder
81fe8fa0-309c-58c9-b3d1-62f070fa7fe7,0.00871,0.0859,0.034096,0.03207504060792441,0.01815,0.0,0.0,0.0,0.0,0.0,6.5592,21.5516,15.35446,5.610564368047123,16.382,16.5856,57.6189,36.37276,16.873275630653342,38.0037,0.0,0.0,0.0,0.0,0.0,0.0,0.010055951,0.0020111902,0.004497158,0.0,0.0,0.0,0.0,0.0,0.0,0.0,0.010055951,0.0020111902,0.004497158,0.0,0.056998093,0.1408038,0.09312248,0.042310532,0.073342994,0.49141157,0.55729926,0.52097493,0.026008178,0.5167629,0.0,0.056778576,0.014238383,0.024586039,0.0,78.988174,81.245605,80.296005,1.0976707,80.86426,82.5784,85.72575,84.00813,1.2969276,83.87138,15.318987,23.184134,19.723194,3.5126941,20.069942,9.921875,18.125,14.339063,3.6260505,14.90625,12,35,24.6,8.905054744357274,23.0,BBF-14,93,Genie3,SolubleMPNN,19,non_binder,0.18157618165016173,non_binder
822a6a68-9d92-5be9-bdfd-6d5726204e71,0.94919,0.97017,0.9563200000000001,0.00818067539998988,0.95496,1.0,1.0,1.0,0.0,1.0,0.3941,0.5076,0.45882000000000006,0.04397655056959335,0.4662,1.3583,2.0962,1.8317800000000002,0.2894327763056563,1.8888,0.8356292,0.8626943,0.84536237,0.010660591,0.8444901,0.8882958,0.9167021,0.904844,0.011872537,0.9047408,0.8882958,0.9167021,0.904844,0.011872537,0.9047408,0.8356292,0.8626943,0.84536237,0.010660591,0.8444901,0.93958485,0.9508955,0.94431484,0.0048376815,0.94381195,0.9613015,0.968042,0.96454656,0.0025407346,0.96513444,0.79059064,0.807999,0.80063057,0.0076169875,0.8030826,94.53478,94.895,94.74542,0.1359707,94.78627,95.983765,96.20535,96.067406,0.098526895,96.02717,2.5373733,2.7373025,2.639607,0.08548885,2.6743305,0.5004883,0.56689453,0.53447264,0.025345042,0.5361328,29,31,30.0,1.0,30.0,TrkA,60,RFdiffusion3,SolubleMPNN,23,non_binder,0.9791839814186095,binder
8295efed-7d0c-55ce-87eb-4468d161b670,0.87606,0.9465,0.9179280000000001,0.02589268757776992,0.91993,0.84211,0.94737,0.89474,0.03721502989384802,0.89474,0.4923,0.7569,0.57904,0.10655950450335253,0.5701,0.6976,0.96,0.84744,0.11728249229957555,0.8947,0.90411663,0.92096204,0.91337174,0.0061945254,0.9134564,0.9338924,0.94485617,0.940718,0.0041250833,0.94181365,0.9338924,0.94485617,0.940718,0.0041250833,0.94181365,0.90411663,0.92096204,0.91337174,0.0061945254,0.9134564,0.9691325,0.9749166,0.97233075,0.0021279152,0.9723466,0.9716583,0.9769781,0.9750889,0.002072981,0.9752701,0.7716529,0.7867423,0.7795566,0.0054713166,0.77960366,94.39373,94.69065,94.58677,0.12172368,94.59629,94.46668,94.673004,94.55519,0.085583694,94.51876,2.9371946,3.1558383,3.017985,0.0883062,3.0020516,0.31762695,0.3544922,0.3305176,0.014230907,0.32861328,52,55,53.4,1.1401754250991378,53.0,BHRF1,75,PXDesign,SolubleMPNN,15,non_binder,0.9796964931488037,binder
82987173-f9eb-5add-b136-28ecb425fffc,0.00631,0.85173,0.619812,0.32529941769254844,0.755575,0.0,0.75862,0.555173,0.2970550829223429,0.672415,0.7292,26.7979,5.64389,9.665423195821967,1.15335,0.9479,67.0636,13.56413,25.927876305288354,1.3765999999999998,0.0,0.7574953,0.5577774,0.29989955,0.69508755,0.0,0.91679907,0.7073848,0.37431437,0.8807646,0.0,0.91679907,0.7073848,0.37431437,0.8807646,0.0,0.7574953,0.5577774,0.29989955,0.69508755,0.10518345,0.9383113,0.7742457,0.31661835,0.92487025,0.7016832,0.9667307,0.8967205,0.09162442,0.94527364,0.0,0.69259447,0.52500355,0.27075365,0.6488359,76.14539,93.45986,89.02395,5.6643934,91.158936,79.29279,94.17661,89.47523,5.3295393,91.6479,4.112505,26.457905,9.4734745,8.829913,5.1250496,0.86328125,20.46875,4.0351562,6.565947,1.1040039,61,106,91.4,14.182931839205727,95.5,Nipah-G,95,PXDesign,SolubleMPNN,36,binder,0.9560327506065368,binder
83345de4-8ecf-5cf4-9531-92639d0aefea,0.86109,0.89407,0.8791399999999999,0.012621259842028436,0.87732,0.67742,0.77419,0.7225820000000001,0.03677855108619701,0.70968,0.4147,0.4698,0.44020000000000004,0.024049012453737053,0.4351,0.5908,0.6986,0.64486,0.04042880161469046,0.6546,0.9244509,0.9380835,0.930977,0.004989262,0.93102276,0.93822396,0.9514343,0.94477546,0.0051661558,0.9457684,0.93822396,0.9514343,0.94477546,0.0051661558,0.9457684,0.9244509,0.9380835,0.930977,0.004989262,0.93102276,0.9662201,0.9736535,0.9699149,0.002906694,0.97047955,0.9756517,0.9801229,0.97787726,0.0016538695,0.9779782,0.8112355,0.8287177,0.8201159,0.006727668,0.8207126,96.77001,96.93071,96.843475,0.061798792,96.8341,96.19993,96.26998,96.237526,0.029659597,96.24933,2.2215433,2.459431,2.336283,0.08987162,2.3278334,0.40454102,0.46240234,0.43291014,0.02237013,0.42773438,48,49,48.8,0.44721359549995865,49.0,PD-L1,100,PXDesign,SolubleMPNN,14,binder,0.9750915980339049,binder
839965ef-c3a7-5bb4-bea6-48d89d869e74,0.02729,0.53388,0.186785,0.17804167147983455,0.099995,0.0,0.375,0.125417,0.14027686908792594,0.08125,1.8572,15.8457,8.31716,4.422914382872703,9.380700000000001,3.4744,30.2938,16.36336,8.988770610069235,18.906,0.0,0.12941921,0.035551406,0.05742786,0.0,0.0,0.15100689,0.045463823,0.07076525,0.0,0.0,0.20830362,0.052126072,0.08538378,0.0,0.0,0.12941921,0.036676615,0.05676024,0.0,0.6149885,0.8680013,0.76813734,0.07463839,0.79342526,0.6952556,0.89831305,0.8193413,0.06148543,0.84036916,0.0,0.16790198,0.056760274,0.07818768,0.0,76.15375,81.74395,79.826515,1.8342508,80.26697,85.5624,89.09508,87.661705,1.2705275,87.92342,11.751507,25.790512,17.840977,4.9997997,18.834274,6.3320312,19.0625,11.782031,4.745705,12.3984375,7,52,31.4,13.268174118711453,29.0,TNFa,75,RFdiffusion3,SolubleMPNN,9,non_binder,0.3035529220104218,non_binder
83c032b4-0af5-5970-8fbc-3b213aa39da6,0.00632,0.02486,0.01799,0.007284785515030624,0.01772,0.0,0.0,0.0,0.0,0.0,13.5844,25.5213,17.83216,4.508044635204936,16.6651,31.7604,67.69,42.41068,14.491250100388163,39.1304,0.0,0.0,0.0,0.0,0.0,0.0,0.010103147,0.0020206294,0.0045182644,0.0,0.0,0.010103147,0.0020206294,0.0045182644,0.0,0.0,0.0,0.0,0.0,0.0,0.0830781,0.27103135,0.13975829,0.07694666,0.121084824,0.83232844,0.8629571,0.8433154,0.011820674,0.8395358,0.0,0.0371812,0.011212282,0.016660789,0.0,67.43683,80.32763,76.12328,5.387754,78.633705,95.26766,96.208374,95.905174,0.38418183,95.98687,14.037595,26.019093,21.553308,4.8548408,22.154533,9.7578125,18.515625,14.596875,3.9309323,14.5546875,4,35,19.6,11.058933040759403,19.0,MBP,65,PXDesign,SolubleMPNN,21,non_binder,0.3593579959869384,non_binder
83daf269-5978-5922-9000-96341b4972e9,0.94473,0.95342,0.949476,0.003463831693370823,0.94896,0.93333,0.93333,0.93333,0.0,0.93333,0.4055,0.4614,0.43635999999999997,0.024569045565507805,0.4459,0.6004,0.9637,0.6874399999999999,0.1548225371191158,0.6263,0.8685246,0.8752365,0.8711589,0.00260084,0.871028,0.8857147,0.89302486,0.8884451,0.003211919,0.88698155,0.8857147,0.89302486,0.8884451,0.003211919,0.88698155,0.8685246,0.8752365,0.8711589,0.00260084,0.871028,0.95626444,0.9587354,0.9572482,0.0009599458,0.9572495,0.9526175,0.9556936,0.9542754,0.0011848544,0.9543028,0.73191005,0.7394249,0.73557913,0.0035481504,0.7353978,96.86552,97.03231,96.94588,0.066848375,96.93248,96.1244,96.29846,96.20677,0.068739645,96.217316,3.375792,3.5164351,3.4374077,0.06456165,3.4116356,0.5595703,0.5864258,0.5740234,0.010418828,0.5756836,56,58,56.8,0.8366600265340749,57.0,IL-7Ra,87,BoltzGen,SolubleMPNN,26,binder,0.9789164519309996,binder
840a7db5-9441-5999-9622-d62b9ac38e62,0.87911,0.93368,0.915828,0.021584357067098388,0.92355,0.81481,0.88889,0.866666,0.033129583154636835,0.88889,0.4047,0.6637,0.51258,0.10463439683010554,0.4835,0.3536,1.2142,0.9256,0.3359568127006803,1.0042,0.881751,0.91150415,0.89089394,0.012195237,0.884628,0.89228565,0.9218669,0.90180284,0.012822517,0.8937248,0.89228565,0.9218669,0.90180284,0.012822517,0.8937248,0.881751,0.91150415,0.89089394,0.012195237,0.884628,0.9452493,0.959941,0.94981354,0.0060047717,0.9467382,0.9577852,0.96891236,0.9612263,0.004781682,0.9582626,0.78268486,0.8018145,0.7889842,0.008443276,0.78404963,97.54211,97.83671,97.69206,0.11782621,97.68697,95.44266,95.98493,95.65616,0.20064251,95.61573,2.5766945,2.9672277,2.836399,0.17113604,2.932621,0.4501953,0.5395508,0.50517577,0.035672277,0.51904297,35,39,37.4,1.51657508881031,38.0,TrkA,85,RFdiffusion3,SolubleMPNN,17,binder,0.972497730255127,binder
84820b6d-1263-5b5c-a093-d9d4f92e6e31,0.10736,0.80869,0.504614,0.2540166993285634,0.585485,0.27273,0.77273,0.523702,0.15792030112264435,0.52435,0.8679,22.2349,5.844869999999999,8.238156332854794,1.5298500000000002,1.675,39.2323,12.35023,14.772405188958832,4.68515,0.0,0.012760484,0.003451287,0.0055809584,0.0,0.0,0.062329724,0.010553588,0.0207074,0.0,0.0,0.038686473,0.0061319107,0.012370956,0.0,0.0,0.012760484,0.0035349291,0.0057075857,0.0,0.6183938,0.8271845,0.748687,0.07813552,0.7681571,0.6977305,0.8701608,0.8048256,0.06552661,0.82013464,0.0,0.094620556,0.028652292,0.035990678,0.010787874,83.88199,85.77865,84.98907,0.65253866,85.16771,85.874466,89.89363,88.00271,1.4621388,88.07181,13.764449,22.607672,18.389862,3.2191036,18.378563,7.2578125,16.484375,11.546094,2.9486215,11.71875,13,33,20.3,6.464432603785802,20.5,TNFa,76,RFdiffusion3,SolubleMPNN,10,non_binder,0.7725815892219543,binder
8490c311-313f-5842-91bb-36070503ec5a,0.77198,0.87539,0.830451,0.03766746118631069,0.83484,0.68852,0.8,0.758907,0.03818828210328395,0.76667,0.6434,1.0908,0.85721,0.18438998797837872,0.8488,1.1176,1.4075,1.24802,0.09588779090397512,1.2598500000000001,0.78957546,0.87810785,0.83406657,0.036944862,0.83028746,0.8062673,0.8838427,0.84451276,0.030792164,0.84164596,0.8062673,0.87810785,0.8425673,0.028732887,0.8403698,0.78957546,0.8871691,0.84030116,0.042976294,0.83926773,0.9256558,0.9456406,0.9394072,0.005579663,0.94052035,0.92584676,0.9499251,0.9387334,0.008946058,0.93678117,0.69180834,0.75332063,0.72317404,0.024460346,0.7191038,95.40325,96.231995,95.857925,0.30581522,95.82501,97.066154,97.25333,97.165596,0.06297684,97.160934,3.1868033,4.154805,3.6703563,0.3558882,3.7133217,0.41015625,0.6044922,0.50842285,0.08250205,0.50671387,28,31,29.1,0.9944289260117541,29.0,VEGF-A,59,BoltzGen,SolubleMPNN,23,binder,0.9801979064941405,binder
84ab777c-a3e1-45f2-aa5b-503e44bddd4f,0.59363,0.67798,0.6334139999999999,0.024159005774244964,0.6383300000000001,0.51429,0.68571,0.597562,0.0556492038078214,0.5981650000000001,1.7858,2.0059,1.9058800000000002,0.06991864796557018,1.8951500000000001,2.2499,2.9375,2.50576,0.20371852149473318,2.47035,0.58259255,0.8838167,0.7688687,0.100633964,0.7916415,0.7908681,0.8858544,0.8494781,0.02825478,0.8548499,0.7908681,0.9402592,0.88267267,0.050910752,0.89988506,0.58259255,0.8838167,0.7688687,0.100633964,0.7916415,0.93980956,0.97716105,0.9657671,0.011407826,0.96849024,0.94785935,0.9786724,0.96961915,0.009678509,0.97160864,0.57109475,0.7501753,0.67403585,0.05588176,0.687443,83.26249,91.1276,87.232285,3.5403175,87.121796,88.394264,89.35649,88.949524,0.26425675,88.94035,3.5012887,6.053946,4.493329,0.7564115,4.28566,0.5566406,1.7685547,1.0040039,0.42877647,0.8996582,44,61,52.1,4.629614814791111,51.5,TNFa,80,PXDesign,SolubleMPNN,43,non_binder,0.9649623942375182,binder
85438ff2-4a98-5b4f-8afa-33758d2bf18e,0.0118,0.01771,0.014155000000000001,0.0019435777433497341,0.014155000000000001,0.0,0.0,0.0,0.0,0.0,13.0122,18.4051,16.1726,2.2454181219145415,17.0103,38.9653,50.387,46.21875,4.059807237692726,47.6291,0.012357342,0.5365498,0.24040508,0.1494317,0.20776936,0.02955786,0.5851285,0.29653564,0.15068294,0.27159774,0.02955786,0.5851285,0.29653564,0.15068294,0.27159774,0.012357342,0.5365498,0.24040508,0.1494317,0.20776936,0.38230863,0.843045,0.67557013,0.1814646,0.7590244,0.60102236,0.8546021,0.75070304,0.09558635,0.78567934,0.099155694,0.60738117,0.31295952,0.15329063,0.26261115,73.97383,88.11476,80.838196,4.6331882,79.87157,63.126545,75.675964,72.26886,4.30429,74.52919,5.5535145,17.140259,10.933637,3.539637,11.159607,1.4902344,7.5976562,3.98125,1.6252382,3.8388672,27,55,39.5,9.395625459636936,38.5,RBX1,80,Genie3,Caliby (SolubleCaliby),19,non_binder,0.483053058385849,non_binder
85a90869-ea65-50c0-8884-a27f9a7d5d8b,0.85087,0.93074,0.8839919999999999,0.029717293281858626,0.87443,0.64706,0.88235,0.741176,0.08920956243587341,0.70588,0.4352,0.4665,0.45008,0.011625059139634525,0.4509,0.5779,0.9191,0.68032,0.13855261455490472,0.6272,0.89778286,0.91482264,0.90534353,0.0077587957,0.904177,0.94488305,0.9595278,0.9520542,0.005779053,0.9512904,0.94488305,0.9595278,0.9520542,0.005779053,0.9512904,0.89778286,0.91482264,0.90534353,0.0077587957,0.904177,0.9658344,0.9750876,0.97037286,0.0036508986,0.96989655,0.9747981,0.9797859,0.9773423,0.0022203836,0.97677296,0.82200164,0.8467798,0.8345281,0.009519828,0.8345343,96.967804,97.1489,97.039444,0.071686305,97.01389,96.72196,97.08351,96.92782,0.14808905,96.94209,2.05387,2.304168,2.1991363,0.10464672,2.2513642,0.38061523,0.4350586,0.40942383,0.026615247,0.42163086,15,18,16.0,1.224744871391589,16.0,PD-L1,72,RFdiffusion,SolubleMPNN,11,binder,0.9802032804489135,binder
86038b2b-df96-5529-9a48-56dc677893e1,0.89341,0.92777,0.910726,0.013010004996155785,0.91105,0.8125,0.9375,0.875,0.044194173824159216,0.875,0.5049,0.6184,0.54864,0.05060625455415563,0.5308,0.8646,1.9991,1.29854,0.42197475398416906,1.2447,0.6601984,0.75447303,0.71639943,0.048103787,0.7492867,0.71686167,0.7918867,0.7618481,0.038945206,0.788939,0.71686167,0.7918867,0.7618481,0.038945206,0.788939,0.6601984,0.75447303,0.71639943,0.048103787,0.7492867,0.824846,0.8768285,0.856145,0.027014399,0.87449485,0.89352524,0.9250698,0.9117869,0.016658964,0.9227897,0.6923993,0.74228,0.71993744,0.024738524,0.73354864,96.34193,96.510704,96.44975,0.07028721,96.461624,93.03538,94.39591,94.019196,0.5634719,94.168655,3.2962244,3.8825,3.5572803,0.29774156,3.3776922,0.98583984,1.1953125,1.0760742,0.10845143,1.0136719,28,31,29.8,1.3038404810405297,30.0,TrkA,85,RFdiffusion3,SolubleMPNN,13,non_binder,0.9730560374259948,binder
867397bc-c3cb-54c2-9061-7acb42f4b410,0.74335,0.80873,0.774378,0.023423412859786257,0.77546,0.76923,0.84615,0.784614,0.034399669765856775,0.76923,1.1444,1.4242,1.22906,0.1132121371585219,1.2087,1.8549,2.357,2.15604,0.22221582526903896,2.2422,0.92404306,0.93321127,0.9297217,0.0035868038,0.93138295,0.94880664,0.95731455,0.9543312,0.0033046254,0.95479983,0.94880664,0.95731455,0.9543312,0.0033046254,0.95479983,0.92404306,0.93321127,0.9297217,0.0035868038,0.93138295,0.97294146,0.97666305,0.97517383,0.0014191538,0.97554654,0.97894996,0.98202264,0.98118335,0.0012841676,0.9817168,0.78733987,0.8003754,0.7965431,0.0052906238,0.79820544,94.223404,94.65843,94.43803,0.17409277,94.44759,92.684975,93.42076,93.02268,0.33826843,93.00535,2.5941656,2.8101783,2.6481757,0.091104746,2.6138034,0.32177734,0.3395996,0.32836914,0.0072690793,0.32910156,56,62,58.6,2.40831891575846,58.0,BHRF1,84,BoltzGen,Caliby (SolubleCaliby),29,non_binder,0.9769796085357665,binder
86e4362b-6c2a-5f43-a46d-17f420e7430d,0.06153,0.32193,0.12159800000000001,0.112409267278103,0.07007,0.13115,0.16393,0.14754,0.016390000000000002,0.14754,4.8388,24.4447,17.255119999999998,7.84711563869171,19.824,5.3771,40.3273,28.100659999999998,13.989480980829846,32.4819,0.56622165,0.7137306,0.64533764,0.061594952,0.633933,0.67184687,0.7298346,0.70633215,0.024480412,0.70679975,0.67184687,0.7298346,0.70633215,0.024480412,0.70679975,0.56622165,0.7137306,0.64533764,0.061594952,0.633933,0.90986264,0.9500445,0.9320432,0.016658986,0.92948115,0.54036057,0.61800224,0.5903743,0.029576782,0.5956102,0.5244496,0.5603396,0.5475389,0.014984553,0.5533546,89.28568,90.623314,90.0069,0.5048853,89.90363,85.93449,87.97471,87.18318,0.9778565,87.81304,13.681622,17.103077,14.64223,1.3962334,14.045353,1.2421875,1.9277344,1.558789,0.27991968,1.5878906,35,45,37.8,4.08656334834051,36.0,EGFR,82,PXDesign,SolubleMPNN,18,non_binder,0.6341598463058471,binder
872cb5f3-3ad2-51c2-b52e-8d10881d6026,0.68315,0.78037,0.729298,0.046428776852292845,0.71757,0.44444,0.5,0.477776,0.030431465294987033,0.5,0.5948,0.91,0.77652,0.16209388328990093,0.8789,1.305,3.2267,2.36786,0.8755975633817169,2.7011,0.70996183,0.792476,0.7566985,0.03333928,0.75721925,0.84882766,0.8749382,0.8596818,0.010058192,0.85986286,0.70996183,0.792476,0.7566985,0.03333928,0.75721925,0.84882766,0.8749382,0.8596818,0.010058192,0.85986286,0.9527894,0.96172506,0.9564535,0.0034697077,0.9565565,0.8139101,0.8985354,0.8481779,0.03514589,0.8426307,0.67391014,0.75067484,0.7133199,0.034892015,0.6988694,97.20017,97.893555,97.566635,0.28889284,97.665215,85.369156,88.87333,86.680756,1.3859016,86.43092,5.272107,8.22038,6.6955748,1.236816,6.604385,0.5966797,0.7680664,0.6816406,0.06811217,0.6953125,14,22,17.6,3.209361307176242,18.0,TREM2,70,PXDesign,SolubleMPNN,8,binder,0.9354916262626648,binder
8778ffd4-3fa1-5a37-954d-e700232c4df3,0.7333,0.90631,0.836532,0.06602154549842046,0.83983,0.70833,0.83333,0.7666660000000001,0.055903190248857884,0.79167,0.437,0.5357,0.49470000000000003,0.0375277897030987,0.4947,1.6466,6.9644,3.5449600000000006,2.151161855370255,3.3726,0.7183643,0.7929627,0.7570956,0.027255107,0.76121384,0.8910061,0.9077063,0.9001177,0.0076411064,0.90309227,0.7183643,0.7929627,0.7570956,0.027255107,0.76121384,0.8910061,0.9077063,0.9001177,0.0076411064,0.90309227,0.9676267,0.97303605,0.97059476,0.0024622825,0.97154725,0.8122897,0.89631516,0.86564475,0.034323893,0.8741119,0.6725123,0.751548,0.70469207,0.028840283,0.70117027,96.072815,96.43462,96.248764,0.16711186,96.22142,81.941025,86.483505,84.71605,1.7760764,84.94839,5.0353403,8.163464,5.937341,1.2896622,5.508946,0.52197266,0.5854492,0.5504883,0.025560485,0.5419922,21,25,23.6,1.5165750888103104,24.0,TREM2,69,RFdiffusion3,SolubleMPNN,9,binder,0.9633492732048035,binder
87b97e43-25be-5e1d-9482-8eeadc2ada01,0.8867,0.94213,0.9227719999999999,0.021317112140250172,0.92788,0.86667,0.93333,0.9066660000000001,0.03651118568329434,0.93333,0.4725,0.6957,0.56402,0.08654127339021538,0.5577,0.6215,1.4825,0.9445600000000001,0.3581433134933556,0.913,0.78238285,0.8065115,0.7946801,0.008816299,0.7957305,0.8519839,0.86817116,0.8617589,0.0064058728,0.8625201,0.8519839,0.86817116,0.8617589,0.0064058728,0.8625201,0.78238285,0.8065115,0.7946801,0.008816299,0.7957305,0.93195415,0.9408553,0.936481,0.003253722,0.9368216,0.9464143,0.950396,0.9482775,0.0016758634,0.9486583,0.7043281,0.7169924,0.7101677,0.0045095407,0.7096831,95.3736,95.981186,95.71553,0.2603038,95.720894,96.43815,96.70704,96.60359,0.12970343,96.67972,3.7302544,3.904228,3.8415856,0.07314954,3.8744323,0.7026367,0.75683594,0.73525393,0.021282006,0.7426758,28,34,31.2,2.2803508501982757,32.0,IL-7Ra,75,PXDesign,SolubleMPNN,8,non_binder,0.9825284504890441,binder
87bb2a3c-623a-5474-8cd3-65a60258e48b,0.72527,0.78686,0.761432,0.02563681473974489,0.77158,0.66667,0.73333,0.693334,0.036511185683294416,0.66667,0.9524,1.1367,1.0257,0.07164764476240656,1.0102,2.2338,3.2286,2.6691200000000004,0.39803196730915963,2.5971,0.7349942,0.86907995,0.80037034,0.05006475,0.8094138,0.8835834,0.92517954,0.89803493,0.017494224,0.89103276,0.7349942,0.86907995,0.80037034,0.05006475,0.8094138,0.8835834,0.92517954,0.89803493,0.017494224,0.89103276,0.9598183,0.9753122,0.9652524,0.0064997994,0.962718,0.867007,0.94911176,0.916029,0.03114362,0.92642367,0.681244,0.76305026,0.71342564,0.03154798,0.7152007,94.85218,96.71154,96.12353,0.7580475,96.38291,82.12557,89.27135,85.7043,3.1321063,87.187126,3.4979153,5.820774,4.6134624,0.8440569,4.5147686,0.40112305,0.52246094,0.47490233,0.049093336,0.48828125,16,30,21.6,5.176871642217914,20.0,TREM2,78,RFdiffusion3,SolubleMPNN,11,binder,0.9629533529281615,binder
87c4e8a2-9b32-5d82-a675-5451f2328a9b,0.45757,0.57148,0.515228,0.0461857474769003,0.52513,0.52174,0.65217,0.591306,0.04957175788692593,0.6087,2.1722,2.7132,2.40632,0.2620423858844213,2.2444,4.8915,7.3315,5.98024,1.1327289914185126,5.4562,0.73213017,0.7752058,0.7562356,0.01603699,0.754713,0.75383526,0.7906274,0.7747649,0.013352044,0.77610844,0.75383526,0.7906274,0.7747649,0.013352044,0.77610844,0.73213017,0.7752058,0.7562356,0.01603699,0.754713,0.92275554,0.93839115,0.9316143,0.0058516585,0.9309928,0.943348,0.9494124,0.94513667,0.0024494582,0.94430345,0.56852245,0.6017444,0.58427954,0.012548631,0.5813096,94.39636,94.73963,94.56597,0.13571233,94.58529,97.21817,97.439926,97.32408,0.0831472,97.34054,4.9969068,5.450164,5.2318735,0.17453052,5.2906866,0.93359375,1.0498047,0.9821289,0.045370236,0.9892578,34,38,36.0,1.58113883008419,36.0,MBP,97,Genie3,SolubleMPNN,8,non_binder,0.9438566541671752,binder
87ec145e-7249-562d-ab09-3ed47e4c6044,0.81741,0.86025,0.828796,0.017927107407498838,0.82143,0.72727,0.81818,0.7727280000000001,0.03214153885550599,0.77273,0.7527,0.8814,0.8349399999999999,0.051771159925193815,0.8571,1.6497,2.2804,1.93658,0.22859465654297353,1.8946,0.7552509,0.8181987,0.78584194,0.030835977,0.7812149,0.91827214,0.93771803,0.928619,0.007329988,0.9298057,0.7552509,0.8181987,0.78584194,0.030835977,0.7812149,0.91827214,0.93771803,0.928619,0.007329988,0.9298057,0.9737408,0.98036855,0.977281,0.0024995955,0.9776971,0.8389232,0.92986125,0.8861805,0.035815127,0.8965898,0.6959112,0.7388103,0.71478957,0.01978434,0.70754063,96.365,97.24377,97.002625,0.36697045,97.19221,80.026764,87.71936,84.65221,2.889814,85.70339,3.9866366,6.498906,5.1343117,0.9605289,4.780311,0.40698242,0.5,0.43847656,0.036916938,0.42260742,32,39,36.2,3.033150177620619,38.0,TREM2,76,RFdiffusion3,SolubleMPNN,10,binder,0.9665584588050842,binder
884b2c06-ebdd-517b-bb7d-1306528eba54,0.00614,0.03554,0.01169,0.008935592997793836,0.008835,0.0,0.04167,0.004167,0.013177211009921636,0.0,17.9046,31.3253,26.05079,5.175676219361743,26.3033,34.2608,66.3665,54.53132000000001,11.604826680480839,55.8502,0.0,0.0,0.0,0.0,0.0,0.0,0.0,0.0,0.0,0.0,0.0,0.0,0.0,0.0,0.0,0.0,0.0,0.0,0.0,0.0,0.14829181,0.840417,0.50124633,0.34605804,0.5056494,0.625839,0.87722504,0.7507138,0.12672532,0.7461967,0.0,0.0,0.0,0.0,0.0,76.72343,84.386284,80.85507,3.2634048,81.24769,85.16828,85.98118,85.7089,0.24210498,85.68017,24.071243,30.068752,27.156738,1.9617524,26.71843,17.265625,27.40625,21.932812,3.142961,21.390625,36,73,47.8,10.809460876678562,46.5,Cas9,72,BoltzGen,SolubleMPNN,20,non_binder,0.3220400857925414,non_binder
89265d07-964a-5246-a910-6d7bec246a12,0.35807,0.5602,0.417539,0.06912460398922131,0.39245,0.57143,0.71429,0.605715,0.039955644365554495,0.6,1.4742,1.8916,1.78704,0.12763612515445794,1.8192,6.1409,25.7013,17.86616,6.131040589981443,18.632649999999998,0.6174028,0.8621372,0.7302092,0.105311714,0.69286835,0.6453894,0.91070276,0.7818451,0.11441636,0.781055,0.6189377,0.8621372,0.7400138,0.09683195,0.70438755,0.6174028,0.91070276,0.7720405,0.12536609,0.781055,0.7557043,0.97219324,0.8697748,0.10013227,0.87658876,0.7188277,0.82654333,0.77919304,0.038932778,0.77956295,0.35792312,0.78255785,0.63894117,0.15143467,0.66110164,79.20781,93.180336,86.35387,6.887301,86.5232,78.86867,86.83066,82.23812,3.5261548,80.025215,5.949458,17.417341,10.961794,4.1328707,10.74972,0.37353516,1.0957031,0.70754397,0.30632088,0.6660156,35,46,41.7,3.4657049948186724,41.5,RBX1,60,PXDesign,SolubleMPNN,20,binder,0.8982936954498291,binder
8950451a-e1e5-509e-ab4d-734f408845e4,0.89547,0.92351,0.909004,0.012070566680980659,0.91178,0.81356,0.86441,0.83729,0.01932597345543042,0.83051,0.46,0.5596,0.49876,0.04577060191869886,0.4702,0.6894,1.0475,0.85856,0.1589603189478431,0.7899,0.79892176,0.81782156,0.806636,0.0074352305,0.80706376,0.87157035,0.8982112,0.8864064,0.010244374,0.8904812,0.87157035,0.8982112,0.8864064,0.010244374,0.8904812,0.79892176,0.81782156,0.806636,0.0074352305,0.80706376,0.9496779,0.9554167,0.9520251,0.002256749,0.9521664,0.95921904,0.96420956,0.9616558,0.0017757517,0.96155876,0.7149596,0.73781693,0.726851,0.008429266,0.72805303,88.58741,89.75754,88.95396,0.49838877,88.65926,95.76364,95.91868,95.83029,0.057707563,95.8168,3.2616467,3.54771,3.4003654,0.104503885,3.3887665,0.8046875,0.83154297,0.81884766,0.01320618,0.8222656,78,85,82.2,2.5884358211089555,83.0,MBP,91,RFdiffusion3,Caliby (SolubleCaliby),26,non_binder,0.9820743513107298,binder
89a5d5d0-28cc-59c0-9145-03137848a4ee,0.01698,0.78674,0.40163399999999994,0.3762003406637952,0.40154999999999996,0.0,0.7619,0.357143,0.3777977085704877,0.333335,1.1175,18.3223,7.350149999999999,6.82752077375903,5.3755500000000005,1.6611,39.4854,13.86655,14.051682831307666,9.229600000000001,0.0,0.6089582,0.3761968,0.18413982,0.41317213,0.010055951,0.8659643,0.6518816,0.27934206,0.76639193,0.010055951,0.8659643,0.6518816,0.27934206,0.76639193,0.0,0.6089582,0.3761968,0.18413982,0.41317213,0.2957376,0.9273474,0.7903396,0.192805,0.86138535,0.75517064,0.96818274,0.91876394,0.06527897,0.9418658,0.04055091,0.6379234,0.45031875,0.19725816,0.5218267,79.42659,89.783844,86.84464,3.7969568,88.53406,82.134575,93.67608,89.9378,4.26734,91.08795,4.6713333,19.138142,7.9085083,4.453843,6.278646,1.4794922,9.921875,3.06875,2.5784962,2.1601562,47,76,60.3,9.262229153335005,59.5,Nipah-G,63,Proteina-Complexa,SolubleMPNN,17,non_binder,0.9113798594474791,binder
89b0f36f-4a43-5f19-8368-637b08a1e616,0.91774,0.94412,0.932264,0.013086341352723472,0.94001,1.0,1.0,1.0,0.0,1.0,0.6195,0.7782,0.69176,0.07866176326526121,0.6558,1.1982,1.6119,1.41792,0.1874077693160025,1.4049,0.7574372,0.80492765,0.7819068,0.016982872,0.78292614,0.82058793,0.84575295,0.8342668,0.011662532,0.8362997,0.82058793,0.84575295,0.8342668,0.011662532,0.8362997,0.7574372,0.80492765,0.7819068,0.016982872,0.78292614,0.9310428,0.9470649,0.9393991,0.0057277824,0.9398168,0.9386874,0.94826776,0.9439843,0.0035062958,0.9442879,0.69403017,0.7182934,0.70772374,0.008956291,0.7103713,96.10939,96.732414,96.54346,0.252322,96.60429,96.17416,96.572845,96.436554,0.16133036,96.5143,3.6412587,3.9525952,3.7669663,0.117718786,3.7309663,0.73779297,0.83740234,0.78691405,0.036257308,0.79248047,28,29,28.4,0.5477225575051664,28.0,IL-7Ra,67,RFdiffusion3,SolubleMPNN,7,non_binder,0.9796748805046082,binder
89b204d0-6af0-5a8b-9294-26a27b8f6cfb,0.7924,0.81174,0.80549,0.007605327080408824,0.80718,0.54545,0.63636,0.5818160000000001,0.038030979214319485,0.59091,0.528,0.6977,0.61986,0.06071983201557788,0.624,1.0317,1.3408,1.1794,0.1398828617093602,1.1388,0.90794075,0.92225695,0.9129944,0.0057365713,0.9106713,0.93605876,0.94439757,0.93887794,0.0035935268,0.9368201,0.93605876,0.94439757,0.93887794,0.0035935268,0.9368201,0.90794075,0.92225695,0.9129944,0.0057365713,0.9106713,0.96307176,0.9680578,0.9647686,0.002142447,0.9635418,0.97124445,0.97579557,0.9728815,0.0017997784,0.97204447,0.79766566,0.8155247,0.8042504,0.0068291556,0.80310655,95.69925,95.90266,95.82857,0.07698055,95.83827,96.31979,96.69934,96.47795,0.15049662,96.43332,2.3589604,2.660039,2.532597,0.10941417,2.556549,0.43847656,0.48901367,0.4666504,0.019074712,0.47094727,31,36,33.0,1.8708286933869707,33.0,PD-L1,88,FreeBindCraft (BindCraft),SolubleMPNN,13,binder,0.9713125395774841,binder
8a2b90c5-3e1e-5fc2-9c55-7fd5a5ae552d,0.63029,0.68294,0.6643100000000001,0.021632559950223184,0.67455,0.5,0.5,0.5,0.0,0.5,1.1331,1.344,1.2138,0.08589211255988535,1.194,2.4723,3.7623,2.9979400000000003,0.5264165584401767,3.0344,0.7390078,0.80501187,0.76699245,0.025870627,0.76244247,0.8592429,0.8946418,0.8769742,0.012908112,0.87470305,0.7390078,0.80501187,0.76699245,0.025870627,0.76244247,0.8592429,0.8946418,0.8769742,0.012908112,0.87470305,0.9323065,0.95055604,0.9414612,0.006608463,0.94055253,0.9046456,0.93470126,0.91852236,0.013427522,0.9115463,0.6516064,0.68676287,0.6677989,0.015272124,0.6717056,95.0928,95.84157,95.528275,0.3362093,95.73084,83.15052,87.40571,85.456985,1.815828,86.29481,4.717107,5.623414,5.29256,0.41037846,5.498215,0.53466797,0.7036133,0.6338867,0.064687036,0.62841797,23,27,25.6,1.6733200530681513,26.0,TREM2,118,FreeBindCraft (BindCraft),SolubleMPNN,18,binder,0.9038829588890075,binder
8a82f476-17e1-5d4a-b053-3ff2699c7b1f,0.8717,0.90978,0.894694,0.015486044685457945,0.89274,0.80645,0.90323,0.851614,0.036782059213698225,0.83871,0.5945,0.7108,0.65504,0.04461113089801691,0.6514,0.6541,0.7789,0.72234,0.05112678358747005,0.7243,0.9248476,0.9321059,0.9294077,0.0031259605,0.93080914,0.9427965,0.94986606,0.94740313,0.0028612583,0.94776845,0.9427965,0.94986606,0.94740313,0.0028612583,0.94776845,0.9248476,0.9321059,0.9294077,0.0031259605,0.93080914,0.9766461,0.9791495,0.97821,0.0010670322,0.9787215,0.9784129,0.98145735,0.9801453,0.0011377856,0.9802534,0.80033475,0.8132157,0.8071699,0.004846448,0.806265,95.94535,96.05818,95.99223,0.04862093,95.99208,94.337906,94.761215,94.59014,0.1756273,94.61751,2.5430772,2.762542,2.6386158,0.08056395,2.6302376,0.33032227,0.34887695,0.33911133,0.0075387685,0.33666992,64,69,67.0,1.8708286933869707,67.0,BHRF1,72,Proteina-Complexa,SolubleMPNN,20,non_binder,0.985325243473053,binder
8a8ac6c9-e09b-4ab8-b79c-fa94905879de,0.54716,0.62597,0.585558,0.03026067370917796,0.58063,0.47458,0.64516,0.557463,0.06049929550554006,0.541145,2.1416,2.3921,2.25898,0.10904931402300946,2.25235,2.6054,3.2493,2.94642,0.23468912676607362,2.949,0.17846261,0.5953266,0.37830597,0.13040064,0.37792304,0.45153838,0.72768635,0.56984204,0.08839105,0.56832856,0.45153838,0.7901447,0.6543874,0.10181018,0.66839385,0.17846261,0.5953266,0.37830597,0.13040064,0.37792304,0.88209796,0.94308966,0.9142002,0.019532789,0.91783935,0.90775305,0.951573,0.92949927,0.014588223,0.93161106,0.26381534,0.59400785,0.4565447,0.10029214,0.46616295,81.64182,84.515,82.75053,0.83900285,82.543686,85.715164,87.52458,86.68834,0.6737082,86.81636,5.4207425,9.791223,7.281335,1.325433,7.1631374,1.7314453,5.0976562,3.1291993,1.0340245,2.9453125,46,60,53.8,4.9396356140913875,54.5,TNFa,80,PXDesign,SolubleMPNN,43,non_binder,0.934606909751892,binder
8a9f3036-b5d6-5ffe-b141-a45bdc3eaa5a,0.01329,0.34064,0.180545,0.16632853060868555,0.19471,0.0,0.0,0.0,0.0,0.0,8.9044,26.1519,16.66569,8.155173094348013,15.387550000000001,0.6281,43.6082,18.595049999999997,19.631141148935903,10.4779,0.0,0.284836,0.10285474,0.10527077,0.09512517,0.0,0.6420689,0.25620943,0.24692377,0.28862548,0.0,0.6420689,0.27800265,0.26342556,0.28862548,0.0,0.284836,0.10285474,0.10527077,0.09512517,0.66759825,0.9343721,0.812325,0.11824547,0.88367665,0.7424566,0.9485108,0.85442543,0.09194824,0.9101072,0.0,0.45395377,0.18487704,0.17240675,0.17460127,78.39567,82.851814,79.990005,1.3749696,79.605835,85.12633,87.81717,86.481445,1.0499465,86.66543,7.236633,20.762957,13.511866,5.5143504,11.299621,3.1191406,12.9375,7.5890627,3.8006876,6.3378906,18,38,28.9,7.880355321938218,30.5,TNFa,62,RFdiffusion,SolubleMPNN,26,non_binder,0.600033539533615,binder
8acef4f2-3589-57c6-997d-11f3561ce7a8,0.71065,0.75336,0.731768,0.019712474984131284,0.72694,0.75,0.83333,0.783334,0.03486003772229744,0.79167,1.4418,1.7929,1.6042999999999998,0.1315672261621411,1.6007,1.8816,2.3582,2.06496,0.18289233991613757,1.9978,0.87726796,0.8868011,0.88181067,0.003469522,0.8813253,0.936476,0.94186264,0.9399704,0.0020759602,0.94024146,0.936476,0.94186264,0.9399704,0.0020759602,0.94024146,0.87726796,0.8868011,0.88181067,0.003469522,0.8813253,0.9634709,0.9666829,0.9655526,0.0012374214,0.9657083,0.9645362,0.96766365,0.9662188,0.0011125879,0.9663396,0.7860378,0.79460686,0.7903107,0.004087541,0.789562,95.712616,96.31063,96.04818,0.23393573,96.06382,95.32089,95.7121,95.487404,0.15644737,95.488594,2.8292923,2.9444072,2.9084048,0.04644545,2.9254925,0.4440918,0.4699707,0.4561035,0.009257084,0.4555664,25,27,26.4,0.8944271909999157,27.0,PD-L1,89,RFdiffusion,SolubleMPNN,11,binder,0.9805375170707702,binder
8b10724f-2566-58ac-8361-f07764f63d9a,0.00503,0.61633,0.409034,0.24398143265420835,0.44231,0.0,1.0,0.55,0.37080992435478316,0.5,1.3689,26.4106,6.5119,11.124641211517789,1.6609,9.2667,77.517,24.95798,29.459148222954443,12.33,0.0,0.010521059,0.0010521059,0.003327051,0.0,0.0,0.012398065,0.0034074397,0.005508838,0.0,0.0,0.012398065,0.0034074397,0.005508838,0.0,0.0,0.010521059,0.0010521059,0.003327051,0.0,0.38246712,0.6525796,0.54745185,0.09215762,0.58169866,0.47965083,0.6867937,0.6085595,0.08036308,0.6376635,0.0,0.063320234,0.020573737,0.027641607,0.0,72.71442,89.532,81.27141,6.4920216,80.238914,72.22482,80.37875,76.07951,2.9833155,75.37552,18.070993,27.449665,22.90981,3.179452,23.134562,8.140625,19.953125,13.014063,3.9157536,12.964844,15,51,31.1,10.514011814927946,27.0,Latent GDF-8,100,RFdiffusion,SolubleMPNN,21,non_binder,0.5250844526290894,binder
8b60f4cc-6164-514c-81c6-857d6d0b11c4,0.69614,0.75301,0.728076,0.021676110813520028,0.73121,0.5,0.5,0.5,0.0,0.5,0.7069,0.9795,0.8380599999999999,0.10125770587960212,0.8266,2.1246,3.0285,2.45316,0.3752056942531657,2.3932,0.7577585,0.81271285,0.7787263,0.022754282,0.7668296,0.8551257,0.88101447,0.8707021,0.009769116,0.87055373,0.7577585,0.81271285,0.7787263,0.022754282,0.7668296,0.8551257,0.88101447,0.8707021,0.009769116,0.87055373,0.954354,0.9630609,0.9596202,0.0033259715,0.9594752,0.8926046,0.93376756,0.9090422,0.018509163,0.89825714,0.67339164,0.71168953,0.68990254,0.015792532,0.6931336,94.76379,95.86566,95.38588,0.43722752,95.501045,84.68987,88.824394,86.2144,1.6694783,85.545204,4.1641703,5.202658,4.768822,0.40675005,4.919899,0.54589844,0.5961914,0.5732422,0.018056506,0.5761719,16,25,20.2,3.2710854467592254,20.0,TREM2,71,PXDesign,SolubleMPNN,18,binder,0.9101516771316528,binder
8b61af49-291b-5226-b8d7-10f06d4a5164,0.00611,0.02111,0.008931,0.0053756910666857005,0.00633,0.0,0.0,0.0,0.0,0.0,16.548,31.3587,27.80847,5.492952019542862,30.4439,35.1736,66.8541,59.48517,11.777253857051925,65.22194999999999,0.0,0.0,0.0,0.0,0.0,0.0,0.0,0.0,0.0,0.0,0.0,0.0,0.0,0.0,0.0,0.0,0.0,0.0,0.0,0.0,0.18561073,0.8302622,0.5106475,0.31757545,0.50720733,0.61136895,0.8691506,0.7429548,0.117924616,0.73615897,0.0,0.0,0.0,0.0,0.0,62.30919,73.86875,67.14854,4.2655663,68.18222,84.923546,85.98392,85.48035,0.33017614,85.51059,22.973469,28.179762,26.781717,1.4959025,26.852346,16.15625,24.96875,19.721874,2.8944166,19.75,26,59,44.2,10.206751578135806,45.5,Cas9,80,PXDesign,SolubleMPNN,26,non_binder,0.3971484637260437,non_binder
8bbb4349-fd1f-5ba1-ab74-04f88f057a41,0.00896,0.53526,0.35407299999999997,0.20484987657903153,0.438095,0.0,0.78571,0.492856,0.28955721926187,0.5714250000000001,1.6186,20.4382,5.60262,7.491960676144055,1.8194499999999998,8.8223,57.2957,20.569319999999998,16.280129035306267,15.05355,0.0,0.836041,0.542163,0.32310122,0.61936253,0.0,0.9107036,0.6415082,0.3135605,0.73076254,0.0,0.836041,0.5978044,0.27700934,0.6649714,0.0,0.9107036,0.5858668,0.36246967,0.68515366,0.7347275,0.9623836,0.86522293,0.1024452,0.8973067,0.73258793,0.8504866,0.8028282,0.05126056,0.8339413,0.0,0.77189845,0.50372183,0.2880736,0.58287287,61.302574,93.06573,82.81648,11.241567,85.230286,76.00138,86.23738,81.006836,4.435537,80.11011,5.7861304,22.578588,11.114546,5.4297853,9.541285,0.46020508,14.7421875,2.7102783,4.364537,1.104248,32,48,39.5,4.904646323187388,41.0,RBX1,85,PXDesign,SolubleMPNN,24,non_binder,0.853925507068634,binder
8bd1e4c3-9afc-545e-bb60-1fc2eec36f09,0.86908,0.92865,0.9080360000000001,0.023607975982705524,0.9172,0.875,0.91667,0.900002,0.022823598971240255,0.91667,0.5083,0.7389,0.58108,0.09618186939335294,0.5411,0.7767,2.3759,1.7460799999999999,0.6632118681085254,1.9268,0.7598159,0.803932,0.78397214,0.018455053,0.78412086,0.76941663,0.81864643,0.7968308,0.019966504,0.792628,0.76941663,0.81864643,0.7968308,0.019966504,0.792628,0.7598159,0.803932,0.78397214,0.018455053,0.78412086,0.8692845,0.90068567,0.88666314,0.012504104,0.8835764,0.9187599,0.93479973,0.9276789,0.006756105,0.9256218,0.7259501,0.75223565,0.74040145,0.010638875,0.7374388,96.5578,97.4435,97.166595,0.35247386,97.31278,95.93845,96.730354,96.2168,0.30179566,96.15107,3.2958922,3.683006,3.468951,0.15407759,3.424955,0.75,0.9760742,0.8251953,0.09197397,0.79345703,34,40,37.6,2.5099800796022262,39.0,TrkA,100,RFdiffusion3,SolubleMPNN,11,non_binder,0.9642940378189085,binder
8bdecc83-b1f9-4024-8d85-0a80c26f0b62,0.15172,0.77008,0.513404,0.2751426525842751,0.65333,0.0,1.0,0.5916669999999999,0.45210378602091406,0.75,1.396,6.065,3.05647,2.0173568086594016,1.7126000000000001,4.1345,10.4645,6.87432,2.7367353770505467,5.33725,0.17972054,0.7666483,0.49788395,0.22211105,0.5734123,0.20594724,0.8692362,0.62158555,0.26811135,0.79649425,0.37369052,0.90878034,0.7035929,0.19038065,0.7971935,0.17972054,0.7666483,0.49788395,0.22211105,0.5734123,0.7906593,0.96749306,0.91408956,0.060929425,0.94813,0.8282464,0.97239095,0.92913496,0.0494504,0.955933,0.22735767,0.6576745,0.48726326,0.15404068,0.5578654,84.17065,92.35183,88.27623,2.4007378,88.75119,85.45123,89.29872,88.171745,1.2692001,88.60562,4.5873666,10.687199,7.0112214,1.9671044,6.2315693,0.8911133,5.6015625,2.539502,1.6711367,1.6499023,29,44,36.3,4.643992535164831,37.5,TNFa,89,RFdiffusion,SolubleMPNN,32,non_binder,0.9019111847877501,binder
8c12f50e-31b0-5daa-adf3-51bbfd7836bd,0.01133,0.02464,0.017203,0.0033835584489968215,0.01636,0.0,0.0,0.0,0.0,0.0,11.463,15.5391,13.31859,1.2185882491637605,13.09275,34.5424,53.3501,42.98697,4.877177888458313,43.621750000000006,0.0,0.6377059,0.2969911,0.2559419,0.21819153,0.011012581,0.70675206,0.38877216,0.2852294,0.42731816,0.0,0.70675206,0.3865118,0.2885733,0.42731816,0.011012581,0.6377059,0.29925147,0.25305572,0.21819153,0.41337577,0.8784094,0.7423679,0.1717642,0.8304473,0.57737386,0.86763,0.7639652,0.10665702,0.7938264,0.04936764,0.69182664,0.36093953,0.24153844,0.31781322,67.214966,90.7084,79.834946,8.760741,83.80336,72.893555,83.36841,76.71614,2.8335013,76.38542,4.5539083,21.041607,11.1786785,5.7206426,9.988207,1.3369141,9.4765625,4.279004,3.1272407,3.5791016,14,57,37.0,13.98411797560202,33.5,RBX1,66,RFdiffusion,SolubleMPNN,10,non_binder,0.6100466775894166,binder
8c2366ef-3543-53d7-8029-90953c2c691c,0.00512,0.00587,0.005516,0.00028658332121740763,0.00558,0.0,0.0,0.0,0.0,0.0,23.8925,28.9778,26.73888,2.1420670687445806,27.4633,69.768,77.7233,73.1875,3.129475701295663,72.9135,0.0,0.0,0.0,0.0,0.0,0.0,0.018419625,0.0018419626,0.005824797,0.0,0.0,0.018419625,0.0018419626,0.005824797,0.0,0.0,0.0,0.0,0.0,0.0,0.44896454,0.67189777,0.61091477,0.077975325,0.6459795,0.49675322,0.7322988,0.66628313,0.07720743,0.7014525,0.0,0.07979067,0.017170014,0.027466336,0.0,82.87801,87.058,84.27529,1.1878811,84.17234,72.297005,80.42926,76.164795,2.8268747,75.80429,16.977549,28.922329,23.431427,4.024789,22.434355,7.7851562,23.65625,14.911328,5.753655,12.7578125,4,39,27.9,11.396393191610134,32.5,Latent GDF-8,83,RFdiffusion,SolubleMPNN,19,non_binder,0.2826664334535598,non_binder
8c40f505-ee0b-5112-8f6a-c07efb3de413,0.65332,0.76852,0.69153,0.04577520289414348,0.67842,1.0,1.0,1.0,0.0,1.0,0.5244,0.5983,0.56364,0.028897197095912243,0.5573,9.6371,25.9037,19.589620000000004,6.809715545233882,19.8442,0.21720786,0.4615395,0.3815567,0.09630593,0.4236437,0.40748224,0.6242167,0.55825275,0.086000934,0.5843367,0.40748224,0.6242167,0.55825275,0.086000934,0.5843367,0.21720786,0.4615395,0.3815567,0.09630593,0.4236437,0.65518206,0.85356003,0.79655254,0.080780655,0.83336526,0.5393364,0.60340077,0.5790242,0.02882006,0.59621865,0.29244092,0.462206,0.41879544,0.07188336,0.45083246,88.08186,89.14003,88.65114,0.3851231,88.635185,86.55943,87.942375,87.330185,0.6137795,87.43115,14.71223,17.126272,15.477045,0.9749059,15.026345,2.7460938,5.5742188,3.5367188,1.1575717,3.1503906,45,70,51.8,10.2810505299799,48.0,EGFR,93,Genie3,SolubleMPNN,37,non_binder,0.7857879078388214,binder
8c800769-5f06-502f-a8d2-d2951b81c396,0.01535,0.8837,0.353568,0.44411679248819225,0.04201,0.0,0.88889,0.325926,0.44935575892604285,0.0,0.7368,15.6212,8.62722,7.314607643066031,11.1804,1.811,44.1598,20.01288,17.9069152746083,24.3832,0.0,0.2536183,0.05072366,0.11342155,0.0,0.0,0.33498788,0.06699757,0.14981113,0.0,0.0,0.33498788,0.06699757,0.14981113,0.0,0.0,0.2536183,0.05072366,0.11342155,0.0,0.13516732,0.5647278,0.27827606,0.17440787,0.26902753,0.7363028,0.8474679,0.7857565,0.041498702,0.7869905,0.0,0.20326252,0.05259682,0.08568905,0.02266374,88.980156,92.15788,90.51443,1.225674,90.667656,94.285065,95.57413,95.006195,0.5311036,94.84548,10.634499,22.196571,17.170748,4.782163,16.159437,5.7734375,14.3359375,11.089063,3.441788,10.9375,22,43,32.8,7.463243262818117,33.0,MBP,118,Proteina-Complexa,SolubleMPNN,12,non_binder,0.5639039742946625,binder
8d322fa3-ba94-542e-be3b-c2a7a43d74a8,0.76319,0.86551,0.8180759999999999,0.04792256337050431,0.83917,0.58824,0.76471,0.6941200000000001,0.07669649894225943,0.70588,0.5011,0.8934,0.6843600000000001,0.18316550712402158,0.673,1.9143,2.5001,2.23488,0.23712041666630063,2.2407,0.64098644,0.6880617,0.6642583,0.01994954,0.6610342,0.65295863,0.69805574,0.6717141,0.018543301,0.6671622,0.64098644,0.6880617,0.6645793,0.020294754,0.6610342,0.65295863,0.69805574,0.6713931,0.018321745,0.6671622,0.7877134,0.82074845,0.8044632,0.01428768,0.8020357,0.8751482,0.8930426,0.8838703,0.007701688,0.8852677,0.657278,0.6806073,0.66756153,0.009371054,0.66672146,96.09008,96.64245,96.38708,0.20065302,96.41983,96.218575,96.64012,96.515175,0.18106261,96.61686,4.091121,4.4027586,4.258375,0.11921228,4.27059,1.2558594,1.4199219,1.3365234,0.06806438,1.3378906,16,23,19.0,3.3166247903554,18.0,TrkA,107,RFdiffusion3,SolubleMPNN,8,non_binder,0.9679707574844361,binder
8d6ed02f-a31f-57ab-8040-b8c809d8b610,0.75709,0.79982,0.7747539999999999,0.019604431386806377,0.76724,1.0,1.0,1.0,0.0,1.0,1.2478,1.5896,1.43932,0.12625552265148637,1.4755,3.3508,5.0206,4.21282,0.5940578103181541,4.2468,0.31181562,0.47114515,0.40587297,0.058869697,0.40827248,0.5385791,0.6835315,0.62739563,0.05496813,0.6324987,0.5385791,0.6835315,0.62739563,0.05496813,0.6324987,0.31181562,0.47114515,0.40587297,0.058869697,0.40827248,0.77219385,0.85884523,0.8279092,0.032762047,0.8353739,0.6004152,0.71503264,0.6438116,0.047193203,0.6212937,0.3999792,0.47921923,0.43896502,0.034387395,0.4448625,85.57051,86.479836,86.1509,0.34885973,86.1858,84.904335,86.25097,85.53143,0.60060537,85.75227,11.839182,15.190887,13.774005,1.4454812,14.191216,1.6689453,2.6210938,2.0755858,0.39328536,2.1640625,27,45,33.6,6.767569726275452,32.0,EGFR,78,RFdiffusion,Caliby (SolubleCaliby),34,non_binder,0.8924944972991943,binder
8dbb16b3-01bd-5b51-8195-d7846200a1ba,0.00853,0.03085,0.017956,0.0077124433367268385,0.01559,0.0,0.0,0.0,0.0,0.0,14.8405,26.5586,18.36948,4.129277211651775,16.77705,27.7371,56.1481,41.5878,9.701694772564224,43.2672,0.0,0.067562245,0.015232983,0.026796395,0.0,0.0,0.18315189,0.035777368,0.07005846,0.0,0.0,0.18315189,0.035777368,0.07005846,0.0,0.0,0.067562245,0.015232983,0.026796395,0.0,0.77060646,0.9030411,0.8407338,0.058059204,0.8514205,0.8492355,0.9351071,0.8945449,0.037705578,0.90103185,0.0,0.11432714,0.03614045,0.043632146,0.02384163,79.65222,86.737434,82.62877,2.5548038,81.84543,94.01028,96.031685,95.37066,0.7691967,95.70618,12.964919,24.731688,17.611254,4.479199,15.823509,7.5585938,19.390625,12.461719,4.7598214,10.828125,10,42,25.0,11.025223605694151,28.5,15-PGDH,59,BoltzGen,designed jointly by the structure model (native co-design),8,non_binder,0.5396541202068329,binder
8ddd36c5-95d5-407b-8407-c07f3da3d7e7,0.45082,0.51666,0.478298,0.02776903797397383,0.48287,0.33333,0.47619,0.38095,0.05832235077566746,0.38095,2.3019,2.5463,2.40924,0.10822046017274187,2.3761,4.3382,4.8519,4.59284,0.20187452290965324,4.5702,0.6824648,0.8277131,0.76142293,0.04253261,0.7593198,0.7637513,0.89010465,0.84071654,0.041236356,0.8457693,0.85478354,0.9180668,0.8897015,0.020231346,0.88860667,0.6824648,0.8277131,0.76142293,0.04253261,0.7593198,0.9591756,0.97568077,0.96860206,0.0050133774,0.9697705,0.9639592,0.97983736,0.9724182,0.0047163544,0.9735515,0.63630646,0.7144193,0.67460144,0.023943892,0.66919565,87.016106,90.741974,88.89383,1.138554,88.91846,88.20807,89.71099,89.050156,0.5120987,89.233665,4.14556,5.29805,4.618973,0.40686172,4.531427,0.6640625,1.2832031,0.93251956,0.18728976,0.91430664,32,51,40.0,5.120763831912403,39.5,TNFa,74,RFdiffusion,SolubleMPNN,42,non_binder,0.9133637833595276,binder
8deae745-33f9-5d5a-b7f5-01f16e43dfde,0.73905,0.78207,0.769164,0.017677454002202928,0.77677,0.89474,0.94737,0.926318,0.02882663820149691,0.94737,1.7223,2.0367,1.8330600000000001,0.12229894930047448,1.779,1.0175,1.475,1.2368400000000002,0.17858610808234784,1.2817,0.80883396,0.87863,0.8590175,0.028785873,0.8659613,0.8092523,0.8818469,0.8606688,0.029759685,0.86670274,0.80883396,0.8818469,0.8603077,0.029881181,0.8659613,0.8092523,0.87863,0.8593785,0.028680041,0.86670274,0.90856284,0.9444589,0.9344681,0.014819475,0.93829817,0.9235837,0.95348936,0.9449089,0.012292497,0.94821906,0.70079577,0.7612082,0.7419609,0.024069685,0.74581057,94.58116,95.28979,94.98429,0.26709694,95.041214,90.80808,92.37247,91.35707,0.6132686,91.08898,3.0864263,3.8635113,3.3278604,0.31676334,3.2853498,0.6347656,0.89697266,0.71796876,0.103542455,0.6748047,42,51,48.2,3.563705936241093,49.0,BBF-14,88,PXDesign,SolubleMPNN,29,non_binder,0.97516695022583,binder
8e2f68e0-a6f5-5ecf-a9d3-422abfc08323,0.63593,0.85183,0.775934,0.09447603997839878,0.82012,0.56,0.78,0.688,0.09338094023942997,0.74,0.6922,1.543,1.0052999999999999,0.3539886580103944,0.866,1.0401,3.4019,1.9358800000000003,0.9621229193819258,1.4853,0.7191639,0.77905446,0.73841375,0.02353299,0.73387563,0.89838815,0.91453403,0.9077862,0.0068574925,0.90860087,0.89838815,0.91453403,0.9077862,0.0068574925,0.90860087,0.7191639,0.77905446,0.73841375,0.02353299,0.73387563,0.93315154,0.9506327,0.9387975,0.006848742,0.9374102,0.96204114,0.96620417,0.9647018,0.0018383339,0.9655957,0.69355774,0.72629845,0.7149067,0.012528434,0.7172694,90.82186,92.058075,91.65001,0.508638,91.82591,96.31604,96.787926,96.6028,0.21167345,96.73417,3.5389798,3.9571965,3.6746726,0.16521174,3.6299028,1.0712891,1.1835938,1.1197265,0.048694152,1.1162109,35,71,56.0,14.66287829861518,63.0,MBP,80,RFdiffusion3,SolubleMPNN,19,non_binder,0.9756952333450317,binder
8e55f8bf-e0d3-549d-a335-af4b1ee836fc,0.8035,0.83705,0.8237439999999999,0.0135026267814822,0.82515,0.79167,0.875,0.85,0.03726686799289684,0.875,1.0912,1.1439,1.11024,0.02207539354122582,1.1028,0.9749,1.7685,1.3256999999999999,0.34391895120798444,1.3592,0.75717384,0.82181054,0.8005244,0.025740268,0.80478185,0.7684091,0.8385554,0.81627274,0.0282218,0.82376546,0.7684091,0.8385554,0.81627274,0.0282218,0.82376546,0.75717384,0.82181054,0.8005244,0.025740268,0.80478185,0.88882685,0.92206776,0.91123545,0.013255612,0.9135917,0.91087246,0.93653756,0.9274599,0.010105877,0.9296695,0.69561327,0.74695975,0.7257068,0.020054724,0.72919214,95.519585,96.139885,95.98181,0.26028374,96.079216,91.83785,92.82954,92.345604,0.440027,92.288864,3.357226,3.9631011,3.563193,0.25359613,3.4800894,0.76953125,1.015625,0.85146487,0.09493863,0.82373047,39,44,40.6,2.0736441353327733,40.0,BBF-14,80,RFdiffusion3,SolubleMPNN,16,non_binder,0.966645610332489,binder
8e6125b2-7657-51bf-a1ba-1b37378c1d81,0.01483,0.91088,0.458127,0.46719235058544734,0.45232999999999995,0.0,0.83333,0.41666499999999995,0.43920347375801927,0.416665,0.4414,16.5015,8.45114,8.373897973425121,8.4248,1.232,43.8015,22.530970000000003,22.28533796313671,22.576700000000002,0.12266085,0.864759,0.5087119,0.3710989,0.52121866,0.148437,0.9177911,0.56227344,0.36913073,0.59371674,0.148437,0.864759,0.5372822,0.3429327,0.570394,0.12266085,0.9177911,0.5337031,0.39743644,0.5445414,0.78200805,0.9723017,0.88364947,0.091420814,0.89703083,0.7645189,0.8301516,0.8049968,0.024922078,0.81459546,0.17968081,0.79027206,0.49609882,0.3064583,0.507311,82.908585,93.18195,88.58551,4.677244,88.65909,78.60107,84.72394,81.675476,2.713423,81.54379,6.9592447,14.68469,10.672485,3.4883096,10.421043,0.37768555,4.296875,2.1470459,1.8654234,1.9311523,37,54,48.7,5.229191567005787,50.5,RBX1,67,PXDesign,SolubleMPNN,22,non_binder,0.8336788403987885,binder
8f319a1a-5749-5ef7-870b-d0e42ca6220e,0.01267,0.02095,0.015506,0.003247873150232317,0.01497,0.0,0.0,0.0,0.0,0.0,11.1419,15.4111,13.966,1.6862050794609766,14.2907,39.131,49.5229,45.29844,3.9720696686991785,45.2999,0.0,0.0,0.0,0.0,0.0,0.0,0.0,0.0,0.0,0.0,0.0,0.0,0.0,0.0,0.0,0.0,0.0,0.0,0.0,0.0,0.09471905,0.19779746,0.1378605,0.0487202,0.1067096,0.78096133,0.81584567,0.79792964,0.014570674,0.79616314,0.0,0.0,0.0,0.0,0.0,83.26198,84.16943,83.594406,0.3581352,83.57759,92.87276,94.078926,93.59368,0.47467062,93.81658,17.621218,25.393595,21.885044,3.5371206,23.534899,12.0625,19.265625,16.135937,3.1440706,17.640625,13,57,42.2,17.455658108475888,49.0,MBP,90,RFdiffusion3,SolubleMPNN,13,non_binder,0.5030951642990112,binder
8f5e142c-1b1b-54f8-b215-698e651b685b,0.48802,0.62336,0.534239,0.046538723768491996,0.52492,0.36667,0.48333,0.411667,0.0304781444645175,0.4,1.2354,2.4778,1.8579599999999998,0.5058148831341363,1.76695,3.2242,6.5412,4.5837,0.9293117752162378,4.328,0.3001877,0.8781378,0.65675247,0.22048946,0.711913,0.49578908,0.8809891,0.7151977,0.15138134,0.7369728,0.49578908,0.8781378,0.7137299,0.1499243,0.73422873,0.3001877,0.9150502,0.6781859,0.24129985,0.7333522,0.77496666,0.9388893,0.88046753,0.05625642,0.89890146,0.82477725,0.95007426,0.898948,0.045971327,0.9096956,0.4447181,0.7488939,0.6219027,0.11326077,0.64117694,89.10207,93.74624,91.788864,1.73692,92.274055,92.323265,94.43018,93.70149,0.7595207,93.96187,3.1123993,7.039119,4.8256383,1.4640999,4.594593,0.5341797,3.2324219,1.488086,1.0059714,1.1992188,26,38,33.4,3.339993346633427,34.0,VEGF-A,83,BoltzGen,SolubleMPNN,11,non_binder,0.8830910110473632,binder
8f6e113d-56c0-58b0-a62a-ea4daa83b0cc,0.00771,0.7977,0.379895,0.39211361149119356,0.35424,0.0,0.77143,0.33428599999999997,0.3566158219273072,0.285715,1.0507,22.8662,11.42406,10.84467875464993,10.70195,0.9999,61.3541,29.6715,29.665051195266418,27.89725,0.0,0.79549766,0.48945922,0.29979357,0.54183507,0.0,0.9044439,0.6324682,0.31887856,0.7489904,0.0,0.9044439,0.6324682,0.31887856,0.7489904,0.0,0.79549766,0.48945922,0.29979357,0.54183507,0.23836386,0.9522662,0.76924556,0.23230596,0.8518057,0.7590015,0.96576536,0.90571994,0.070396684,0.9312131,0.031758796,0.66988355,0.43286246,0.2443809,0.49278367,61.253395,93.04197,77.67593,15.786091,78.44458,80.296196,93.73359,87.67302,6.111617,88.94791,4.421093,22.35138,8.767139,5.6802807,6.8024893,0.7988281,10.359375,3.1222167,3.0439115,2.0410156,51,104,72.5,20.87129874040212,63.5,Nipah-G,92,RFdiffusion3,SolubleMPNN,20,binder,0.8727706813812256,binder
8fa3cca4-49c9-5949-8704-b4483efb939b,0.94459,0.96411,0.953152,0.007213953146507112,0.95121,1.0,1.0,1.0,0.0,1.0,0.4675,0.6029,0.521,0.053605643359631444,0.5014,1.1869,1.9926,1.53736,0.29491084754549124,1.4989,0.7846311,0.84388775,0.8213544,0.02322396,0.83214664,0.90116876,0.9105164,0.90529126,0.0033874766,0.9046263,0.7846311,0.84388775,0.8213544,0.02322396,0.83214664,0.90116876,0.9105164,0.90529126,0.0033874766,0.9046263,0.9700732,0.9731726,0.97141314,0.0011369651,0.97122926,0.90340024,0.9439854,0.9273615,0.015430425,0.9325669,0.71173316,0.7306549,0.72436506,0.0074220398,0.7268777,95.39396,96.80876,96.29097,0.57057256,96.36917,84.99389,88.9031,87.11037,1.7655154,87.96091,3.8235276,4.651615,4.1275206,0.31411886,4.0584526,0.45410156,0.4814453,0.46733397,0.012165947,0.46826172,17,37,22.6,8.203657720797473,20.0,TREM2,71,PXDesign,SolubleMPNN,17,binder,0.9755858850479124,binder
901b2836-06dc-5179-bfdc-82ac39a1a4f6,0.57424,0.61643,0.597198,0.015241936228707969,0.59908,0.77778,0.92593,0.8296300000000001,0.061975591566357804,0.81481,0.577,0.7887,0.6839999999999999,0.08786213632731679,0.6531,15.8414,29.2197,22.94362,5.585399305063158,23.0739,0.49812573,0.6655851,0.57607865,0.061633393,0.5769044,0.6276496,0.7006837,0.661868,0.027426023,0.6676718,0.6276496,0.7006837,0.661868,0.027426023,0.6676718,0.49812573,0.6655851,0.57607865,0.061633393,0.5769044,0.8628592,0.9255643,0.89368564,0.023164501,0.89442706,0.5668919,0.73405,0.6392592,0.061035085,0.6320629,0.38239148,0.52154046,0.4709765,0.05379071,0.47640648,87.90502,90.16176,89.13274,0.90066254,89.27977,85.54942,88.3478,86.911514,1.2890615,86.91767,10.362634,15.932321,13.471739,2.0492446,13.434227,1.4726562,2.4648438,1.9638672,0.36896104,1.9199219,29,48,38.4,8.264381404557753,36.0,EGFR,99,FreeBindCraft (BindCraft),SolubleMPNN,15,non_binder,0.8917655086517333,binder
9040acee-23bd-5be9-9543-e8878c19634c,0.00613,0.66346,0.10242500000000002,0.20305253853511798,0.024655,0.0,0.71429,0.07142899999999999,0.22587833098816715,0.0,1.7757,23.3512,14.39377,6.947065346533022,14.949549999999999,3.4343,70.6408,37.8063,24.486561755878355,38.7394,0.0,0.59670097,0.059670098,0.18869342,0.0,0.0,0.8081504,0.08552874,0.25397143,0.0052381195,0.0,0.8081504,0.08552874,0.25397143,0.0052381195,0.0,0.59670097,0.059670098,0.18869342,0.0,0.10496985,0.89626247,0.27467182,0.22726957,0.22434247,0.74732715,0.87043667,0.8103738,0.03972117,0.8181486,0.0,0.5191578,0.08516381,0.15718213,0.03731846,81.41992,86.72135,84.64674,1.5016016,85.15441,82.59516,92.1864,88.23367,4.167646,90.04524,8.252964,25.7689,18.86795,5.362339,18.107403,1.8017578,16.984375,10.543457,4.581732,9.894531,26,106,48.8,22.665686253306635,43.5,Nipah-G,96,BoltzGen,SolubleMPNN,33,non_binder,0.44881033539772036,non_binder
906ce7d0-d615-5089-abcb-c1bff6962f5a,0.00699,0.04507,0.020701,0.00973368315581403,0.019785,0.0,0.0,0.0,0.0,0.0,12.9069,29.9174,20.21358,4.236393418883043,20.109699999999997,22.8144,61.998,37.69146,10.031836452370579,36.0826,0.0,0.0,0.0,0.0,0.0,0.0,0.0,0.0,0.0,0.0,0.0,0.0,0.0,0.0,0.0,0.0,0.0,0.0,0.0,0.0,0.18442017,0.8507863,0.511368,0.33185503,0.50954586,0.60698736,0.8823213,0.7412394,0.12878339,0.7395386,0.0,0.0,0.0,0.0,0.0,81.21233,84.50738,82.9594,1.3591185,83.153915,85.01923,86.60225,85.936066,0.52580935,85.9938,25.90897,28.474337,27.098516,0.7967219,27.086807,20.296875,23.265625,21.725,1.0924149,21.9375,4,71,31.4,28.131437534860854,27.0,Cas9,72,BoltzGen,SolubleMPNN,22,non_binder,0.3194154638051986,non_binder
90be9de3-d8b1-5927-9089-fe02e6f0b2e8,0.68934,0.74992,0.7244740000000001,0.020097243702668414,0.725895,0.6,0.66667,0.633335,0.03513817526723766,0.633335,1.1632,1.4794,1.2871299999999999,0.10289813787322771,1.26105,1.4025,1.8602,1.65897,0.1181111251698539,1.6648,0.79203326,0.8608341,0.82753927,0.027841192,0.83379173,0.85106975,0.89213705,0.8694347,0.014441554,0.8714236,0.87804157,0.9154713,0.895209,0.014828773,0.89688456,0.79203326,0.8608341,0.82753927,0.027841192,0.83379173,0.92489916,0.94293755,0.9331322,0.005007186,0.93313795,0.9347269,0.944672,0.9385875,0.0033653942,0.9380336,0.6961461,0.73794675,0.71725374,0.017730445,0.7195121,95.42801,95.894684,95.71635,0.15425767,95.76137,97.420876,97.79562,97.59689,0.1331663,97.60651,3.755829,4.5468287,4.196252,0.2937969,4.1700416,0.49072266,0.70751953,0.60302734,0.09010579,0.5917969,28,33,30.3,1.5670212364724216,30.5,VEGF-A,89,Genie3,SolubleMPNN,24,binder,0.9652628684043884,binder
90ee2a7a-3f4c-5b64-b5cf-50b07cc3f353,0.88013,0.92842,0.89795,0.019582301958656453,0.89823,0.75,0.875,0.8125,0.04419417382415922,0.8125,0.4517,0.6565,0.52602,0.07765959052171206,0.5019,0.6921,0.9117,0.77234,0.08578943990958328,0.7547,0.8119852,0.82542896,0.8158253,0.0055479486,0.81329256,0.8519546,0.86482364,0.85634625,0.0053074276,0.8538463,0.8519546,0.86482364,0.85634625,0.0053074276,0.8538463,0.8119852,0.82542896,0.8158253,0.0055479486,0.81329256,0.93339044,0.9394111,0.9352665,0.0024218655,0.9344145,0.94770956,0.951802,0.9489275,0.001647085,0.9482974,0.7118893,0.72004104,0.7152374,0.0033943197,0.71347916,95.48441,95.76424,95.57182,0.11709062,95.51673,96.41549,96.485214,96.4445,0.02523368,96.44079,3.7176244,3.9103417,3.8133621,0.07160303,3.8230915,0.8051758,0.86328125,0.82480466,0.023362102,0.8227539,52,56,53.6,2.190890230020664,52.0,IL-7Ra,85,PXDesign,SolubleMPNN,15,binder,0.9824216723442077,binder
9120bd92-28d7-5779-810c-d24a31cfe434,0.85487,0.89841,0.882208,0.019062552819598975,0.8895,0.72222,0.83333,0.788886,0.06085745336439903,0.83333,0.499,0.5749,0.53494,0.034350589514592016,0.5194,0.9247,1.6603,1.45286,0.30020857416136537,1.5473,0.76938933,0.819238,0.7940289,0.021516515,0.7846746,0.842334,0.8637121,0.8514303,0.011138463,0.8442649,0.842334,0.8637121,0.8514303,0.011138463,0.8442649,0.76938933,0.819238,0.7940289,0.021516515,0.7846746,0.91765106,0.9298886,0.92291623,0.006354661,0.9189205,0.9280637,0.94366163,0.93459463,0.007593944,0.9296228,0.69942194,0.73314685,0.71696484,0.014562676,0.7128266,93.136475,93.83268,93.53061,0.2543501,93.54999,95.2949,95.585365,95.47156,0.123446465,95.52076,3.66435,4.23186,3.9754047,0.25817955,4.0694714,0.6767578,0.7529297,0.7185547,0.032944694,0.7319336,24,27,25.6,1.1401754250991383,26.0,TrkA,109,FreeBindCraft (BindCraft),SolubleMPNN,8,non_binder,0.9809510779380797,binder
91afc10d-a024-527e-b683-e14a774be723,0.03026,0.88481,0.519156,0.36001226899463673,0.719395,0.02632,0.89655,0.49414800000000003,0.332537814919012,0.63793,0.5562,18.3093,5.40955,6.59054425475536,1.43855,2.4049,34.3166,11.05735,11.834656850233461,3.72155,0.0,0.56770563,0.22117439,0.23922126,0.16729604,0.0,0.80117387,0.365046,0.36319533,0.358092,0.0,0.80117387,0.37394422,0.35875475,0.41287175,0.0,0.56770563,0.22117439,0.23922126,0.16729604,0.6336163,0.95676553,0.81030446,0.14240602,0.8428532,0.70816356,0.96448547,0.84932643,0.11233384,0.87479866,0.0,0.58675176,0.26991323,0.25307965,0.26979733,81.92119,85.958984,84.209915,1.1688575,84.26123,86.45057,89.45258,87.95698,1.1542923,88.14051,5.6436625,26.735926,12.700886,7.291837,9.903815,1.6484375,19.625,7.201758,5.9810205,4.975586,17,40,31.6,8.085652588244054,34.0,TNFa,76,RFdiffusion3,SolubleMPNN,24,non_binder,0.8929997658729553,binder
91cd307d-0ed3-5e79-87f3-8fec090eda4d,0.34811,0.45983,0.412479,0.039744694810195165,0.413945,0.12821,0.26531,0.199897,0.05197517977094665,0.18544,2.9402,3.6811,3.43228,0.20392787287012362,3.45875,1.9057,5.0764,3.0987099999999996,1.1729849487051776,2.8878500000000003,0.547386,0.8489881,0.73852766,0.092921145,0.7578443,0.7562485,0.8768108,0.8276836,0.03347467,0.83353174,0.8155203,0.89509904,0.86197805,0.02396887,0.867771,0.547386,0.8489881,0.73852766,0.092921145,0.7578443,0.9636644,0.98011774,0.9721597,0.0049951207,0.9720161,0.97092676,0.9836572,0.9761055,0.0038361694,0.97463584,0.55432826,0.6911561,0.63484854,0.041185107,0.6414877,77.08892,88.83432,83.93599,4.4373794,84.10864,94.811066,96.114395,95.63435,0.37245053,95.62454,4.033223,5.9695907,4.8401604,0.54408795,4.8423634,0.64746094,1.6621094,1.0371583,0.3337313,0.9614258,56,77,65.2,7.539525478731697,63.5,15-PGDH,73,RFdiffusion3,SolubleMPNN,54,non_binder,0.9015982103347777,binder
92220ae8-5aa0-5d03-9b0e-9781cf87dd0c,0.01079,0.68582,0.337979,0.3449925337501282,0.326505,0.0,1.0,0.5,0.5270462766947299,0.5,0.5998,14.7509,7.695950000000001,7.367252474483128,7.6855,15.4824,56.6024,37.58024,19.89613679147007,39.386449999999996,0.0,0.8219506,0.40480837,0.4267608,0.39664343,0.0,0.8388919,0.41453725,0.43702096,0.40709934,0.0,0.8219506,0.40480837,0.4267608,0.39664343,0.0,0.8388919,0.41453725,0.43702096,0.40709934,0.713319,0.92832416,0.82250655,0.10632032,0.82131773,0.69359237,0.83924806,0.76736194,0.062189814,0.76711094,0.0,0.74293953,0.3709251,0.37124407,0.3650423,83.34593,90.64102,87.24185,3.4878392,87.49331,72.62305,77.72975,75.81421,1.4116218,75.86014,7.274335,22.213665,15.108159,6.990025,15.099317,0.59765625,12.2421875,5.9932127,5.67033,5.63208,22,32,25.6,4.299870799092561,23.0,RBX1,86,Proteina-Complexa,SolubleMPNN,9,non_binder,0.5965796053409577,binder
925ca9e0-d7ce-5d80-944c-de8217efa867,0.02242,0.06598,0.042126,0.015704670642837436,0.04066,0.0,0.0,0.0,0.0,0.0,6.9685,14.0137,11.05104,2.6635610088751487,11.0634,19.9485,38.1251,26.30894,6.936745258981333,24.0979,0.0,0.01202127,0.004796157,0.0065674447,0.0,0.0,0.040489435,0.012642711,0.01658925,0.01026288,0.0,0.01202127,0.006848733,0.006291699,0.01026288,0.0,0.040489435,0.010590134,0.017563613,0.0,0.08628091,0.20489171,0.13359308,0.04937304,0.11826399,0.5458573,0.60716146,0.57096434,0.027137788,0.55872804,0.0,0.11486399,0.053592365,0.046691056,0.04552882,82.74256,87.13812,84.22849,1.7650901,83.957054,82.495,86.08391,84.577324,1.4237688,84.609955,12.272785,18.259546,15.311032,2.4451334,15.649577,7.5625,12.078125,9.764063,1.9368021,9.8203125,25,46,33.8,9.471008394041258,32.0,BBF-14,73,RFdiffusion3,SolubleMPNN,15,non_binder,0.2816353642940521,non_binder
926c0ee3-25ae-599d-9cc6-44d8e0b7678a,0.00974,0.05474,0.018802,0.02009001543055654,0.00983,0.0,0.04167,0.008334,0.018635390524483247,0.0,13.3453,23.581,21.46518,4.539501517457618,23.4553,24.1669,52.8831,46.96232,12.743836650004583,52.6391,0.0,0.13144793,0.061082333,0.055408925,0.07019465,0.0,0.45467275,0.25733528,0.171509,0.30993518,0.0,0.45467275,0.25733528,0.171509,0.30993518,0.0,0.13144793,0.061082333,0.055408925,0.07019465,0.074062474,0.50813425,0.34812975,0.16595425,0.40044045,0.82510406,0.88736886,0.86296254,0.023378022,0.8703983,0.0,0.23582375,0.13713476,0.08845103,0.1574399,83.37084,90.6725,88.73423,3.023455,89.76687,95.71416,97.367325,96.90517,0.67480356,97.10359,9.958957,27.7232,14.688518,7.3734813,11.489502,4.5976562,23.96875,9.182032,8.29196,5.6210938,1,36,27.2,14.720733677368122,33.0,MBP,68,Genie3,SolubleMPNN,13,non_binder,0.2972198039293289,non_binder
928f49f5-354b-5387-91f0-4ae80aa0636d,0.04822,0.2285,0.160621,0.05919642621532712,0.13499,0.0,0.5,0.325,0.1687371394276382,0.25,11.134,16.3458,14.17352,2.084762443594527,14.90565,18.9377,21.672,20.67081,0.8335196091141346,20.84045,0.0,0.6353898,0.25814804,0.18686639,0.25845402,0.0,0.8196466,0.3734936,0.24123326,0.39021638,0.0,0.8196466,0.48834285,0.2635042,0.56335986,0.0,0.6353898,0.25814804,0.18686639,0.25845402,0.7767166,0.9536943,0.86328906,0.053435683,0.86808646,0.8310768,0.9607131,0.89111644,0.040446904,0.892552,0.0,0.5976499,0.31424564,0.17778619,0.3387242,73.25091,84.22328,78.58879,4.6628346,78.4314,85.47492,88.661415,87.042725,1.3108025,86.95463,5.664389,21.956507,10.31973,4.638982,9.083763,1.2666016,15.7421875,4.896777,4.210122,3.6328125,19,35,30.1,6.244108334173014,32.5,TNFa,92,Genie3,SolubleMPNN,26,non_binder,0.5986569893360137,binder
92e7c8dd-acbb-53b5-b812-b513978fdada,0.00897,0.6506,0.33053499999999997,0.25796648999649374,0.44862,0.0,0.53846,0.24807700000000002,0.21423162164400997,0.32692,1.5205,24.1125,8.24056,8.148369742088153,2.8442,2.5048,55.3235,14.444120000000002,16.96458728487735,4.3462,0.0,0.65616757,0.2855548,0.23328218,0.33502966,0.0,0.8547723,0.47353905,0.34423092,0.6290339,0.0,0.8547723,0.47353905,0.34423092,0.6290339,0.0,0.65616757,0.2855548,0.23328218,0.33502966,0.09935527,0.91057366,0.5980814,0.3028143,0.7362353,0.7155461,0.9627881,0.8593109,0.08277856,0.84796154,0.0,0.62886477,0.31984824,0.23872077,0.41127455,84.5625,89.54091,87.13977,1.899005,86.65198,82.93215,93.41317,88.90485,4.6703916,90.17107,4.773916,27.491196,12.285847,7.5848503,9.15958,1.4345703,23.84375,6.875879,7.001304,3.5273438,38,66,53.3,8.60297106301719,52.0,Nipah-G,90,RFdiffusion3,SolubleMPNN,26,binder,0.7866573202610015,binder
931be1bb-bca0-5430-9b7f-804b4b02feaa,0.00793,0.16349,0.049052,0.06513860603018425,0.00962,0.0,0.0,0.0,0.0,0.0,4.3673,21.9748,15.978979999999998,7.826831621458753,20.41285,10.7442,60.8344,43.288380000000004,21.83147986472745,54.992,0.0,0.14426485,0.02268381,0.04825691,0.0,0.0,0.47771326,0.079252735,0.15868719,0.0,0.0,0.47771326,0.07919574,0.15871446,0.0,0.0,0.14426485,0.022740807,0.048241396,0.0,0.09645129,0.5575927,0.26864392,0.14875972,0.26755637,0.7836906,0.9077047,0.841957,0.04943884,0.85050297,0.0,0.27094704,0.0610663,0.08745294,0.024128605,83.72994,91.72594,86.95137,2.9900625,86.73787,81.61892,93.60904,88.45268,4.723612,89.43415,9.492504,27.69751,17.871632,6.0802293,17.34769,5.34375,19.296875,11.475,4.3666573,10.933594,7,47,26.0,13.90443574307614,22.0,Nipah-G,67,Genie3,ProteinMPNN,28,non_binder,0.1906169259548187,non_binder
9341ecaf-d0fe-5502-bbef-4194b7a4efa6,0.84342,0.87737,0.8611139999999999,0.012206732978155959,0.8612,0.68966,0.7931,0.744828,0.04625977431851563,0.72414,0.5829,0.7102,0.63026,0.04964486881843885,0.6205,0.7184,1.0726,0.8960799999999999,0.13796487596486287,0.8789,0.8981219,0.9151636,0.90547955,0.006235499,0.90474904,0.9254138,0.94268477,0.93177146,0.007007993,0.9312832,0.9254138,0.94268477,0.93177146,0.007007993,0.9312832,0.8981219,0.9151636,0.90547955,0.006235499,0.90474904,0.97511667,0.9796342,0.9770902,0.001652147,0.9769129,0.9695823,0.97219646,0.9705351,0.0010575803,0.9705973,0.7487636,0.76710355,0.7562362,0.0073976936,0.75700134,91.94577,92.78916,92.467224,0.43274894,92.77815,96.613785,96.89317,96.74928,0.10554406,96.77268,2.940013,3.1827357,3.0844266,0.0996498,3.0656638,0.5864258,0.65478516,0.6341797,0.028300101,0.6425781,55,64,60.0,3.6742346141747673,60.0,MBP,99,RFdiffusion3,Caliby (SolubleCaliby),13,non_binder,0.9795154142379761,binder
935eedc9-4ab1-5820-b64d-8c878aaec834,0.03833,0.12713,0.089153,0.03127545294103135,0.087345,0.0,0.07143,0.014285999999999998,0.030117532435443642,0.0,6.8582,15.2792,13.17587,3.3366691332158713,14.4664,11.0745,32.6518,18.138749999999998,8.479900327277177,14.66855,0.0,0.696607,0.36296067,0.32383412,0.47952306,0.0,0.72779787,0.42713928,0.33772638,0.6747502,0.0,0.858861,0.50299364,0.40560445,0.7528074,0.0,0.696607,0.36296067,0.32383412,0.47952306,0.82312226,0.9614176,0.905073,0.06081499,0.9423666,0.86682206,0.9662646,0.92499053,0.043350514,0.9513701,0.005533854,0.64659333,0.37979966,0.2927998,0.54642534,87.879395,91.52809,90.0301,1.5046782,90.8126,87.93068,89.02179,88.40529,0.3480303,88.37394,4.8847847,19.520039,10.122724,6.2030807,6.299532,0.8774414,11.8828125,4.677539,4.695174,1.8520508,10,22,16.0,3.5590260840104375,15.5,TNFa,66,BoltzGen,SolubleMPNN,19,non_binder,0.6572203624248505,binder
93742662-d6ec-57a6-84b5-c5d4b233093d,0.85706,0.87127,0.865458,0.005553316126423904,0.86636,0.74194,0.80645,0.767742,0.02698587167389631,0.77419,0.5945,0.7221,0.64556,0.053158047368201906,0.6366,0.731,1.3502,1.02194,0.23976853004512505,0.9884,0.9193762,0.9336109,0.9259844,0.005493851,0.9251964,0.9340706,0.94560444,0.93994415,0.0040832246,0.9400402,0.9340706,0.94560444,0.93994415,0.0040832246,0.9400402,0.9193762,0.9336109,0.9259844,0.005493851,0.9251964,0.96599954,0.97235674,0.96896994,0.002456879,0.9686288,0.97457093,0.97858787,0.9761857,0.0014686243,0.97586787,0.76370597,0.77717793,0.76985943,0.004966739,0.76856345,96.03917,96.35211,96.22016,0.15300497,96.30914,93.74547,94.35894,94.0349,0.22525555,94.070755,2.9185982,3.1660473,3.0576272,0.09090835,3.0681238,0.33911133,0.37304688,0.35742188,0.012490603,0.3605957,42,52,46.8,3.9623225512317894,47.0,BHRF1,105,Proteina-Complexa,SolubleMPNN,20,non_binder,0.9826321911811827,binder
938594f2-8974-5e30-9c3e-ea696bc115aa,0.68788,0.89736,0.809834,0.07943165131104855,0.82893,0.625,1.0,0.775,0.13693063937629152,0.75,0.614,1.2398,0.8843399999999999,0.24026838743371967,0.8229,2.0309,3.6473,2.60644,0.6429814834036826,2.4475,0.4996298,0.5917751,0.5497589,0.04159992,0.57045335,0.5454917,0.6289629,0.59430504,0.042161632,0.6198846,0.5454917,0.6289629,0.59430504,0.042161632,0.6198846,0.4996298,0.5917751,0.5497589,0.04159992,0.57045335,0.69493973,0.7686179,0.73576623,0.033258058,0.75299996,0.8123104,0.8530609,0.8370845,0.019968217,0.8503607,0.5312591,0.5927123,0.56483257,0.027127117,0.5738414,94.15439,94.54913,94.4105,0.15330954,94.42294,89.45169,89.896675,89.64965,0.17873853,89.65323,5.043232,5.991852,5.458024,0.39317194,5.3689265,1.6533203,1.8613281,1.7589843,0.08933652,1.7939453,13,19,16.2,2.16794833886788,16.0,BBF-14,90,PXDesign,SolubleMPNN,8,non_binder,0.9291151952743529,binder
93c20218-fbb1-5a69-9ae1-22bee067857a,0.7412,0.84502,0.786292,0.04766984078009915,0.77546,0.5625,0.75,0.6875,0.07654655446197431,0.6875,0.6347,1.0393,0.81802,0.15449424584753954,0.8199,2.2053,3.4229,2.80036,0.45535480452060667,2.8813,0.6882105,0.76358205,0.7248663,0.033228457,0.7188364,0.72844356,0.7980809,0.76133245,0.030723795,0.75001657,0.72844356,0.7980809,0.76133245,0.030723795,0.75001657,0.6882105,0.76358205,0.7248663,0.033228457,0.7188364,0.8468349,0.89090955,0.86752194,0.019269612,0.86009777,0.9122244,0.93557507,0.922526,0.010027012,0.9183703,0.68413585,0.72947,0.7029993,0.018203942,0.6955578,96.64933,97.02241,96.87259,0.14779828,96.92938,95.00229,95.35635,95.178665,0.15862562,95.23503,3.5541334,4.1248627,3.910902,0.23104651,4.0330024,0.88671875,1.1054688,1.0139649,0.09225131,1.0507812,19,23,21.8,1.7888543819998317,23.0,TrkA,107,FreeBindCraft (BindCraft),SolubleMPNN,10,non_binder,0.9672090578079223,binder
93ecde7e-2f7a-5352-915d-88129784d10e,0.00986,0.01408,0.012526,0.0013103790800120905,0.01285,0.0,0.0,0.0,0.0,0.0,17.5942,21.4483,19.9809,1.265787616027621,20.252299999999998,43.7439,53.3996,47.02022,2.820651875719512,46.097350000000006,0.0,0.0,0.0,0.0,0.0,0.0,0.010679126,0.0010679126,0.0033770362,0.0,0.0,0.010679126,0.0010679126,0.0033770362,0.0,0.0,0.0,0.0,0.0,0.0,0.19832316,0.8337417,0.5619108,0.2788272,0.61091024,0.6368869,0.873119,0.7563339,0.110962465,0.74578893,0.0,0.051664848,0.005166485,0.016337859,0.0,66.84197,77.59742,72.192856,3.869659,71.860825,85.00422,86.10933,85.70489,0.31258202,85.72895,22.144045,27.542177,25.00771,1.6374329,24.96539,9.625,21.421875,16.391407,3.686191,17.421875,51,88,63.6,10.803291679442477,60.5,Cas9,88,BoltzGen,designed jointly by the structure model (native co-design),16,non_binder,0.47827280879020684,non_binder
93efce23-12c6-509e-96c5-7da71c71b3f8,0.01133,0.82835,0.6375580000000001,0.352256421829326,0.79349,0.0,0.88889,0.711112,0.3975236929039576,0.88889,0.6887,18.5952,4.411440000000001,7.931260683712268,0.9337,4.6345,50.5303,14.10754,20.368289050457822,4.7878,0.0,0.0,0.0,0.0,0.0,0.0,0.17045204,0.03631606,0.075138964,0.0,0.0,0.17045204,0.03631606,0.075138964,0.0,0.0,0.0,0.0,0.0,0.0,0.09706418,0.31582052,0.18576938,0.088005416,0.14563018,0.8343003,0.86223465,0.8448747,0.011046382,0.8405194,0.0,0.113487005,0.042234812,0.046809297,0.021744791,67.766304,81.07906,75.27235,5.920617,76.75195,93.219444,95.752945,94.89351,1.0141603,95.360306,13.41752,24.653038,18.992968,4.3450255,20.047873,7.0039062,19.828125,11.769531,4.902148,11.3984375,25,32,29.6,2.880972058177586,30.0,MBP,65,PXDesign,SolubleMPNN,7,non_binder,0.7574063003063202,binder
944e1917-7933-548c-a90f-fee82d676874,0.55202,0.6026,0.5803339999999999,0.021914033859606975,0.58478,0.79167,0.875,0.825,0.03485884249369162,0.83333,0.8075,1.0505,0.89254,0.10156516627269414,0.841,15.0928,21.1626,18.61062,2.399227540688879,19.501,0.690681,0.7574578,0.7362029,0.02636406,0.7439989,0.7548146,0.7799259,0.7696403,0.009211438,0.77122504,0.7548146,0.7799259,0.7696403,0.009211438,0.77122504,0.690681,0.7574578,0.7362029,0.02636406,0.7439989,0.9496066,0.9632831,0.9590336,0.005463576,0.9611165,0.61233234,0.6386038,0.62222564,0.009869239,0.6206186,0.54638207,0.58216125,0.57024115,0.014401451,0.5761397,71.15838,73.586174,72.63212,0.9104209,72.836296,84.133835,84.64261,84.32302,0.19651142,84.30069,13.000057,13.808018,13.397072,0.2881725,13.421687,0.7807617,0.9785156,0.8605469,0.073954545,0.84521484,16,21,18.8,1.9235384061671346,19.0,EGFR,74,Proteina-Complexa,SolubleMPNN,13,non_binder,0.8349588930606842,binder
947b89da-500b-5d13-9283-201da5f4e762,0.82336,0.8503,0.833128,0.011289682015008221,0.82852,0.86957,1.0,0.9217379999999998,0.04762721511908923,0.91304,1.0803,1.3812,1.18436,0.11530075021438503,1.1507,1.0559,2.3766,1.6482800000000002,0.6003537682067132,1.371,0.17010473,0.40184855,0.2880517,0.08494663,0.30419305,0.32450852,0.59841603,0.472025,0.10022915,0.49118003,0.32450852,0.59841603,0.472025,0.10022915,0.49118003,0.17010473,0.40184855,0.2880517,0.08494663,0.30419305,0.44414625,0.71162343,0.59318846,0.09831044,0.61491954,0.68736845,0.8242571,0.76090205,0.049549703,0.7667839,0.37486205,0.594248,0.5009027,0.0807915,0.51247877,88.35487,91.61053,89.88259,1.5712245,89.30346,87.54342,89.86855,88.71393,1.0892893,88.45272,5.1109715,7.9327893,6.300706,1.0396658,6.1541553,1.9960938,3.6992188,2.6785157,0.64040405,2.4570312,51,59,55.8,3.033150177620621,57.0,BBF-14,70,FreeBindCraft (BindCraft),SolubleMPNN,17,non_binder,0.940761022567749,binder
949cb3c6-ef0f-5a77-8c09-9fe3cf647d0c,0.52936,0.72257,0.62863,0.07508268941640278,0.61045,0.4,0.73333,0.599998,0.14142017773288224,0.6,1.2826,1.7672,1.53876,0.18100489772379094,1.5088,3.476,4.9773,4.29994,0.5716590006288709,4.3009,0.61147016,0.67948896,0.6529749,0.03034064,0.66444296,0.71670157,0.75404245,0.733415,0.016685016,0.73366344,0.71670157,0.75404245,0.733415,0.016685016,0.73366344,0.61147016,0.67948896,0.6529749,0.03034064,0.66444296,0.87772965,0.90650207,0.89516294,0.012896715,0.90033406,0.9324223,0.9403085,0.9345148,0.003278605,0.9331548,0.53920454,0.57004935,0.55051243,0.0127001535,0.5480105,89.51311,90.280304,89.84742,0.2782856,89.81104,95.85082,96.51002,96.22247,0.2432293,96.290184,5.6848416,6.0069613,5.868033,0.1463904,5.9289455,1.3662109,1.6347656,1.4630859,0.10676602,1.4404297,13,26,21.0,5.385164807134504,24.0,MBP,95,FreeBindCraft (BindCraft),SolubleMPNN,9,non_binder,0.9301245641708373,binder
94be2e2b-24f8-5118-a374-038c46fd2d47,0.61225,0.81686,0.752175,0.06448753665114938,0.779215,0.52174,0.7027,0.590912,0.0625903156868359,0.580885,0.7219,1.8567,1.00403,0.3578097913386074,0.86835,0.9965,2.7442,1.52127,0.4882301439325971,1.4152,0.730373,0.8682848,0.8011152,0.041505627,0.7960317,0.7428792,0.87341356,0.82592136,0.035733968,0.82970214,0.809063,0.8792764,0.8352541,0.021395987,0.82970214,0.730373,0.8682848,0.8013705,0.041871727,0.7960317,0.8828641,0.93438506,0.92305344,0.014900741,0.92813134,0.9070213,0.94329256,0.92869794,0.011808239,0.9265,0.65633243,0.7431167,0.70518184,0.026734402,0.7031704,90.97945,93.88822,92.96913,0.935144,93.083374,94.334465,95.50199,95.00892,0.35308775,95.09509,3.2887664,4.973459,3.8364959,0.4724312,3.8113952,0.5214844,0.9248047,0.75454104,0.117945515,0.7590332,41,48,44.4,2.366431913239847,45.0,VEGF-A,78,RFdiffusion3,SolubleMPNN,18,binder,0.9742932152748107,binder
94bfed0e-fb31-522e-8628-6597e6b94035,0.00976,0.28572,0.11045,0.13616411568397893,0.01651,0.0,0.35,0.12999999999999998,0.17888543819998315,0.0,4.5819,21.0433,12.83392,7.8772294950064765,12.9358,10.1891,53.9367,34.84988,21.870455643447396,43.814,0.0,0.0,0.0,0.0,0.0,0.0,0.022082869,0.007179039,0.010255979,0.0,0.0,0.022082869,0.007179039,0.010255979,0.0,0.0,0.0,0.0,0.0,0.0,0.08556005,0.249485,0.16420335,0.07622709,0.15965486,0.7839429,0.81419325,0.79834336,0.014201922,0.79665756,0.0,0.11096949,0.046494067,0.049437683,0.039662812,69.905685,75.808876,73.29265,2.4985647,74.51523,93.38386,93.77449,93.64085,0.14966542,93.68781,15.467955,26.399296,20.754887,5.054002,19.849934,7.2226562,22.8125,14.002344,7.575137,10.390625,10,44,28.6,15.97811002590732,35.0,MBP,96,FreeBindCraft (BindCraft),SolubleMPNN,11,non_binder,0.23935089766979212,non_binder
94d23d23-2357-5b2a-a707-c4f6b542438d,0.80944,0.9027,0.8601420000000001,0.04561187312531682,0.88507,0.6,0.8,0.72,0.10954451150103325,0.8,0.4558,0.6471,0.57356,0.0784727850913933,0.5847,0.7313,1.041,0.8969799999999999,0.11871481373442824,0.8938,0.7438326,0.838148,0.79847205,0.03481925,0.8048299,0.8332085,0.8961702,0.8638662,0.022905324,0.8673111,0.8332085,0.8961702,0.8638662,0.022905324,0.8673111,0.7438326,0.838148,0.79847205,0.03481925,0.8048299,0.916837,0.9520982,0.93717575,0.013029424,0.94022673,0.9392595,0.9584323,0.94915354,0.0071717333,0.9508612,0.6830077,0.7447808,0.71434057,0.022745827,0.7163229,95.720825,96.257774,96.00844,0.23886698,96.13777,96.88202,96.97858,96.91878,0.038635332,96.90266,3.2467048,4.073006,3.6644044,0.30879182,3.6738803,0.5703125,0.78222656,0.67402345,0.07582569,0.6665039,28,32,30.2,1.643167672515499,31.0,IL-7Ra,75,PXDesign,SolubleMPNN,22,binder,0.9761952447891236,binder
94ecca8a-0e7f-57ce-a2b2-a6248a94b36e,0.94363,0.97408,0.963476,0.01167082173627891,0.96645,1.0,1.0,1.0,0.0,1.0,0.4092,0.5414,0.4561,0.05187783727180617,0.4453,0.7865,2.028,1.2850000000000001,0.4719665189396383,1.2133,0.87540174,0.8881256,0.88249743,0.0059158984,0.88490295,0.90107733,0.912826,0.9050825,0.0050461832,0.9023895,0.90107733,0.912826,0.9050825,0.0050461832,0.9023895,0.87540174,0.8881256,0.88249743,0.0059158984,0.88490295,0.9472158,0.95318097,0.9505351,0.002770286,0.951755,0.9637897,0.9651459,0.96433735,0.00061475596,0.9639973,0.79365003,0.8016976,0.7966193,0.0032181852,0.79684055,97.161896,97.40988,97.25105,0.1021215,97.21362,96.150444,96.693634,96.49749,0.22833392,96.5825,2.618179,2.7481322,2.6772065,0.049256496,2.6736765,0.48535156,0.5288086,0.50581056,0.017140688,0.5048828,20,21,20.6,0.547722557505166,21.0,TrkA,75,PXDesign,SolubleMPNN,25,binder,0.9743557167053222,binder
95159129-f094-5716-89c7-f91003422c71,0.77842,0.88018,0.8272349999999999,0.030334831556406514,0.8258,1.0,1.0,1.0,0.0,1.0,1.0625,1.6051,1.32523,0.17837766458338392,1.2743000000000002,1.3709,3.8312,2.49874,0.6904364403927579,2.59085,0.31545267,0.7857644,0.6143265,0.17528768,0.66671133,0.33481285,0.85873336,0.66993606,0.19930185,0.71858954,0.51659644,0.85873336,0.73966587,0.124973945,0.7783221,0.31545267,0.7857644,0.6143265,0.17528768,0.66671133,0.7499201,0.9357043,0.8748611,0.06408288,0.89396465,0.81145257,0.9385098,0.89760506,0.042283166,0.91095364,0.47885185,0.7145289,0.6375655,0.07828524,0.6674091,95.26583,97.34117,96.42562,0.89908564,96.51677,95.75432,96.74725,96.26598,0.35000354,96.31586,3.718268,6.5221024,4.6332335,0.90855664,4.3073053,0.80566406,2.6875,1.4314454,0.68750674,1.2272949,17,24,21.2,2.1499353995462798,22.0,VEGF-A,77,RFdiffusion,Caliby (SolubleCaliby),25,binder,0.9520606970787048,binder
95e6f2d3-dbac-52d1-b85f-149f8eac2e32,0.66702,0.88654,0.786534,0.10585255962894802,0.84298,0.5,1.0,0.8,0.2738612787525831,1.0,1.0452,1.4071,1.2241199999999999,0.13544854004381152,1.2012,0.9961,2.4882,1.72452,0.5415231730960366,1.7853,0.4611983,0.56209,0.5029417,0.038167525,0.5010547,0.6059912,0.68601716,0.64314866,0.028434385,0.64060956,0.6059912,0.68601716,0.64314866,0.028434385,0.64060956,0.4611983,0.56209,0.5029417,0.038167525,0.5010547,0.71350604,0.7893458,0.74857175,0.027117506,0.74633074,0.8396801,0.8840154,0.8582367,0.016188273,0.8574344,0.6179596,0.6788868,0.64398247,0.022013092,0.64224416,92.45216,93.3477,92.88704,0.39349696,92.71041,90.6874,91.081985,90.860535,0.15090859,90.80671,3.9562607,4.744076,4.4186993,0.28775766,4.4550133,1.2910156,1.6337891,1.4269531,0.12758893,1.4208984,32,35,33.4,1.1401754250991376,33.0,BBF-14,68,Genie3,SolubleMPNN,17,non_binder,0.9356578683853148,binder
95eeff33-4943-5808-a51f-6a5ff1ff91ca,0.41438,0.56335,0.48721699999999996,0.047321702338591155,0.48652999999999996,0.41176,0.64706,0.523529,0.07568974397719502,0.52941,0.6085,0.881,0.74825,0.07794317374429482,0.7356,16.1178,40.3575,24.421860000000002,9.485834425921631,19.1303,0.3298703,0.8347288,0.5954789,0.2174135,0.5980592,0.3362977,0.9121691,0.643674,0.25221258,0.65074444,0.3298703,0.8347288,0.5954789,0.2174135,0.5980592,0.3362977,0.9121691,0.643674,0.25221258,0.65074444,0.66582817,0.95568395,0.81882936,0.12690574,0.81820464,0.65496117,0.9153101,0.7755014,0.094186485,0.7764468,0.3054794,0.7526447,0.5759462,0.16367057,0.59561145,86.98466,96.03907,91.54094,4.487765,91.61015,70.99545,77.79606,75.45,2.301631,76.36182,4.7496605,17.410757,11.734759,4.510503,11.271297,0.51220703,3.0507812,1.6092774,1.0891991,1.5041504,18,24,20.0,1.9436506316151003,19.0,RBX1,110,RFdiffusion,SolubleMPNN,9,non_binder,0.847294864654541,binder
95f6ddf2-bb63-53d2-9fef-c06cc13e329a,0.67962,0.81344,0.7546820000000001,0.048493347035100304,0.76344,0.6087,0.73913,0.691303,0.038068461151515465,0.701085,0.7368,1.9206,1.14444,0.3882051267621854,1.1334,1.5246,3.7776,2.28145,0.6747821249196745,2.44035,0.65000993,0.8533341,0.7769991,0.07678116,0.8031498,0.7654595,0.8622064,0.82620925,0.03204976,0.84056705,0.7654595,0.88747203,0.83781546,0.04170117,0.85190463,0.65000993,0.8533341,0.7769991,0.07678116,0.8031498,0.8807552,0.92030495,0.9037822,0.012798615,0.9023427,0.8896261,0.9334731,0.9143754,0.013571603,0.919661,0.5806336,0.7075336,0.65528804,0.040762026,0.66949713,94.10385,95.79606,95.09603,0.59313065,95.0577,95.31931,96.644615,96.03417,0.4867046,96.02528,3.7594182,5.4576745,4.434472,0.56411296,4.213703,0.53222656,0.9760742,0.68842775,0.17627764,0.626709,46,58,53.3,3.334999583541534,53.5,VEGF-A,96,Proteina-Complexa,SolubleMPNN,25,binder,0.9666602134704589,binder
975cd715-6b18-581d-93da-3294278900db,0.93927,0.95846,0.950798,0.007373887712733326,0.95028,1.0,1.0,1.0,0.0,1.0,0.5329,0.6549,0.58848,0.0466750682913266,0.5981,0.9127,1.2776,1.00258,0.15518288243230954,0.9503,0.85301244,0.89187104,0.8674189,0.016069464,0.8634029,0.9183129,0.9352106,0.92334414,0.0069848625,0.92044705,0.9183129,0.9352106,0.92334414,0.0069848625,0.92044705,0.85301244,0.89187104,0.8674189,0.016069464,0.8634029,0.94876444,0.96368986,0.95439273,0.006163974,0.9528638,0.96976495,0.9780755,0.9734125,0.0032980405,0.97323096,0.8096342,0.8330729,0.8183447,0.0096678445,0.8166016,95.92119,96.17922,96.0587,0.09767758,96.047264,96.16932,96.43481,96.2935,0.113340564,96.24469,2.2075763,2.5141003,2.386334,0.123499215,2.3932033,0.4326172,0.48901367,0.45458984,0.02192989,0.4543457,22,26,24.6,1.5165750888103102,25.0,PD-L1,64,FreeBindCraft (BindCraft),Caliby (SolubleCaliby),23,binder,0.9852197504043578,binder
97af186f-c953-518c-867f-fab234dacac1,0.75652,0.8009,0.781374,0.021142636543250652,0.7889,0.78261,0.91304,0.8434799999999999,0.05833156006828549,0.86957,1.349,1.4817,1.44634,0.0564142978330848,1.4755,0.8104,1.3409,1.13236,0.20138111381159854,1.1404,0.68208045,0.74976933,0.7197203,0.027135732,0.72680813,0.7030032,0.76976043,0.7342702,0.026822532,0.73819953,0.7030032,0.76976043,0.7342702,0.026822532,0.73819953,0.68208045,0.74976933,0.7197203,0.027135732,0.72680813,0.831438,0.87340766,0.85478467,0.016772658,0.85969037,0.8808484,0.9092906,0.8950356,0.012783643,0.8978558,0.64872885,0.68526125,0.666783,0.01434185,0.67057943,93.07684,94.08252,93.65331,0.4264482,93.79902,91.60783,92.41016,91.98968,0.33746493,92.09073,4.0327134,4.699969,4.3677897,0.27598754,4.2710624,1.1503906,1.3837891,1.2513672,0.09263095,1.2177734,38,43,40.0,2.0,39.0,BBF-14,90,PXDesign,SolubleMPNN,14,non_binder,0.9750807332992554,binder
97ccca64-0467-5859-9444-4c4049bce675,0.80161,0.87691,0.838552,0.031586861509178124,0.84145,0.78947,0.84211,0.810526,0.028832115427071984,0.78947,0.697,0.9966,0.83978,0.14563939027612005,0.8016,1.4095,2.8052,2.0136600000000002,0.6204509271489568,1.8009,0.8861439,0.9092887,0.8960079,0.010119681,0.8948907,0.9390524,0.9512859,0.9443494,0.0055269888,0.94132435,0.9390524,0.9512859,0.9443494,0.0055269888,0.94132435,0.8861439,0.9092887,0.8960079,0.010119681,0.8948907,0.96292543,0.97057414,0.96624166,0.0034550712,0.9643495,0.9690485,0.9754729,0.97172356,0.0027403971,0.97090787,0.79294,0.81610906,0.8008529,0.010005049,0.79606235,95.22729,96.263756,95.80682,0.41614088,95.975204,97.33004,97.6348,97.44419,0.11972854,97.40629,2.4378989,2.786726,2.6638157,0.15024084,2.7381177,0.3408203,0.38964844,0.36953124,0.020188969,0.37841797,33,39,35.2,2.280350850198275,35.0,PD-L1,77,BoltzDesign1,SolubleMPNN,13,non_binder,0.9814378881454467,binder
97d38fc0-ecc3-5852-904e-acf61e796a67,0.6632,0.8308,0.736498,0.05736324312852456,0.7199800000000001,0.56522,0.90476,0.758247,0.13498034071259746,0.7663899999999999,0.7423,2.1087,1.4779,0.6543474764985342,1.5146000000000002,1.5186,3.5871,2.6648199999999997,0.8510614285180071,2.7995,0.8318395,0.8966886,0.85695446,0.02368028,0.85106075,0.85776865,0.9186538,0.8976938,0.020788405,0.90588415,0.9052167,0.9427455,0.92348826,0.012663297,0.9201127,0.8318395,0.8966886,0.85695446,0.02368028,0.85106075,0.9660975,0.9773202,0.97088706,0.0038776053,0.97097147,0.9684213,0.97837454,0.97293174,0.0034843858,0.9731311,0.69550097,0.7531371,0.7165189,0.019202402,0.7093843,83.77019,89.767456,86.94542,2.8025036,87.34802,87.628105,88.53795,88.02013,0.25105864,88.073135,3.4686186,4.313952,3.9791267,0.29631215,4.0432024,0.49316406,0.7866211,0.6405762,0.08599095,0.64453125,42,59,51.3,6.056218108504496,52.0,TNFa,74,Genie3,SolubleMPNN,38,non_binder,0.9681903886795044,binder
990a6d64-7947-5775-ac23-3724d3c6f619,0.82537,0.85886,0.847158,0.013632089715080353,0.84723,0.82609,0.91304,0.860872,0.036374392366058814,0.86957,0.9259,1.0699,1.0017,0.06914011136814868,1.0288,0.6966,1.1207,0.8907400000000001,0.168682758455036,0.9081,0.80744535,0.8353606,0.821455,0.009989479,0.82140857,0.8181722,0.8437692,0.8342632,0.009579901,0.83637214,0.8181722,0.8437692,0.8342632,0.009579901,0.83637214,0.80744535,0.8353606,0.821455,0.009989479,0.82140857,0.90573746,0.92102695,0.91339874,0.005482183,0.9134284,0.9277432,0.9387108,0.933951,0.0040582833,0.9348705,0.7112645,0.73113674,0.72268486,0.0073856623,0.7250847,93.90171,94.374275,94.21322,0.18572941,94.242775,93.298676,94.09308,93.65236,0.34267795,93.6775,3.3901076,3.669356,3.5112672,0.105957285,3.482915,0.765625,0.8383789,0.79111326,0.027912011,0.7866211,40,45,43.0,2.1213203435596424,43.0,BBF-14,90,PXDesign,SolubleMPNN,16,non_binder,0.982310688495636,binder
993ae0ba-411a-5277-a123-4a2c895d9c40,0.90632,0.95655,0.936286,0.02048050609726234,0.9443,0.85185,0.96296,0.9185180000000001,0.04828964971916862,0.92593,0.4231,0.5644,0.4760400000000001,0.05384972609029689,0.4556,0.5201,1.8644,1.04776,0.5216820708055817,0.8362,0.81776416,0.8382684,0.8271243,0.007532616,0.82523096,0.8456965,0.8678327,0.857035,0.009050894,0.85391057,0.8456965,0.8678327,0.857035,0.009050894,0.85391057,0.81776416,0.8382684,0.8271243,0.007532616,0.82523096,0.93695587,0.9451638,0.94076777,0.0029994783,0.9400521,0.9376677,0.94569296,0.94068784,0.0035611442,0.9392172,0.6882222,0.70479375,0.694231,0.006856063,0.6904863,96.49438,97.065186,96.89296,0.23175046,96.97638,96.916214,97.127014,97.07249,0.08889553,97.113205,3.975149,4.1999693,4.0887294,0.08635806,4.1050467,0.6660156,0.7319336,0.68779296,0.026164312,0.6845703,49,52,50.0,1.4142135623730951,49.0,IL-7Ra,85,PXDesign,SolubleMPNN,15,binder,0.9729610586166382,binder
993b6eaf-e416-5ccf-81aa-afb3b062827f,0.74438,0.79799,0.75614,0.023415395576415067,0.74626,0.6,0.71429,0.657142,0.04517629876384299,0.65714,0.9732,1.2877,1.13072,0.12979690674280345,1.1216,1.0955,1.6075,1.41698,0.21198713876082198,1.4499,0.3235269,0.6505949,0.44776422,0.12939684,0.40013057,0.607785,0.8075626,0.6853168,0.07963274,0.6677036,0.607785,0.8075626,0.6853168,0.07963274,0.6677036,0.3235269,0.6505949,0.44776422,0.12939684,0.40013057,0.75929815,0.9229541,0.83127916,0.063795626,0.8135805,0.930465,0.9461593,0.9369761,0.0065905913,0.9379267,0.4879273,0.62064636,0.53978574,0.05346126,0.532227,84.359665,89.593185,86.18642,2.0074651,85.67473,95.51971,96.35552,95.88589,0.30295214,95.82974,5.0249963,6.638893,6.0063887,0.64983284,6.0854335,1.1279297,2.6777344,1.9345703,0.6044046,1.9589844,29,35,31.2,3.03315017762062,29.0,MBP,66,RFdiffusion,SolubleMPNN,17,non_binder,0.9549430060386658,binder
99411953-5bad-5625-8308-71aca714cae3,0.01478,0.71,0.42261800000000005,0.36340539060393695,0.65188,0.0,0.48,0.23200000000000004,0.22342784070030308,0.28,0.8269,16.7322,6.890979999999999,8.250860174672699,0.932,2.2482,43.7492,15.286660000000001,18.887376795839067,2.3584,0.0,0.14564048,0.079705015,0.07378729,0.113096066,0.0,0.32889217,0.18316273,0.1690759,0.26446858,0.0,0.32889217,0.18316273,0.1690759,0.26446858,0.0,0.14564048,0.079705015,0.07378729,0.113096066,0.103859104,0.5823905,0.38829893,0.23152524,0.5138669,0.5715632,0.64924616,0.60211194,0.029107304,0.5931455,0.0,0.24608856,0.1287899,0.12028281,0.17548092,72.012276,81.96679,79.1547,4.2636814,81.57615,84.66631,85.113846,84.84944,0.16460618,84.819534,13.878989,28.022894,19.922592,5.872226,16.940716,6.2539062,20.671875,11.128125,6.427095,7.2929688,9,49,36.2,16.991174179555692,46.0,EGFR,80,PXDesign,Caliby (SolubleCaliby),11,binder,0.6510614013671875,binder
996bbbff-1f47-58b7-8869-1e0a3af5efa3,0.43423,0.8907,0.701639,0.1343826616172389,0.7204699999999999,0.47059,0.875,0.65809,0.16981666846599275,0.58824,0.5847,3.1063,1.39114,0.7800446585506072,1.1231499999999999,1.4386,6.7454,3.2453600000000002,1.9826291938848386,2.2727,0.0,0.42016527,0.13996641,0.16148987,0.09177483,0.0,0.5057627,0.17581923,0.17819093,0.16628295,0.0,0.47800925,0.17274277,0.1924374,0.11905194,0.0,0.42016527,0.14116894,0.16111462,0.09764835,0.50418717,0.747448,0.5948427,0.0842594,0.56476974,0.64588875,0.80142015,0.7007348,0.05357214,0.6719601,0.022533275,0.43868628,0.18187374,0.15623753,0.1328133,87.29235,92.44225,89.53772,2.1363292,89.23852,88.88796,92.027596,90.69423,1.1306218,91.0556,7.1117363,19.565065,12.597236,4.3409524,11.781779,2.8398438,11.34375,6.928711,2.8684266,6.9746094,6,15,10.0,2.260776661041756,10.0,VEGF-A,92,FoldCraft,SolubleMPNN,17,binder,0.8700502920150757,binder
99c2da73-d0da-5ac2-ab3d-2ddf5f75972f,0.74223,0.8224,0.778484,0.029183212906661975,0.7768900000000001,0.66667,0.73333,0.700001,0.024212305617873985,0.7048399999999999,0.8197,1.2494,1.06769,0.1721887559240342,1.06995,0.9582,2.0323,1.45242,0.3932166148857678,1.46955,0.7544981,0.86537594,0.8187543,0.043532096,0.82336277,0.8411715,0.8772055,0.859007,0.011599755,0.85724914,0.8411715,0.9028041,0.87472266,0.023059241,0.8824881,0.7544981,0.86537594,0.8187543,0.043532096,0.82336277,0.9196636,0.9384902,0.92760813,0.005994943,0.9273623,0.92040336,0.94398266,0.93448687,0.008371618,0.9380267,0.68399304,0.7484416,0.7181241,0.023858279,0.72419035,94.93887,96.04044,95.59292,0.3836084,95.68033,96.32346,96.94049,96.68084,0.21052647,96.679535,3.1515255,4.0458827,3.585492,0.3344836,3.4998739,0.49121094,0.8881836,0.62592775,0.1408756,0.5834961,34,47,39.5,3.749073959733998,38.0,VEGF-A,85,Genie3,SolubleMPNN,12,non_binder,0.9769791412353516,binder
9a50318a-6fad-5dad-8f41-ad81d8b36a3c,0.586,0.72191,0.657122,0.0496973950021528,0.65521,0.4,0.42857,0.422856,0.012776892423433791,0.42857,0.7854,0.93,0.87096,0.060503082566097426,0.8648,1.902,6.4485,4.16434,1.7423851591998825,4.5304,0.69763356,0.7571915,0.73878986,0.02392705,0.74850374,0.71989155,0.7697551,0.7486889,0.01825024,0.750945,0.71989155,0.7571915,0.74531853,0.0146711515,0.750945,0.69763356,0.7697551,0.7421602,0.027300952,0.74850374,0.9458297,0.9622801,0.9561653,0.0062647713,0.95779085,0.59432024,0.6220313,0.61052066,0.010111017,0.6129771,0.53520066,0.5750734,0.5591916,0.014929253,0.5637023,90.5776,91.1324,90.791885,0.21172765,90.75658,88.86234,89.356026,89.0742,0.19628918,89.05531,13.468546,14.555797,13.943189,0.4000286,13.838498,0.9707031,1.234375,1.0765625,0.10089739,1.0703125,29,34,32.8,2.1679483388678795,34.0,EGFR,82,PXDesign,SolubleMPNN,35,non_binder,0.827571165561676,binder
9a622840-a81c-55c7-97cd-5958375de6d3,0.72306,0.80574,0.768052,0.034031677449106124,0.77251,0.65,0.85,0.78,0.0758287544405155,0.8,0.6405,0.8864,0.7679,0.0935156404030898,0.7783,3.6382,5.9193,5.1389,0.8863454828677133,5.3305,0.54922646,0.63630086,0.5880014,0.034944322,0.5942047,0.6685473,0.7156319,0.69126,0.020573184,0.69750637,0.6685473,0.7156319,0.69126,0.020573184,0.69750637,0.54922646,0.63630086,0.5880014,0.034944322,0.5942047,0.9000326,0.9283721,0.91323245,0.011436657,0.91567945,0.5926016,0.62317556,0.60807306,0.013465205,0.6085949,0.49210885,0.53652185,0.5145489,0.018318053,0.5221095,87.600624,89.946465,89.29271,0.95524704,89.64105,87.95623,88.330795,88.18878,0.15565269,88.23192,13.763598,14.880443,14.372116,0.48513538,14.545047,1.3115234,1.6503906,1.5105469,0.1329944,1.5019531,39,44,41.2,1.9235384061671346,41.0,EGFR,82,PXDesign,SolubleMPNN,30,non_binder,0.9405652236938475,binder
9a7731c9-b981-5bf6-88b1-33ef71e0f987,0.01689,0.56719,0.28054199999999996,0.27152866715034796,0.25989,0.0,0.56667,0.216668,0.23531051196238556,0.183335,1.8324,21.3962,10.363389999999999,8.744510729397932,9.451600000000001,2.7836,38.809,18.38512,16.0486085798946,15.16615,0.08743695,0.635263,0.3949775,0.19124854,0.44442186,0.14191042,0.82962394,0.559625,0.23705053,0.638677,0.08743695,0.82962394,0.54705393,0.2510038,0.638677,0.108535,0.635263,0.40754858,0.18442997,0.46836162,0.43357772,0.9007958,0.7573982,0.16177362,0.8312031,0.7948224,0.95913166,0.8852409,0.065747455,0.9100127,0.11907231,0.56337565,0.35430083,0.15713853,0.3753792,76.1375,87.49758,82.77311,4.269148,84.27767,82.17446,93.80494,88.36487,5.262219,89.22427,5.8424478,14.411539,9.734193,3.174532,8.6049595,1.5888672,6.0820312,2.8985353,1.6032487,2.140625,50,101,73.3,15.275616008673575,73.5,Nipah-G,90,Genie3,SolubleMPNN,44,non_binder,0.6668305122852325,binder
9a9128eb-cd6d-5d69-87ae-c2b87a017965,0.84359,0.89986,0.8713599999999999,0.026189643945651507,0.87864,0.86667,0.93333,0.886668,0.029811258276027184,0.86667,0.7455,0.9974,0.8446200000000001,0.13123409236932296,0.7546,1.4777,1.6303,1.54016,0.05814763967694649,1.5402,0.9312168,0.939286,0.93619967,0.0031499027,0.93726635,0.9429978,0.9529746,0.9501259,0.004259265,0.95241445,0.9429978,0.9529746,0.9501259,0.004259265,0.95241445,0.9312168,0.939286,0.93619967,0.0031499027,0.93726635,0.97432506,0.97750115,0.9762781,0.0012295746,0.97665805,0.9766133,0.98048043,0.97938883,0.001611166,0.9801862,0.7822663,0.7939415,0.7901856,0.004690294,0.791047,96.55692,97.10552,96.84129,0.24286635,96.9213,94.28326,94.919044,94.62691,0.24281475,94.69351,2.7851288,3.0131674,2.8801756,0.091354445,2.886388,0.32226562,0.34716797,0.33305663,0.009896583,0.32910156,56,61,58.6,2.0736441353327724,59.0,BHRF1,90,Proteina-Complexa,SolubleMPNN,18,non_binder,0.9833378148078917,binder
9be158f0-34b0-5906-9028-a8ad64649d82,0.8586,0.89065,0.879894,0.012374050670657515,0.88241,0.77273,0.86364,0.8272740000000001,0.03803097921431944,0.81818,0.5288,0.7743,0.6567000000000001,0.09521898445163125,0.6643,1.0544,1.549,1.3751,0.2076078996570217,1.4349,0.72470856,0.80649537,0.76499015,0.03984273,0.7667987,0.88637334,0.9081082,0.90104425,0.0093690865,0.90583247,0.72470856,0.80649537,0.76499015,0.03984273,0.7667987,0.88637334,0.9081082,0.90104425,0.0093690865,0.90583247,0.96930146,0.975648,0.9736105,0.0027446575,0.97501975,0.8587287,0.9355733,0.9019995,0.032909703,0.8993425,0.6773318,0.7389912,0.708992,0.027049603,0.71580625,92.317604,94.19165,93.27637,0.7316068,93.19913,78.2894,85.637695,80.637596,2.9068892,80.017105,3.741381,5.3203487,4.527394,0.72546035,4.6468077,0.4885254,0.5551758,0.5169922,0.0275666,0.5097656,26,39,30.6,5.319774431308154,31.0,TREM2,63,RFdiffusion3,SolubleMPNN,13,binder,0.9689782571792601,binder
9bf1791a-39b3-5f0f-b8ac-a0fa89d39c9b,0.76521,0.84712,0.809836,0.03699485680469653,0.81464,0.61905,0.71429,0.66667,0.047619999999999996,0.66667,0.5396,0.9501,0.7624,0.17200606093972384,0.8422,1.2845,1.6726,1.4979200000000001,0.17789602862346307,1.5124,0.88544315,0.91153055,0.8957192,0.009649885,0.89381886,0.91637886,0.9304777,0.92187434,0.005236857,0.9212246,0.91637886,0.9304777,0.92187434,0.005236857,0.9212246,0.88544315,0.91153055,0.8957192,0.009649885,0.89381886,0.95549935,0.9663574,0.95980513,0.004011468,0.9590324,0.96784186,0.97480476,0.97017205,0.002695436,0.9695141,0.7908638,0.8151668,0.80039483,0.009160819,0.797848,95.27329,95.51936,95.375244,0.0969225,95.34616,95.98693,96.18621,96.0995,0.08205513,96.10476,2.3521512,2.6914308,2.5719159,0.12853143,2.6063118,0.43652344,0.4880371,0.47441405,0.021655975,0.4831543,20,25,23.2,1.9235384061671343,24.0,PD-L1,75,PXDesign,SolubleMPNN,14,non_binder,0.9786462354660034,binder
9c0eb042-470d-566b-919f-964d98fa3fab,0.89816,0.92896,0.908972,0.012675944540743321,0.90423,0.96296,0.96296,0.96296,0.0,0.96296,0.6561,0.8325,0.7798,0.07289945130109006,0.8126,0.9531,1.6477,1.2837,0.2801885347404494,1.3156,0.6332274,0.77702874,0.6957445,0.0529435,0.68177545,0.72437465,0.78235185,0.7543565,0.020941671,0.75253844,0.72437465,0.78235185,0.7543565,0.020941671,0.75253844,0.6332274,0.77702874,0.6957445,0.0529435,0.68177545,0.91193706,0.95322806,0.931317,0.0151058035,0.92824876,0.58241546,0.63481575,0.6013361,0.021032402,0.59573215,0.53759897,0.57034487,0.5579201,0.01272264,0.55881685,80.34064,82.963455,81.8759,0.97285825,81.98499,86.40013,87.14149,86.66592,0.28075778,86.583,13.737852,15.339021,14.5071,0.67222583,14.518508,0.88720703,1.5029297,1.1893555,0.22628093,1.2138672,41,68,60.4,11.326958991715296,65.0,EGFR,97,FreeBindCraft (BindCraft),designed jointly by the structure model (native co-design),20,binder,0.9711680269241332,binder
9c5225d9-4eca-55a7-95e0-cae8a6584158,0.00668,0.06632,0.024438,0.01718780045393955,0.01788,0.0,0.0625,0.0125,0.02185018433687816,0.0,10.8149,28.0449,18.803350000000002,4.434670923592364,18.522100000000002,18.1373,64.2662,41.13798,11.506985150362656,41.150999999999996,0.0,0.0,0.0,0.0,0.0,0.0,0.0,0.0,0.0,0.0,0.0,0.0,0.0,0.0,0.0,0.0,0.0,0.0,0.0,0.0,0.18011734,0.8465546,0.5237919,0.3297442,0.541152,0.61464113,0.8848097,0.753556,0.12908413,0.7590147,0.0,0.0,0.0,0.0,0.0,79.70038,84.78125,82.40219,1.9164153,82.787476,85.27006,86.173615,85.81268,0.3420827,85.912346,24.97457,28.51129,26.915033,1.2465237,26.689278,18.0625,25.015625,22.042187,1.9400332,21.976562,24,58,41.4,12.74711296289826,45.0,Cas9,72,BoltzGen,SolubleMPNN,27,non_binder,0.3286260426044464,non_binder
9c8273d7-7321-52de-8244-86a7a9c9de59,0.74007,0.79922,0.77293,0.022380072609354956,0.76969,0.6,0.66667,0.640002,0.036516662908869416,0.66667,0.74,0.8806,0.81518,0.050058985207453034,0.8198,2.1655,3.2815,2.7014400000000003,0.5022028504498951,2.4794,0.6588903,0.75785446,0.7106328,0.045390673,0.72391886,0.6897216,0.78592515,0.7466801,0.042215824,0.7652051,0.6897216,0.78592515,0.7466801,0.042215824,0.7652051,0.6588903,0.75785446,0.7106328,0.045390673,0.72391886,0.8170528,0.87571913,0.851117,0.027311992,0.8619404,0.8946699,0.9285161,0.91281414,0.015633088,0.9181999,0.6907427,0.74131244,0.7186314,0.023433158,0.7252706,97.98531,98.15177,98.08251,0.060241085,98.091125,96.753525,97.015236,96.89901,0.10857255,96.94603,3.2383444,3.9416287,3.5484977,0.3151222,3.462685,0.9038086,1.1992188,1.043457,0.14154978,0.97802734,18,21,20.0,1.2247448713915887,20.0,TrkA,89,RFdiffusion3,SolubleMPNN,6,non_binder,0.961324460506439,binder
9ca5bb65-f055-5280-bff1-e10cc3aad688,0.63227,0.70116,0.651744,0.028379331035103702,0.63772,0.7619,0.85714,0.7999959999999999,0.03984175046355266,0.80952,0.7538,1.0004,0.881,0.0992913138194877,0.9139,8.5758,12.2136,10.3186,1.7412320968210984,9.5354,0.0,0.23230799,0.08315375,0.09411514,0.052260797,0.0,0.47105232,0.17489599,0.1969571,0.10613812,0.0,0.47105232,0.17489599,0.1969571,0.10613812,0.0,0.23230799,0.08315375,0.09411514,0.052260797,0.5187701,0.75086486,0.6434118,0.078245714,0.64767915,0.578199,0.7717611,0.6858144,0.07002199,0.68186164,0.0,0.26196468,0.10652323,0.10925555,0.09752261,83.63949,93.75339,88.50728,4.6990795,88.38123,73.211914,82.05041,77.53992,2.6821866,76.95496,14.184063,26.211966,19.4925,4.1537333,19.085361,3.8320312,16.765625,9.597656,5.1903186,8.40625,29,61,42.2,8.625543461139129,41.5,Latent GDF-8,90,RFdiffusion,SolubleMPNN,15,binder,0.7404269981384277,binder
9cd44527-2654-528f-bb2f-b78c232ba020,0.01002,0.01236,0.011447,0.0007458485100876723,0.01154,0.0,0.0,0.0,0.0,0.0,18.0968,21.224,19.102870000000003,0.9048516993899547,18.831,47.5732,53.6068,50.00554,1.8662228806989887,49.6995,0.0,0.0,0.0,0.0,0.0,0.0,0.0,0.0,0.0,0.0,0.0,0.0,0.0,0.0,0.0,0.0,0.0,0.0,0.0,0.0,0.20747837,0.83488625,0.5376507,0.29437298,0.56521034,0.6399643,0.8743857,0.7502142,0.112517886,0.74453306,0.0,0.0,0.0,0.0,0.0,66.70845,74.83499,70.65181,3.198417,69.878494,85.635574,86.48024,86.100975,0.29504398,86.16482,24.271376,27.671604,25.794857,1.2903854,25.90466,12.7734375,22.046875,17.272655,3.0079634,17.351562,38,62,50.2,9.975525605756877,51.5,Cas9,88,BoltzGen,SolubleMPNN,37,non_binder,0.17956220448017118,non_binder
9d704d56-624d-50a5-a63a-6c5977d74cfe,0.71242,0.80589,0.7565000000000001,0.036520566123760985,0.7668,0.54054,0.75676,0.637838,0.08242386317080753,0.62162,0.9448,1.103,1.0353999999999999,0.06947405990727766,1.0375,1.6039,2.052,1.8550200000000001,0.21561554211141648,1.9838,0.84032923,0.88098305,0.85984766,0.019217143,0.8545003,0.93135333,0.9429041,0.9370758,0.004842792,0.9364522,0.93135333,0.9429041,0.9370758,0.004842792,0.9364522,0.84032923,0.88098305,0.85984766,0.019217143,0.8545003,0.96607697,0.9758096,0.97083235,0.0045651523,0.9696435,0.9705555,0.9732364,0.9713932,0.0011362508,0.9707788,0.73756456,0.75527215,0.74626714,0.007946245,0.74549526,92.224,93.421265,92.956985,0.4920772,93.03965,97.314865,97.61614,97.491135,0.13232078,97.56769,3.23372,3.4644215,3.3458831,0.10637664,3.3621957,0.52490234,0.69384766,0.6202148,0.08097479,0.6489258,46,53,49.8,2.7748873851023212,51.0,MBP,80,PXDesign,SolubleMPNN,13,non_binder,0.9705912613868714,binder
9d9ec69b-058c-57a8-8336-76c1fd7424cd,0.75726,0.8912,0.8264419999999999,0.04962843962890629,0.81712,0.8,1.0,0.96,0.08944271909999157,1.0,0.6678,0.7735,0.7191799999999999,0.05016828679554447,0.694,3.5159,9.4823,5.59432,2.5272060673795487,4.7014,0.5615638,0.5892288,0.5766326,0.011110068,0.57627636,0.6698207,0.68650806,0.67858016,0.007625805,0.6783681,0.6698207,0.68650806,0.67858016,0.007625805,0.6783681,0.5615638,0.5892288,0.5766326,0.011110068,0.57627636,0.91496176,0.9230306,0.91930425,0.0032485342,0.91885906,0.60968316,0.63320345,0.6186568,0.011720944,0.61071575,0.5098053,0.52112335,0.5161027,0.0044611944,0.5179753,89.85793,90.98324,90.27163,0.4560554,90.1934,88.34085,88.89802,88.54856,0.22115397,88.44027,13.270387,14.105994,13.766825,0.35177174,13.952015,1.5722656,1.8115234,1.6730468,0.09033441,1.6787109,27,38,32.0,4.0,31.0,EGFR,75,PXDesign,SolubleMPNN,34,non_binder,0.9307310032844544,binder
9dd4f67a-ca53-587b-b943-236413a2bbb9,0.00765,0.00845,0.008004,0.0003606660505231949,0.008,0.0,0.0,0.0,0.0,0.0,23.979,25.3337,24.7878,0.5356671961208759,24.937,57.3935,60.4268,58.98998,1.3817407017961085,58.8901,0.027861943,0.05715396,0.041461337,0.012495391,0.045827806,0.24514179,0.29575756,0.2746997,0.021955647,0.28344518,0.24514179,0.29575756,0.2746997,0.021955647,0.28344518,0.027861943,0.05715396,0.041461337,0.012495391,0.045827806,0.35061854,0.40957072,0.38526955,0.025754273,0.3958037,0.6245147,0.6413841,0.63176435,0.006491265,0.6327792,0.20959792,0.25813723,0.23751187,0.023051966,0.25067636,80.00442,81.544464,80.86702,0.5526251,80.91581,85.96874,87.07476,86.37381,0.44318947,86.2142,11.816209,12.867324,12.314538,0.4675741,12.096935,3.4824219,3.9609375,3.6664062,0.20446056,3.5625,20,32,25.2,4.764451699828638,23.0,BBF-14,69,FreeBindCraft (BindCraft),SolubleMPNN,14,binder,0.4191636288166046,non_binder
9e12aa49-ce4f-5170-87a4-58f0cc043517,0.01203,0.81655,0.39068200000000003,0.39996844066612164,0.36942,0.0,0.9,0.4,0.4262237284181475,0.35,1.2337,17.4111,9.32594,8.441292551262514,9.3516,1.8341,49.4436,25.56903,24.749142073887015,25.71495,0.40503728,0.8355331,0.6297256,0.19672875,0.6192187,0.6318718,0.8506117,0.7418207,0.089364916,0.724051,0.6318718,0.8355331,0.73774534,0.084283456,0.724051,0.40503728,0.8506117,0.6338009,0.2014022,0.6192187,0.8356366,0.9428587,0.8930756,0.041687764,0.8875155,0.783225,0.8580802,0.8204571,0.025068741,0.8149996,0.38843265,0.7378857,0.56901073,0.1617341,0.5625383,83.23504,89.33348,86.0334,2.7095869,85.759705,80.5323,83.712204,81.99319,1.1392177,82.10733,7.9893794,10.908166,9.604863,1.0136015,9.810238,0.46142578,2.1679688,1.1919922,0.70402837,1.2050781,23,37,30.3,5.012207320355197,31.5,RBX1,71,RFdiffusion,SolubleMPNN,19,non_binder,0.7979086875915526,binder
9e7f3bac-43d8-5f6b-a5cc-fbda90bcb05e,0.29732,0.85059,0.571748,0.2692330540545784,0.575875,0.23077,0.88462,0.553845,0.3093962966541993,0.55769,0.8368,3.7311,2.196,1.3549679971620485,2.15075,1.5902,8.7327,5.3244299999999996,2.9051008573235837,5.77805,0.16825992,0.6679554,0.41690946,0.21132573,0.4282127,0.31386688,0.7845967,0.587119,0.2029611,0.61127955,0.31386688,0.7845967,0.587119,0.2029611,0.61127955,0.16825992,0.6679554,0.41690946,0.21132573,0.4282127,0.8648096,0.97258806,0.9242935,0.044110056,0.927733,0.6881936,0.9101612,0.7901039,0.101442374,0.7840482,0.23092967,0.49350426,0.3750038,0.11318456,0.384488,71.87544,86.37026,79.16896,6.7621274,79.2338,85.07404,86.84453,85.93407,0.5684456,85.964165,14.223102,15.731129,14.737103,0.4632835,14.705535,0.99658203,4.6367188,2.5728028,1.4806646,2.3486328,35,51,42.7,6.783149055645992,43.5,Cas9,66,BoltzGen,designed jointly by the structure model (native co-design),16,binder,0.8243380308151245,binder
9e952cae-d585-5e9e-958e-f072d9c7dc75,0.93423,0.96453,0.9539300000000001,0.011903841816825361,0.9558,0.88235,0.94118,0.9176460000000001,0.024610952439919932,0.91176,0.3084,0.4147,0.3409,0.04271135680354817,0.3212,0.5248,0.7935,0.66612,0.13010652174276277,0.7126,0.89529353,0.91622037,0.9045645,0.008854719,0.9027291,0.9367878,0.9525063,0.943725,0.00604733,0.9416769,0.9367878,0.9525063,0.943725,0.00604733,0.9416769,0.89529353,0.91622037,0.9045645,0.008854719,0.9027291,0.96197325,0.97033584,0.96572334,0.0034294955,0.9648593,0.9722842,0.97874177,0.9753938,0.0026169773,0.9747298,0.79868454,0.822388,0.80854636,0.009786326,0.8042955,97.422485,97.57676,97.51167,0.05754222,97.50781,96.65716,96.91462,96.80879,0.09461895,96.82072,2.215657,2.5392265,2.4079971,0.13613586,2.4685822,0.38208008,0.45092773,0.42050782,0.02715432,0.4309082,34,40,38.0,2.3452078799117144,39.0,PD-L1,70,BoltzGen,Caliby (SolubleCaliby),14,binder,0.9783693599700928,binder
9f401a9d-aac2-5566-a8fa-4a7c5bb3f929,0.84675,0.89584,0.8747720000000001,0.019920513798594643,0.87399,0.75758,0.78788,0.77576,0.016595993492406532,0.78788,0.4687,0.7048,0.57794,0.09239649885141751,0.5985,0.8674,1.654,1.21552,0.3275459006002059,1.2959,0.7531203,0.7901114,0.77145165,0.01707615,0.7752096,0.89684695,0.9161798,0.9090233,0.009055269,0.9146503,0.89684695,0.9161798,0.9090233,0.009055269,0.9146503,0.7531203,0.7901114,0.77145165,0.01707615,0.7752096,0.9433034,0.95358944,0.9484428,0.004755073,0.9495169,0.96034235,0.9659098,0.96315134,0.0020709971,0.9631255,0.7016249,0.72407174,0.7156016,0.0094713215,0.7197504,93.56145,93.94619,93.77617,0.13876094,93.80025,97.13716,97.21136,97.18404,0.028035574,97.19225,3.5831203,3.8232462,3.6652818,0.10345522,3.6115577,0.8652344,1.0107422,0.9359375,0.062995285,0.92578125,38,42,40.6,1.9493588689617927,42.0,MBP,80,PXDesign,Caliby (SolubleCaliby),13,non_binder,0.9853150796890258,binder
9f75f7de-2015-5994-91bf-7b659fcebf4c,0.81512,0.8493,0.831732,0.012258954686269169,0.83067,0.68182,0.72727,0.70909,0.024893990238609776,0.72727,0.6687,0.8106,0.74734,0.06405297026680341,0.7577,0.9674,1.2234,1.03894,0.10499799045696066,0.998,0.6843031,0.7705759,0.7274529,0.04015535,0.7407951,0.7167647,0.7728044,0.74643826,0.025742557,0.75854856,0.7167647,0.7728044,0.7419718,0.024001516,0.7407951,0.6843031,0.7705759,0.7319193,0.043141387,0.75587815,0.9446608,0.962852,0.9548656,0.009303803,0.95979154,0.6256041,0.71989584,0.66574717,0.041274525,0.64704216,0.48637357,0.5753621,0.5427469,0.038632907,0.56249714,88.78524,90.83836,89.826675,0.8836732,89.76952,85.41329,87.71395,86.46492,1.0604258,86.24519,10.072393,12.853663,11.783054,1.2687901,12.518193,0.9243164,1.3056641,1.1028321,0.16546886,1.0576172,31,47,39.2,8.012490249604053,40.0,EGFR,80,PXDesign,SolubleMPNN,10,non_binder,0.9462637186050414,binder
9f914292-57aa-553c-9f45-093a148368fd,0.63482,0.74267,0.686952,0.03745719565940121,0.693245,0.6,0.8,0.7,0.06236095644623235,0.7,1.4172,1.919,1.6076900000000003,0.15413632097738822,1.5506,1.9574,3.7558,2.92042,0.4595922680908471,3.0269500000000003,0.42324296,0.6210985,0.5053468,0.06865047,0.48296067,0.6971999,0.83514714,0.75876343,0.048610184,0.75198734,0.6971999,0.83514714,0.75876343,0.048610184,0.75198734,0.42324296,0.6210985,0.5053468,0.06865047,0.48296067,0.8174111,0.8957355,0.85149795,0.02978907,0.8506563,0.82135993,0.9564518,0.90588444,0.054852016,0.9352296,0.4448114,0.58194983,0.5080522,0.04520068,0.5049821,89.551735,91.809425,90.81431,0.7374444,90.61302,84.0669,94.10129,89.590004,4.598069,90.609604,5.4124055,10.199415,7.4417887,1.7597618,6.8011565,1.5244141,2.7617188,2.1541016,0.40317667,2.234375,48,56,52.0,2.708012801545321,51.5,Nipah-G,90,Genie3,ProteinMPNN,36,non_binder,0.9456673264503478,binder
9fb66ad4-a5b5-5768-97fd-e44da09c04c8,0.85961,0.89712,0.875758,0.015735462179421345,0.87178,0.83333,0.9,0.873334,0.027889464498265272,0.86667,0.7207,0.9625,0.8236000000000001,0.09714484031589117,0.841,0.8737,1.2053,1.01712,0.13763590374607926,0.9475,0.9377431,0.9480884,0.94249934,0.0039018507,0.942769,0.9461739,0.957106,0.9517139,0.0041809333,0.95257956,0.9461739,0.957106,0.9517139,0.0041809333,0.95257956,0.9377431,0.9480884,0.94249934,0.0039018507,0.942769,0.9771178,0.9811018,0.9789618,0.0015018117,0.97908247,0.97852945,0.98309135,0.98044956,0.0017310742,0.9805085,0.784221,0.802611,0.794141,0.0066349753,0.7946869,95.301926,95.91532,95.662125,0.23412962,95.719345,92.69736,93.68427,93.31356,0.39921904,93.39523,2.6267335,2.8797545,2.7556117,0.097831264,2.7382758,0.31420898,0.3371582,0.3248047,0.008969635,0.32495117,52,59,55.6,2.966479394838265,57.0,BHRF1,90,Proteina-Complexa,SolubleMPNN,18,non_binder,0.9791169238090514,binder
9fd9e5c5-1d64-5689-95aa-9a2b052204da,0.79129,0.81761,0.806118,0.010598724923310326,0.80392,0.63636,0.81818,0.745452,0.07606076301221275,0.72727,0.7578,1.0196,0.9419000000000001,0.1078284980883996,0.9823,1.3624,2.2455,1.81006,0.3577407203548401,1.748,0.7443566,0.8111998,0.7897907,0.026186889,0.7987976,0.75123096,0.82081646,0.7963332,0.026383825,0.80219954,0.7443566,0.82081646,0.79495835,0.02933569,0.80219954,0.75123096,0.8111998,0.79116553,0.023217209,0.7987976,0.8554078,0.90382326,0.88784075,0.018732246,0.8929886,0.91562724,0.9411876,0.93247527,0.00994085,0.9346785,0.6899426,0.7359823,0.7209189,0.018399939,0.723196,97.014404,97.24555,97.176254,0.09473796,97.19798,96.51703,96.89674,96.71831,0.16393514,96.765594,3.4466603,4.159743,3.7077603,0.27841172,3.6731808,0.78027344,1.0244141,0.8774414,0.09266479,0.86279297,19,25,21.8,2.16794833886788,22.0,TrkA,107,FreeBindCraft (BindCraft),SolubleMPNN,6,binder,0.9672000622749327,binder
9fe6e233-587c-5845-80fd-b2d3121c8a15,0.83743,0.84947,0.84358,0.0049254238396304086,0.84503,1.0,1.0,1.0,0.0,1.0,1.2624,1.3536,1.31348,0.03572767834606665,1.314,1.5128,1.8279,1.62428,0.12721197663742206,1.5671,0.8100933,0.8216176,0.81633914,0.00518311,0.81761605,0.81333786,0.82487786,0.8201626,0.0048904438,0.8215789,0.81333786,0.82487786,0.8201626,0.0048904438,0.8215789,0.8100933,0.8216176,0.81633914,0.00518311,0.81761605,0.9343585,0.9389674,0.93682826,0.0020817413,0.93731016,0.9385372,0.94310707,0.9413098,0.0019649686,0.9416762,0.6744246,0.6914327,0.6812732,0.007235923,0.6789297,95.6748,96.45681,96.202194,0.3072217,96.28099,96.2222,96.504486,96.32368,0.11149051,96.30865,3.9393127,4.2038198,4.1043167,0.11907688,4.162394,0.6870117,0.77978516,0.72373044,0.0367144,0.7114258,48,52,50.2,1.4832396974191324,50.0,IL-7Ra,84,BoltzGen,SolubleMPNN,28,binder,0.9790508008003234,binder
a07346a0-adad-5106-9d72-8197a481b7f4,0.88539,0.91709,0.9032959999999999,0.01311335502455415,0.90374,0.74074,0.81481,0.785184,0.030985106583647597,0.77778,0.3644,0.4379,0.3941,0.033015072315534945,0.3752,0.6624,1.1193,0.85968,0.18328436103497753,0.7911,0.8981687,0.91887474,0.9056157,0.008482041,0.9031747,0.9313803,0.9461517,0.93705386,0.006123267,0.9352244,0.9313803,0.9461517,0.93705386,0.006123267,0.9352244,0.8981687,0.91887474,0.9056157,0.008482041,0.9031747,0.96177185,0.9703027,0.9650599,0.0035347457,0.964013,0.9666329,0.97415787,0.9696229,0.0030524363,0.9690456,0.7810135,0.8053318,0.7908199,0.010292568,0.7894037,96.25365,96.45169,96.34123,0.08290071,96.302216,95.960724,96.19359,96.10463,0.09509504,96.12559,2.540553,2.9226682,2.7776213,0.16237642,2.827784,0.4152832,0.48168945,0.45458984,0.026555274,0.4633789,32,33,32.4,0.5477225575051667,32.0,PD-L1,97,FreeBindCraft (BindCraft),SolubleMPNN,13,binder,0.9775744819641113,binder
a08a9617-5645-5a0f-91da-0bf4a52c67ab,0.52309,0.5877,0.550958,0.024936193975825534,0.54275,0.5,0.5,0.5,0.0,0.5,2.0667,2.3709,2.2166799999999998,0.10996652672518119,2.2044,2.5393,4.7518,3.7065200000000003,0.8555285775472378,3.6768,0.37317058,0.6580302,0.5016597,0.117672555,0.47236952,0.38106686,0.668492,0.520594,0.115385324,0.47832224,0.38106686,0.668492,0.520594,0.115385324,0.47832224,0.37317058,0.6580302,0.5016597,0.117672555,0.47236952,0.6359951,0.84921926,0.7382363,0.08782409,0.72315264,0.7798095,0.8920879,0.83128005,0.04573475,0.81974554,0.5008959,0.68809474,0.5898136,0.07559303,0.5707681,91.65871,92.60074,92.1442,0.3829361,92.010956,90.51495,91.12381,90.76689,0.28385323,90.66068,3.8498368,6.1316977,5.0456533,0.9295705,5.2857585,1.1757812,2.3613281,1.7695312,0.4668648,1.8486328,21,35,28.2,5.06951674225463,28.0,BBF-14,68,Genie3,SolubleMPNN,23,non_binder,0.7767348968982696,binder
a0c2a996-3b1e-5dd2-93ab-c899492ec6be,0.88345,0.92205,0.905752,0.011945542915897776,0.909045,0.74194,0.89888,0.849149,0.04809528562020284,0.8519399999999999,0.3969,0.7512,0.5566,0.12668720886059845,0.5831,0.4781,1.0244,0.75857,0.1861092633075766,0.77985,0.853105,0.9261519,0.89429533,0.02499491,0.90109235,0.90984577,0.9360955,0.9241354,0.008290549,0.9249664,0.92054754,0.9472173,0.93549937,0.00851323,0.9370773,0.853105,0.9261519,0.89429533,0.02499491,0.90109235,0.96362543,0.980208,0.9732332,0.0049283607,0.973353,0.966035,0.9818955,0.9751728,0.004701787,0.9758079,0.6712302,0.74193937,0.708568,0.025323644,0.7088615,91.68637,92.88904,92.24778,0.48456508,92.19719,88.19719,89.032364,88.569496,0.2633569,88.58113,3.4194589,4.6278276,3.9885983,0.39492318,4.0592585,0.37817383,0.5439453,0.4473633,0.05665678,0.44226074,62,83,72.2,6.924994985958874,72.5,TNFa,95,RFdiffusion3,SolubleMPNN,18,non_binder,0.9748983693122862,binder
a0c5d1ad-5bc8-4929-983e-2d9e1f56e531,0.54206,0.60394,0.5789340000000001,0.018063568122974324,0.5842350000000001,0.475,0.725,0.593704,0.07073880079403226,0.5888899999999999,2.9055,4.2965,3.36343,0.4355166231041015,3.2446,1.2086,1.6364,1.41595,0.14312414385964217,1.404,0.8287023,0.8909897,0.86265695,0.020994581,0.86040473,0.8758392,0.9177396,0.89957225,0.016126642,0.9000439,0.906701,0.9421692,0.9258258,0.013439758,0.92509305,0.8287023,0.8909897,0.86265695,0.020994581,0.86040473,0.96260184,0.97651786,0.9709158,0.0046814224,0.97092414,0.96515334,0.97798896,0.9729039,0.0041565513,0.9729099,0.7022809,0.74828976,0.7213364,0.01781107,0.715811,90.19526,92.74401,91.61513,0.96312755,91.81694,89.56171,90.8569,90.25911,0.4909049,90.1696,3.5856712,4.2771187,3.9638448,0.26669914,4.0176497,0.49047852,0.7866211,0.63884276,0.09084569,0.65527344,40,54,47.7,4.2439499421071325,47.5,TNFa,80,PXDesign,SolubleMPNN,47,non_binder,0.9468307876586913,binder
a10a0801-1a5d-5648-80d4-a491fcdd8d20,0.00674,0.85837,0.364043,0.3740663391565726,0.348175,0.0,1.0,0.4375,0.46863424496674966,0.375,0.3193,20.0892,9.39294,9.658575692811946,6.8905,6.4018,69.6286,37.029579999999996,27.989769748439638,24.478650000000002,0.0,0.86526465,0.47215852,0.39552054,0.46776164,0.0,0.9399667,0.6135869,0.35464358,0.68029374,0.0,0.86526465,0.5698023,0.31250486,0.60536313,0.0,0.9399667,0.5159431,0.44051102,0.54269224,0.73188335,0.9777759,0.87888366,0.10372678,0.89714664,0.7258107,0.89383763,0.8044604,0.058577925,0.8052985,0.028376436,0.7992901,0.4689672,0.32702243,0.49339145,74.348335,96.89915,86.00267,11.16608,86.19052,76.07892,85.42701,79.51237,3.7253914,77.848114,4.4824347,21.20107,10.630428,5.306369,9.914925,0.33666992,10.4453125,3.696045,3.7709095,2.869751,9,25,16.5,5.66176258382101,18.0,RBX1,75,Genie3,SolubleMPNN,8,binder,0.7528434622287751,binder
a1802ad7-fc8d-57c5-834a-2d3ef93e43af,0.01931,0.27541,0.078458,0.07546068612934229,0.051199999999999996,0.0,0.21569,0.03701,0.06628985023700419,0.014705,4.2556,20.442,10.92662,4.7672254967993,9.18465,8.4993,36.0825,22.67543,8.280012170958582,25.2556,0.0,0.38438663,0.088340186,0.14787684,0.0,0.0,0.50314593,0.11576406,0.19248916,0.0,0.0,0.6576528,0.1763308,0.28537112,0.0,0.0,0.38438663,0.089444794,0.14718327,0.0,0.6807612,0.938172,0.83336574,0.07707591,0.8354354,0.75219834,0.9484233,0.8715666,0.058937877,0.8759153,0.0,0.49379432,0.13486373,0.20114437,0.0055285175,73.72452,80.75243,78.12311,2.280476,78.84319,86.33771,87.642975,86.886246,0.42155737,86.777176,6.7545037,23.049362,15.536853,5.80981,17.769424,2.6542969,18.140625,10.241992,5.448165,12.078125,21,60,33.3,13.275290329530778,27.0,TNFa,60,BoltzGen,SolubleMPNN,23,non_binder,0.3909855890274047,non_binder
a1b09ea8-fe05-52ab-8f39-61b549696655,0.64992,0.82068,0.760952,0.0681476571130659,0.79136,0.36364,0.68182,0.5909099999999999,0.14010009707348525,0.68182,0.7392,1.1288,0.9114800000000001,0.14091597496380592,0.9048,1.344,1.9968,1.6956,0.23634158542245576,1.7425,0.40484607,0.5603527,0.50065625,0.05895551,0.507765,0.5829577,0.6812334,0.64765143,0.0381945,0.65537226,0.5829577,0.6812334,0.64765143,0.0381945,0.65537226,0.40484607,0.5603527,0.50065625,0.05895551,0.507765,0.8405061,0.9095763,0.88506925,0.026578695,0.8898616,0.70087534,0.7276297,0.71916044,0.0107271,0.72136337,0.3904734,0.41127792,0.4023916,0.008478902,0.40604603,86.08011,87.59124,86.852936,0.60255784,86.88986,89.79758,90.68128,90.28511,0.3190531,90.35463,10.469381,11.638709,10.841962,0.47214052,10.785283,1.6621094,2.3691406,1.8634765,0.28996375,1.7529297,37,47,43.6,3.847076812334269,45.0,EGFR,80,PXDesign,SolubleMPNN,10,non_binder,0.9060052037239074,binder
a1d2bf60-7f61-5fd8-a2b9-380fa180394d,0.2956,0.33417,0.31951,0.016275805663622342,0.32317,0.76471,0.82353,0.8000019999999999,0.03221704083245387,0.82353,7.7727,9.9636,8.454080000000001,0.8957816234998343,7.9794,20.8028,25.5078,22.42438,2.0253629580892407,21.5204,0.6335832,0.7316776,0.6758927,0.03794015,0.6712112,0.7093392,0.75252384,0.72501224,0.017092012,0.71924025,0.7093392,0.75252384,0.72501224,0.017092012,0.71924025,0.6335832,0.7316776,0.6758927,0.03794015,0.6712112,0.93051654,0.9549842,0.94188756,0.009459056,0.94128835,0.59825975,0.67346925,0.63948846,0.028475001,0.6471113,0.5297816,0.573192,0.54544055,0.01757506,0.54191804,87.66741,89.77162,88.78183,0.8092248,88.8187,87.02692,89.04663,87.877396,1.0231143,87.2688,11.7093315,14.413069,12.754274,1.1159127,12.193175,1.1074219,1.5039062,1.3404297,0.1596039,1.3476562,42,50,45.6,3.209361307176242,46.0,EGFR,80,PXDesign,SolubleMPNN,13,non_binder,0.874523992538452,binder
a20a03f2-4215-52d7-88c3-dd067c020692,0.67301,0.76324,0.724623,0.027088072426397897,0.72072,0.4,0.60526,0.480262,0.05381993224323743,0.47368,0.7454,1.0619,0.8976200000000001,0.121808408759184,0.9076500000000001,0.934,2.3753,1.73844,0.5281219013321324,1.6659,0.69087166,0.86052966,0.8050653,0.060534324,0.81983846,0.7578775,0.86221254,0.8224041,0.041237783,0.83186364,0.7578775,0.86052966,0.8209769,0.03986786,0.8294853,0.69087166,0.8692271,0.8091151,0.06438768,0.8243378,0.9169794,0.94140714,0.9266981,0.007056612,0.92459095,0.9168156,0.9372133,0.9299091,0.0065792254,0.93178403,0.63206184,0.7187557,0.68419445,0.03412737,0.6930625,97.72041,97.93963,97.8264,0.076182805,97.82585,97.69346,97.858376,97.79493,0.048319805,97.80365,3.6304548,4.8208957,4.1056294,0.4695341,3.9763305,0.53466797,1.0791016,0.75283206,0.22168767,0.71777344,15,18,16.3,1.1595018087284057,16.0,VEGF-A,75,PXDesign,SolubleMPNN,11,non_binder,0.9689544248580932,binder
a26168d4-8819-5de6-8dd4-0b40aa32b24a,0.00334,0.00563,0.00386,0.0009927990733275287,0.00346,0.0,0.0,0.0,0.0,0.0,23.8271,38.6852,35.11526,6.366841855504186,37.8853,74.1934,91.7025,87.44658,7.468684926210237,90.1005,0.45238888,0.71630114,0.64816344,0.11190848,0.700216,0.54345554,0.7196984,0.677271,0.07582603,0.71662956,0.54345554,0.7196984,0.677271,0.07582603,0.71662956,0.45238888,0.71630114,0.64816344,0.11190848,0.700216,0.84231246,0.94258213,0.9181539,0.042931143,0.9380806,0.5590139,0.6609434,0.62652457,0.039688166,0.6338076,0.42930543,0.5369522,0.51136094,0.046155088,0.53280133,88.5896,90.323494,89.28136,0.6757253,89.13104,88.46552,90.36181,89.92698,0.8219518,90.31048,12.926514,16.214148,14.03091,1.2899913,13.764096,1.2431641,2.2832031,1.525,0.43495178,1.3388672,25,50,32.6,10.21273714534943,29.0,EGFR,95,PXDesign,Caliby (SolubleCaliby),14,non_binder,0.5449111330509187,binder
a2ee77fb-50b2-5cf3-8eb4-f68cf5675b34,0.85481,0.92657,0.898452,0.028243089774314726,0.91147,0.85714,0.95238,0.895236,0.03984175046355267,0.90476,0.6352,0.8208,0.68472,0.07773909569836787,0.6491,0.9613,2.19,1.3567,0.49491180527443474,1.154,0.8116857,0.8339174,0.82396746,0.008145993,0.8248007,0.8351705,0.85296685,0.8455459,0.0071740225,0.8473684,0.8351705,0.85296685,0.8455459,0.0071740225,0.8473684,0.8116857,0.8339174,0.82396746,0.008145993,0.8248007,0.933162,0.9422781,0.93824995,0.003342218,0.9386457,0.94459635,0.9512846,0.947563,0.0027643621,0.94697654,0.6847131,0.699533,0.6912085,0.0061574616,0.6890084,95.341286,95.50427,95.42654,0.065310866,95.44876,96.77407,96.88037,96.81139,0.040702917,96.801926,3.8403528,4.0499525,3.9518127,0.09265749,3.9639134,0.7265625,0.77734375,0.753125,0.021870967,0.7548828,32,38,34.4,2.302172886644268,34.0,IL-7Ra,88,Proteina-Complexa,SolubleMPNN,10,binder,0.9833990311622619,binder
a4148fe2-751e-533a-a50e-f70879de6cc1,0.90447,0.93334,0.913714,0.011279221161055371,0.91058,0.84211,0.89474,0.8526360000000001,0.02353685153116279,0.84211,0.451,0.5228,0.49266000000000004,0.02814370267040214,0.4914,0.6938,1.3233,0.9927199999999999,0.22570496671540038,0.9923,0.75143075,0.8075015,0.7756131,0.026561901,0.7620122,0.8501803,0.8965798,0.87495357,0.018930268,0.87478614,0.75143075,0.8075015,0.7756131,0.026561901,0.7620122,0.8501803,0.8965798,0.87495357,0.018930268,0.87478614,0.938143,0.9590272,0.9493685,0.0085474355,0.9492742,0.82629764,0.91531706,0.8675831,0.03955726,0.86639833,0.6630105,0.70095617,0.6799734,0.016870346,0.67620504,96.351326,96.87007,96.70307,0.21776015,96.783745,78.579895,84.56005,82.306305,2.3232877,83.34812,5.1387005,7.589939,6.3658257,1.1178398,6.062362,0.515625,0.65722656,0.5794922,0.055960312,0.5732422,19,21,20.0,0.7071067811865476,20.0,TREM2,93,Proteina-Complexa,SolubleMPNN,18,binder,0.9718457293510436,binder
a470b38a-c668-514f-b2a8-e09f0e97c7a7,0.36537,0.47948,0.45089300000000004,0.03334303393847392,0.461155,0.15238,0.31197,0.23892699999999997,0.059223479024604564,0.24512,3.0422,4.3459,3.46581,0.3785646207863476,3.49145,1.3176,3.7474,1.8020299999999998,0.7241230574517935,1.5429499999999998,0.18938167,0.90178,0.7691411,0.21007937,0.8313463,0.50428474,0.90391713,0.8332885,0.117119476,0.86417353,0.50428474,0.93000805,0.83969,0.120584615,0.87186503,0.18938167,0.90178,0.7691411,0.21007937,0.8313463,0.89519054,0.9813783,0.96159106,0.023903828,0.96847373,0.9286717,0.9834294,0.96756715,0.01437991,0.97135735,0.23613569,0.71119195,0.6091327,0.13497189,0.64529383,80.75657,94.84389,91.50453,4.1188602,92.647156,95.23166,97.26593,95.961105,0.6186758,95.873055,3.6244676,9.870148,5.155688,1.7148911,4.751424,0.62353516,3.8359375,1.1956543,0.95553565,0.84643555,54,84,70.1,8.774331250237188,68.5,15-PGDH,100,RFdiffusion3,SolubleMPNN,43,non_binder,0.8854187512397765,binder
a4929f67-8885-56c9-8524-b13522142626,0.60916,0.69599,0.65009,0.030775744056354224,0.65038,0.62201,0.70769,0.659411,0.0270107071156771,0.65613,1.7765,2.6905,2.11287,0.3302351554406176,2.0140000000000002,1.6052,2.548,1.9734200000000002,0.3114327814044843,1.8504,0.7641778,0.9212714,0.8461256,0.06883671,0.85253024,0.79608876,0.92694086,0.86150885,0.060301006,0.8637621,0.79608876,0.9279447,0.86147785,0.060392078,0.86110616,0.7641778,0.9212714,0.8461256,0.06883671,0.85253024,0.9500344,0.98154193,0.96837884,0.011455279,0.9679242,0.9547804,0.9832568,0.9716264,0.010131926,0.9713317,0.60592884,0.7395363,0.6700654,0.05816211,0.6693392,75.4267,84.69419,80.234245,2.603876,80.15161,85.8251,87.17725,86.44626,0.43970546,86.387665,3.3758454,5.5988636,4.437658,0.9312245,4.455815,0.56347656,1.2675781,0.90654296,0.31475636,0.89086914,75,121,91.9,14.129952425806522,94.0,TNFa,95,RFdiffusion3,SolubleMPNN,38,non_binder,0.9521103477478027,binder
a4ed84c1-c9db-5ada-b630-096b5bc732e8,0.77432,0.88154,0.836158,0.038915540683211285,0.84379,0.71154,0.84,0.769231,0.04321650159371999,0.77423,0.5766,1.1205,0.8199500000000001,0.19139718011390752,0.8224,1.3054,1.8039,1.4884,0.14472699970787917,1.47945,0.76806855,0.8882991,0.8332349,0.051690914,0.8379804,0.8139592,0.89314526,0.85616225,0.03052883,0.85770935,0.8139592,0.91251045,0.8659154,0.040142346,0.869063,0.76806855,0.8882991,0.8332349,0.051690914,0.8379804,0.93717605,0.9478071,0.9428142,0.0041195764,0.9432064,0.9275841,0.95665103,0.9440711,0.010557286,0.94485533,0.7018558,0.7792489,0.7437893,0.030545913,0.74575025,95.70846,96.24157,95.940956,0.21336989,95.906006,96.816154,97.06588,96.936134,0.08324213,96.93202,2.8338664,3.8766131,3.3067074,0.41635793,3.282905,0.49267578,0.8178711,0.652002,0.12920964,0.64819336,19,26,22.6,2.065591117977289,22.5,VEGF-A,63,BoltzGen,SolubleMPNN,11,non_binder,0.9753132152557373,binder
a4f1292a-3ef3-5cd4-bb9f-6d83cae2bf66,0.60154,0.74473,0.683406,0.04536120716598663,0.69563,0.46269,0.58209,0.52418,0.03455648676844594,0.5258,0.8595,1.87,1.29771,0.34891169672441635,1.2456,0.9798,3.3063,1.98494,0.7704377387779842,1.86675,0.4433834,0.88278896,0.73684025,0.16224469,0.77845883,0.57068884,0.8843595,0.787952,0.107190914,0.8162229,0.57068884,0.88278896,0.78651965,0.10599599,0.81273293,0.4433834,0.90275204,0.7475163,0.17206377,0.79014254,0.81235904,0.9321432,0.8996965,0.04099075,0.91363096,0.8427296,0.94380313,0.9132143,0.034858916,0.9239255,0.48716345,0.7385462,0.6546143,0.08809654,0.67563146,95.94946,96.890625,96.46604,0.2974933,96.56115,95.800766,96.51795,96.23781,0.20106548,96.29379,3.2552123,6.4908056,4.343313,1.1395338,4.0795455,0.5625,2.53125,1.1778809,0.71295726,0.9602051,21,39,32.2,4.732863826479693,33.5,VEGF-A,98,RFdiffusion3,Caliby (SolubleCaliby),16,non_binder,0.965325837135315,binder
a4ffc0f5-2ba8-5830-aedc-2a28eea03ea2,0.01011,0.6857,0.328764,0.3363089004405854,0.30759000000000003,0.0,0.875,0.424999,0.4482466045840294,0.416665,0.4014,14.4276,7.390420000000001,7.174699377953059,7.37505,13.2906,60.0612,37.88338,23.056755528275584,38.8023,0.03142594,0.86485493,0.48628554,0.39186195,0.52928054,0.12648584,0.9309082,0.60079604,0.3492564,0.68696284,0.12648584,0.86485493,0.56813926,0.31618118,0.6560742,0.03142594,0.9309082,0.5189423,0.42603457,0.56016916,0.7567747,0.9723213,0.88499516,0.0896017,0.89775527,0.7400143,0.84044415,0.8126971,0.031505425,0.8242434,0.125381,0.7876276,0.47613937,0.32091802,0.50739855,90.96142,96.67215,93.85285,2.809287,93.84849,77.7767,85.45267,81.51347,3.3086703,81.32481,7.329063,15.569418,10.599309,3.1590035,9.875408,0.32128906,5.6289062,2.575708,2.4221876,2.015503,23,46,34.6,8.566082989195108,35.0,RBX1,81,RFdiffusion3,SolubleMPNN,14,binder,0.8401958703994751,binder
a5490a73-fcec-57b1-b286-4215b7d08646,0.64985,0.7669,0.70818,0.05198078202566789,0.69983,0.55,0.9,0.75,0.12747548783981963,0.75,1.0979,1.6889,1.37452,0.21418253196747858,1.3934,2.5409,5.451,3.8416000000000006,1.1797177353078998,4.0406,0.49983108,0.8773066,0.7620186,0.16002983,0.85673827,0.6525725,0.8832352,0.8097458,0.09650848,0.86419797,0.6525725,0.8773066,0.8053392,0.09305642,0.85673827,0.49983108,0.8832352,0.7664252,0.16352727,0.86419797,0.79592544,0.9682554,0.91961926,0.07343327,0.96245265,0.91708225,0.95659167,0.94251955,0.015597565,0.94927675,0.50150126,0.6752552,0.61656046,0.07069521,0.6532312,95.54365,95.85114,95.718925,0.1117003,95.731636,97.34332,97.530014,97.4056,0.07817455,97.37069,4.052791,6.189115,4.777357,0.8658233,4.362213,0.7973633,2.1542969,1.2082031,0.5717643,0.88720703,20,33,29.2,5.403702434442518,31.0,MBP,110,PXDesign,Caliby (SolubleCaliby),12,non_binder,0.9610078644752501,binder
a56c78d0-c84d-5d36-afdb-dc6ced938ae9,0.92734,0.95208,0.939262,0.008813763100968841,0.93832,0.85714,0.92857,0.914284,0.03194446712656199,0.92857,0.3507,0.398,0.37306,0.017508655002598,0.3703,1.0457,2.2003,1.63998,0.5087308099574862,1.7578,0.8570837,0.900743,0.8772066,0.016208328,0.8780848,0.8932182,0.92446595,0.9084773,0.011684276,0.9080504,0.8932182,0.92446595,0.9084773,0.011684276,0.9080504,0.8570837,0.900743,0.8772066,0.016208328,0.8780848,0.9388244,0.9582451,0.9486081,0.0072352453,0.94833577,0.95886534,0.97091806,0.96480453,0.0044469913,0.964534,0.77564734,0.8022774,0.7865721,0.011264981,0.7847834,97.66279,97.86981,97.74309,0.08183583,97.73973,96.55456,96.902824,96.729904,0.14127435,96.770195,2.5632048,3.0785043,2.8191745,0.1976714,2.8429985,0.5,0.59765625,0.5529297,0.03888908,0.55322266,23,25,24.2,0.8366600265340756,24.0,TrkA,85,RFdiffusion3,SolubleMPNN,8,binder,0.9821484184265136,binder
a58e2c32-8048-58aa-ae43-c9ae760811e9,0.02111,0.18504,0.074808,0.07188422789458061,0.03535,0.0,0.11765,0.023530000000000002,0.052614679510570056,0.0,6.6152,16.7205,12.130959999999998,4.821913253367381,14.9325,10.6622,35.6897,24.0776,11.753484828764616,25.7777,0.0,0.21328458,0.04483804,0.09428281,0.0,0.0,0.49209937,0.1027179,0.21773724,0.010459593,0.0,0.49209937,0.10269292,0.2177504,0.010459593,0.0,0.21328458,0.044863027,0.094271585,0.0,0.16617058,0.6843119,0.37304538,0.19318584,0.3371993,0.5953227,0.8250264,0.6728091,0.08916125,0.6420243,0.0,0.23093045,0.06893343,0.0930405,0.04068833,75.310036,80.8486,78.22363,2.5126753,79.13752,83.114555,85.23418,84.245026,0.8657612,84.172226,11.3252,23.202143,17.767769,4.5671334,16.693316,4.6132812,17.046875,10.421094,4.49133,9.7265625,22,51,39.6,11.013627921806693,41.0,EGFR,81,FreeBindCraft (BindCraft),designed jointly by the structure model (native co-design),11,non_binder,0.2638442152738571,non_binder
a5dccbd2-9bda-5a80-98fb-6a3c08054a83,0.76542,0.79476,0.7817080000000001,0.011109098523282632,0.78485,0.57692,0.65385,0.623076,0.03218272564591139,0.61538,0.8354,0.9067,0.8683400000000001,0.026821129730121365,0.8617,1.3154,1.5591,1.41212,0.09859060300048882,1.3955,0.71244055,0.7719138,0.73844475,0.022238152,0.73850447,0.85183054,0.87600935,0.86243075,0.011905109,0.85642505,0.71244055,0.7719138,0.73844475,0.022238152,0.73850447,0.85183054,0.87600935,0.86243075,0.011905109,0.85642505,0.9546631,0.9626945,0.9581898,0.0039829817,0.9561943,0.86314434,0.9115007,0.885394,0.019969763,0.88324267,0.6598626,0.6892907,0.6720334,0.013446317,0.66452646,92.0497,93.67769,93.093254,0.67518216,93.353806,79.82467,88.81028,85.29137,3.6709337,85.09277,4.8616543,5.9192805,5.5056753,0.416865,5.631816,0.578125,0.7167969,0.6515625,0.06002544,0.67529297,39,43,39.8,1.7888543819998326,39.0,TREM2,67,RFdiffusion3,SolubleMPNN,17,binder,0.9715020298957824,binder
a5e22c07-bc80-5a10-9e94-6f434e17196c,0.00506,0.00588,0.005523,0.00026903324866805746,0.005545,0.0,0.0,0.0,0.0,0.0,24.5295,26.3109,25.4293,0.5746822600359273,25.4754,71.5174,77.2797,73.84270000000001,1.9178045196410334,73.46015,0.0,0.0,0.0,0.0,0.0,0.0,0.0,0.0,0.0,0.0,0.0,0.0,0.0,0.0,0.0,0.0,0.0,0.0,0.0,0.0,0.20291115,0.846498,0.5273218,0.32211208,0.5332123,0.6332928,0.88624245,0.758259,0.122123934,0.7524048,0.0,0.014192709,0.0014192709,0.0044881287,0.0,79.61649,82.059525,80.81536,0.84548795,80.65364,85.69461,86.65908,86.20724,0.35854492,86.16015,21.203285,27.454922,24.984837,2.2947254,25.561237,11.234375,19.078125,15.790625,2.791501,16.0,20,47,35.5,7.905694150420947,37.5,Cas9,63,Genie3,ProteinMPNN,23,non_binder,0.35283150315284734,non_binder
a5f7eda5-54de-5bfc-9a91-074025fa3d59,0.9083,0.9525,0.919834,0.01863681383713432,0.91261,0.77273,0.90909,0.818182,0.05566873691759135,0.81818,0.3112,0.4209,0.35514,0.047294217405513775,0.3367,0.5005,0.731,0.5977,0.10600478762772937,0.5551,0.8977519,0.92284465,0.9138166,0.009867984,0.9182137,0.9274452,0.9441456,0.9385725,0.0064822193,0.9400233,0.9274452,0.9441456,0.9385725,0.0064822193,0.9400233,0.8977519,0.92284465,0.9138166,0.009867984,0.9182137,0.96063274,0.9709074,0.96724254,0.0040461738,0.96905464,0.9719418,0.9781898,0.9761469,0.002482518,0.97731566,0.8097306,0.8317604,0.8248421,0.008707829,0.82674515,97.172066,97.37853,97.30141,0.09727015,97.35932,96.09668,96.525566,96.30703,0.19738609,96.34991,2.1278038,2.4122853,2.2150142,0.113469884,2.187633,0.34643555,0.41967773,0.3689453,0.029009825,0.35986328,32,38,35.8,2.280350850198277,36.0,PD-L1,75,PXDesign,SolubleMPNN,16,binder,0.9851775765419005,binder
a670c339-0ea4-55a6-849c-50f473877e35,0.61119,0.92529,0.830185,0.11144795798438341,0.899115,0.66667,1.0,0.9000009999999999,0.16101368702691085,1.0,0.7716,1.8876,1.13353,0.376752730728141,0.92235,1.0445,4.5162,1.90201,1.1156612214287993,1.4495,0.50043565,0.89988583,0.8055622,0.12674439,0.8509877,0.6182652,0.9002921,0.82921124,0.09141726,0.85995096,0.6182652,0.89988583,0.8283514,0.090745315,0.8590092,0.50043565,0.9141007,0.8137574,0.13310075,0.85883784,0.8467826,0.94374317,0.9275982,0.030422729,0.9391991,0.8724443,0.9538351,0.9342125,0.02575794,0.943423,0.5494729,0.77454,0.7104877,0.073356524,0.73460567,87.33791,95.41875,92.3388,3.1540685,93.0674,92.77867,96.76895,95.37187,1.4649751,95.60599,2.8744035,5.764034,3.7048218,0.9548352,3.3782425,0.3972168,1.9384766,0.78100586,0.5013472,0.6236572,37,48,42.6,3.306559138036598,42.5,VEGF-A,80,Genie3,SolubleMPNN,34,binder,0.9713135910034179,binder
a680aba0-3175-5d40-ac15-aa9f43774772,0.00757,0.86576,0.25357799999999997,0.39601763750845465,0.008414999999999999,0.0,0.86111,0.23611100000000002,0.3822739297196885,0.0,0.8434,24.1702,16.37574,10.651800271440816,22.77595,0.8979,62.0956,42.20174,28.408129939438112,57.823800000000006,0.0,0.5959525,0.15100713,0.22175826,0.0,0.0,0.8431537,0.27646694,0.35782897,0.012132693,0.0,0.8431537,0.27646694,0.35782897,0.012132693,0.0,0.5959525,0.15100713,0.22175826,0.0,0.114492014,0.8931022,0.42395344,0.3068274,0.2434955,0.7228501,0.956615,0.8347228,0.06589291,0.84364307,0.0,0.62075895,0.21101108,0.22652811,0.098685384,83.00845,90.56618,86.30321,3.0692308,85.350365,81.75778,93.54406,88.52793,4.622378,89.57438,4.990548,25.93076,15.033849,6.412582,16.454874,1.5205078,16.328125,7.687207,4.6579394,7.8398438,26,68,42.8,16.565023392678924,36.5,Nipah-G,85,PXDesign,SolubleMPNN,21,non_binder,0.7294952058792115,binder
a7091a39-534a-581c-9b2f-59e889503965,0.01018,0.03315,0.013472999999999999,0.007085542479035901,0.010915,0.0,0.0,0.0,0.0,0.0,11.3952,22.8665,19.44751,3.893815310477773,20.16675,28.3607,55.043,48.111329999999995,7.734790817547828,49.8136,0.0,0.6027228,0.16387364,0.21649663,0.054821678,0.0,0.61897624,0.17646238,0.22647792,0.06963596,0.0,0.82750654,0.3158355,0.3559353,0.17278056,0.0,0.6027228,0.16387364,0.21649663,0.054821678,0.83924806,0.97214484,0.8934921,0.048483036,0.87393636,0.8948852,0.9790953,0.9282055,0.030690715,0.9150993,0.0,0.6156764,0.21576877,0.24971294,0.10816955,60.447014,88.86271,75.977554,12.37734,76.44879,94.55305,96.06473,95.47169,0.42957595,95.5497,4.8102264,27.136702,13.975512,7.729272,13.651803,1.2480469,20.84375,9.010157,6.7428913,8.658203,19,41,30.0,7.760297817881877,29.0,15-PGDH,66,BoltzGen,designed jointly by the structure model (native co-design),17,non_binder,0.44821990132331846,non_binder
a70a8255-1bd7-50a7-85c7-144040deef95,0.27319,0.51723,0.43483700000000003,0.09416941117534457,0.477045,0.18421,0.64234,0.511853,0.17396639305400977,0.57895,3.5649,4.9826,4.03135,0.5420941928197431,3.79215,4.7831,8.2499,6.0537399999999995,1.3273515327732721,5.72945,0.0,0.80987483,0.36625206,0.36075968,0.30026102,0.0,0.8316765,0.4253439,0.3733516,0.5317841,0.0,0.9043746,0.47603232,0.41770127,0.594369,0.0,0.80987483,0.36625206,0.36075968,0.30026102,0.8070231,0.96864676,0.8922715,0.06720028,0.8986715,0.8566556,0.97280735,0.91644657,0.048386205,0.9183713,0.0,0.69177186,0.35801062,0.29518077,0.3774559,71.11145,83.29896,76.665665,5.038139,76.00401,83.85019,87.64464,85.859825,0.92802876,85.939285,4.231309,21.164745,10.532495,6.321598,8.599702,0.9379883,13.4296875,5.0862794,4.541126,3.3085938,62,100,82.6,11.711343029540016,83.0,TNFa,80,PXDesign,Caliby (SolubleCaliby),29,non_binder,0.8580309748649596,binder
a723f409-7b92-5a1b-83ce-2691d2bd91f8,0.49287,0.53071,0.511186,0.01386264873680351,0.50807,0.0,0.0,0.0,0.0,0.0,1.0723,1.2019,1.1371600000000002,0.05384847258743741,1.1378,2.1368,3.2916,2.84252,0.43562310774337937,2.9966,0.72625256,0.7818035,0.76050466,0.02144551,0.7640577,0.8632629,0.8854964,0.8777221,0.009207269,0.88165945,0.72625256,0.7818035,0.76050466,0.02144551,0.7640577,0.8632629,0.8854964,0.8777221,0.009207269,0.88165945,0.9344999,0.94608086,0.94196224,0.0047182767,0.94392097,0.905617,0.9274451,0.9204224,0.009159542,0.92451364,0.63902354,0.6697696,0.66111964,0.012613307,0.66442364,94.75101,95.13983,94.86843,0.15454559,94.817,83.64719,85.45483,84.78683,0.77003187,85.06615,5.1976414,5.5910993,5.3115997,0.16051313,5.2627573,0.64160156,0.70947266,0.66503906,0.02688874,0.65722656,13,17,16.0,1.7320508075688772,17.0,TREM2,118,FreeBindCraft (BindCraft),Caliby (SolubleCaliby),21,binder,0.8671367907524109,binder
a7d5f7a6-ec02-5610-b61c-46c37b8df461,0.01139,0.6052,0.256921,0.26227119672625554,0.222525,0.0,1.0,0.41,0.4389381125701739,0.35,1.823,16.3676,8.80487,7.229324788364862,7.4585,8.8291,52.1904,32.20574,20.626497953964186,33.46525,0.0,0.8347228,0.393423,0.41516355,0.37728548,0.0,0.916068,0.43625277,0.4555213,0.42080337,0.0,0.8347228,0.3957067,0.41278002,0.38302326,0.0,0.916068,0.43396902,0.45790702,0.4150656,0.7089678,0.96264607,0.8319481,0.11330253,0.8289832,0.7062848,0.8419141,0.77150667,0.055570703,0.7668057,0.029296875,0.7550562,0.37987003,0.35729933,0.37460726,76.7714,91.231415,85.03301,6.442969,85.38977,72.78481,79.653336,75.12467,2.125885,74.46341,7.273086,22.910755,14.080289,6.535865,13.8666935,0.5083008,11.5390625,5.4242187,5.074901,4.8669434,32,57,40.8,7.685484153042453,40.0,RBX1,92,PXDesign,SolubleMPNN,14,non_binder,0.7407308602333069,binder
a7dce2d9-1694-575c-9020-698f4653ef95,0.80257,0.92067,0.8562179999999999,0.04406712289224246,0.86309,0.66667,0.875,0.75,0.08333375006562468,0.70833,0.5074,0.8433,0.67132,0.14778158545637543,0.7263,0.7529,1.1767,0.9498000000000001,0.15766775193424945,0.9549,0.85332286,0.88347524,0.8736094,0.012721031,0.8788047,0.91302514,0.931061,0.92376995,0.007107752,0.92627287,0.91302514,0.931061,0.92376995,0.007107752,0.92627287,0.85332286,0.88347524,0.8736094,0.012721031,0.8788047,0.94489926,0.9568902,0.952028,0.004704074,0.95365584,0.95685405,0.9659305,0.96181965,0.0036642593,0.9634631,0.71934795,0.7449159,0.73577684,0.011721696,0.74255687,93.67341,94.20965,93.89807,0.19692765,93.84618,91.805725,93.102776,92.537476,0.50435257,92.74093,3.4385676,3.8557582,3.5988758,0.17747438,3.535057,0.45043945,0.51660156,0.47470704,0.0268236,0.4711914,33,38,34.6,2.073644135332772,34.0,BHRF1,110,FreeBindCraft (BindCraft),SolubleMPNN,10,non_binder,0.9744330549240112,binder
a8077190-303f-57b5-b3db-c0e1e31fd6a8,0.07557,0.08996,0.08317,0.005929641641785781,0.08386,0.0,0.0,0.0,0.0,0.0,7.992,8.9751,8.43534,0.3990949423382861,8.4114,15.3002,17.0239,16.09214,0.7125786960048692,15.9698,0.027334768,0.37859818,0.19895,0.1322369,0.21692508,0.19658358,0.39790875,0.27409092,0.07666661,0.26592454,0.19658358,0.39790875,0.27409092,0.07666661,0.26592454,0.027334768,0.37859818,0.19895,0.1322369,0.21692508,0.32030192,0.58759457,0.41947207,0.10348914,0.39908397,0.598872,0.7903105,0.6890858,0.07321375,0.6968382,0.20216812,0.5006413,0.33890665,0.11691992,0.34373775,76.9538,88.70452,85.51717,4.886238,87.60397,91.98293,94.34252,93.71466,0.99282897,94.158615,6.3348722,12.463666,8.962711,2.31895,8.579096,2.421875,4.2890625,3.5117188,0.7143219,3.5664062,26,40,32.0,5.787918451395113,29.0,TrkA,83,RFdiffusion3,SolubleMPNN,34,non_binder,0.3803682315349578,non_binder
a8aa6fef-5df3-5e60-bc37-152e61fe3aa8,0.31905,0.3371,0.329205,0.006159737097564405,0.331425,0.0,0.0,0.0,0.0,0.0,8.892,9.3525,9.11628,0.19416618769612004,9.119499999999999,1.0882,2.3415,1.66859,0.4166972000812526,1.5452499999999998,0.010246737,0.68354964,0.3300129,0.31173065,0.3201493,0.027451081,0.7150203,0.40940666,0.2795921,0.47665787,0.027451081,0.8572702,0.49528617,0.36679715,0.56418407,0.010246737,0.68354964,0.3300129,0.31173065,0.3201493,0.85295784,0.96632713,0.9171752,0.048971977,0.9208613,0.8879809,0.9707507,0.93576515,0.03503049,0.93797815,0.06555237,0.6723601,0.37831968,0.28651932,0.3939069,79.40814,90.0457,84.58905,4.904352,84.92807,89.01384,89.79558,89.31766,0.2674006,89.235275,4.496426,14.360834,8.760655,4.2834325,8.250967,1.2558594,8.125,4.2328124,3.0240123,3.8076172,21,34,28.0,4.216370213557839,28.0,TNFa,62,RFdiffusion,SolubleMPNN,27,non_binder,0.8167928814888,binder
a8bf020a-6755-51a7-95a3-3c323b0a6c34,0.86574,0.91348,0.882114,0.01868741501652918,0.87818,0.85714,0.95238,0.914284,0.05216509637679201,0.95238,0.4806,0.5983,0.53368,0.055285775747474154,0.51,2.4868,4.2695,3.6183199999999998,0.6819672770742009,3.749,0.7673747,0.8432354,0.81217384,0.030696139,0.8166892,0.90671974,0.92256814,0.9142599,0.007126561,0.9104614,0.7673747,0.8432354,0.81217384,0.030696139,0.8166892,0.90671974,0.92256814,0.9142599,0.007126561,0.9104614,0.97442275,0.9790565,0.97665197,0.0020866198,0.9755451,0.8939622,0.9385626,0.9213007,0.0190323,0.9284679,0.68450767,0.73319787,0.7126266,0.019283568,0.713875,96.27266,96.65672,96.42237,0.17489608,96.31908,83.55328,88.09779,86.04769,1.7541728,85.99511,3.9305515,4.8855777,4.3354096,0.43725702,4.1652083,0.3852539,0.43432617,0.4098633,0.020492839,0.41333008,18,19,18.4,0.547722557505166,18.0,TREM2,65,FreeBindCraft (BindCraft),SolubleMPNN,11,binder,0.9704703474044799,binder
a907a8ee-c5d4-5612-b724-2457436f5270,0.013,0.88641,0.418886,0.4251399666828692,0.40783,0.0,1.0,0.4,0.4281744192888377,0.375,0.9586,15.6099,7.549250000000001,6.99043831788187,6.4392499999999995,0.6258,48.4532,22.46479,23.143273791533666,19.5769,0.012360872,0.8650255,0.45477223,0.4271353,0.4742065,0.05526694,0.9100752,0.52568823,0.38455823,0.56486195,0.05526694,0.8650255,0.5122138,0.37038687,0.55520374,0.012360872,0.9100752,0.4682466,0.44143304,0.48386472,0.7710341,0.96830344,0.8741891,0.08996294,0.87851477,0.756518,0.8393117,0.8034795,0.030000884,0.81198573,0.109347425,0.78876007,0.45854455,0.3364544,0.4684903,69.49819,91.05352,82.506,8.884792,84.20025,77.06567,85.164,81.1251,3.8276703,81.08258,6.7076955,16.93969,11.044004,4.153425,10.601505,0.36816406,6.8515625,3.0712402,2.8496978,2.5577393,19,31,24.6,3.9214509786273974,24.5,RBX1,69,RFdiffusion,SolubleMPNN,24,binder,0.8275681865215301,binder
a90938e4-f49d-52c9-9da3-b4f6a266c68a,0.01311,0.51062,0.383717,0.14075894919645035,0.412535,0.0,0.8,0.58,0.21784590772174517,0.6,1.6057,17.2774,3.50875,4.848794606509036,2.0185500000000003,9.019,46.8657,19.1755,11.00427148469579,16.6996,0.0,0.86239487,0.57099175,0.32872924,0.69468576,0.0,0.9355416,0.62137043,0.3529721,0.7508676,0.0,0.86239487,0.58583724,0.31903544,0.7160126,0.0,0.9355416,0.6065249,0.36337426,0.7295408,0.7096504,0.97472227,0.86683863,0.11587185,0.9045445,0.6918465,0.8477406,0.79303753,0.06350638,0.83358526,0.0,0.7879855,0.5356134,0.28432882,0.6017213,82.853516,95.97776,89.722626,6.4546475,89.860535,79.47666,86.113914,82.73985,2.794951,82.643715,6.793627,23.028023,11.366997,5.5089574,8.787785,0.39282227,15.9765625,2.9569092,4.7602687,1.1281738,13,40,33.3,7.394442357458592,35.0,RBX1,80,PXDesign,SolubleMPNN,13,binder,0.8294189882278441,binder
a96dc7cf-8cda-5f33-8175-a7a1cc41c703,0.01575,0.67297,0.337486,0.3129666344374607,0.31233,0.0,0.63333,0.286666,0.3043707210039172,0.25,1.4436,20.4959,7.48295,6.707981914480688,6.6467,2.8372,40.641,14.60584,13.177129100427502,12.1731,0.0,0.73046356,0.3802447,0.30204916,0.49252665,0.011175989,0.8867367,0.5275718,0.39011,0.7430314,0.011175989,0.8867367,0.5275718,0.39011,0.7430314,0.0,0.73046356,0.3802447,0.30204916,0.49252665,0.2698089,0.9351494,0.68956745,0.27526963,0.85536927,0.71896684,0.96717,0.87362033,0.10419779,0.9289918,0.059231304,0.62458366,0.36958903,0.2365727,0.47580075,77.41733,86.17191,82.67415,2.9731328,83.83205,85.1169,93.75223,89.714226,3.815759,90.27792,5.2260385,24.477137,11.217195,7.1283193,7.153926,0.7807617,9.40625,3.8026366,3.453498,1.847168,53,113,82.4,18.58434227455408,80.5,Nipah-G,79,RFdiffusion,SolubleMPNN,35,non_binder,0.8191728425025939,binder
a9ef8563-29c3-5986-853a-57b74dda0016,0.71182,0.751,0.73861,0.01624024630355094,0.7476,0.55,0.6,0.5700000000000001,0.027386127875258237,0.55,0.9263,1.145,1.03542,0.07849335640676862,1.0369,1.2431,1.8745,1.5261,0.2378955127781943,1.5388,0.72557193,0.8112683,0.7825038,0.034706984,0.78436196,0.87625605,0.90680873,0.89127123,0.013243431,0.8888877,0.72557193,0.8112683,0.7825038,0.034706984,0.78436196,0.87625605,0.90680873,0.89127123,0.013243431,0.8888877,0.96141785,0.9719138,0.9666171,0.0045418977,0.9657289,0.86383176,0.9265588,0.9072016,0.025661461,0.91072637,0.67224395,0.70347315,0.6928943,0.0142146405,0.7024926,95.26983,95.88558,95.470276,0.24181525,95.41364,81.57387,84.4248,83.02819,1.2297567,82.498055,4.410519,6.1034746,5.062102,0.7016137,5.1002684,0.5107422,0.6074219,0.5540039,0.0416653,0.55908203,17,18,17.8,0.44721359549995787,18.0,TREM2,70,PXDesign,SolubleMPNN,7,binder,0.9529700636863708,binder
aa11840e-c016-5a03-bc45-8bc5770ae456,0.66795,0.83543,0.75911,0.06382228020056947,0.75498,0.47059,0.76471,0.62353,0.12197970507424583,0.64706,0.6904,0.9237,0.78284,0.11035344580030113,0.7124,2.5137,4.1404,3.27868,0.7603026943264105,3.2046,0.76145506,0.79539746,0.7802789,0.0131318085,0.77768236,0.83603674,0.85108227,0.84607,0.006000437,0.8481936,0.83603674,0.85108227,0.84607,0.006000437,0.8481936,0.76145506,0.79539746,0.7802789,0.0131318085,0.77768236,0.9316145,0.9447908,0.9388358,0.00490669,0.93825316,0.94860595,0.9535385,0.9510561,0.0022247792,0.9512564,0.6029985,0.62602454,0.6182001,0.009165148,0.62213135,92.13264,93.46196,93.00346,0.5173824,93.12497,95.67408,96.37964,96.14181,0.2804205,96.18131,4.6796575,4.942789,4.7809677,0.09954049,4.7741385,0.78222656,0.9267578,0.86464846,0.058743503,0.89160156,22,24,23.0,0.7071067811865472,23.0,MBP,100,PXDesign,SolubleMPNN,15,non_binder,0.9567755246162414,binder
aa87bf7a-15d4-5ada-8206-ffd9fa5c06c1,0.05639,0.15836,0.09602,0.03966818435471934,0.08769,0.03846,0.11538,0.07692,0.038459999999999994,0.07692,6.4377,10.8685,8.9795,2.0974375878676343,9.9816,12.7344,24.351,19.576,5.260892749334469,22.1762,0.15880471,0.6717481,0.41070074,0.23649485,0.35027564,0.19789952,0.74134195,0.47703725,0.2445053,0.43158212,0.19789952,0.74134195,0.47703725,0.2445053,0.43158212,0.15880471,0.6717481,0.41070074,0.23649485,0.35027564,0.3507356,0.8477056,0.61262673,0.22431044,0.589928,0.7319282,0.92680067,0.835412,0.08821458,0.8280719,0.27621153,0.71096736,0.51985747,0.19024926,0.5315087,75.12393,80.74649,78.07938,2.6186981,79.19504,91.7778,93.208954,92.51661,0.547486,92.58941,3.67752,9.121175,6.0250807,2.3541305,5.8512716,0.92089844,3.4589844,1.9013672,1.0851475,1.6533203,16,34,26.0,6.782329983125268,26.0,PD-L1,73,RFdiffusion3,SolubleMPNN,21,non_binder,0.5966848063468934,binder
aafa7f6a-8f47-539e-b18c-88e5f1260146,0.83465,0.91498,0.88276,0.02995872493948968,0.89047,0.8,1.0,0.9,0.07071067811865475,0.9,0.7188,0.9232,0.82022,0.08086326112642256,0.8403,1.0895,1.422,1.2528,0.12959650844062115,1.2554,0.90784836,0.92432946,0.9161576,0.0061413446,0.91742384,0.9435993,0.9563024,0.949895,0.004578764,0.94958997,0.9435993,0.9563024,0.949895,0.004578764,0.94958997,0.90784836,0.92432946,0.9161576,0.0061413446,0.91742384,0.9676323,0.9738549,0.9707557,0.0023279875,0.9712286,0.9743626,0.9800597,0.97724867,0.0020461364,0.97699755,0.7689477,0.79162645,0.7822564,0.008394718,0.78434,96.24395,96.49913,96.350075,0.094024256,96.32685,94.573845,95.26635,94.873795,0.27673388,94.9385,2.771067,3.1685085,2.9588017,0.14545707,2.9795058,0.33203125,0.3503418,0.33911133,0.0071429387,0.3388672,58,62,60.8,1.6431676725154991,61.0,BHRF1,82,Proteina-Complexa,Caliby (SolubleCaliby),34,non_binder,0.9807681298255919,binder
ab1f3665-8428-5fd2-9e0f-862d73f8a9c8,0.01479,0.01747,0.015964,0.0012561966406578226,0.01548,0.0,0.0,0.0,0.0,0.0,14.5993,18.7231,17.025479999999998,2.1958556673880003,18.4395,40.6167,42.7706,41.737700000000004,0.9145302099985548,41.7161,0.0,0.0,0.0,0.0,0.0,0.0,0.0,0.0,0.0,0.0,0.0,0.0,0.0,0.0,0.0,0.0,0.0,0.0,0.0,0.0,0.0419366,0.09919427,0.0639455,0.021424852,0.056672305,0.5377393,0.54801416,0.5415618,0.0041231113,0.53970945,0.0,0.0,0.0,0.0,0.0,62.39321,67.810905,65.89786,2.315594,67.29662,78.28449,80.470825,79.56712,0.90499663,79.65413,17.99634,24.658083,21.714817,2.445327,22.193707,12.0625,19.921875,16.067188,2.8203645,16.140625,7,54,28.2,17.22498185775532,25.0,BBF-14,66,Genie3,SolubleMPNN,28,non_binder,0.2107602024078369,non_binder
ab615299-f67c-5db9-a2c9-0ce07be91863,0.82342,0.90456,0.8657920000000001,0.03114038326674861,0.86404,0.81481,0.92593,0.8814820000000001,0.0482942514177412,0.88889,0.6392,0.9883,0.8754200000000001,0.14297517966416412,0.9114,1.26,1.8285,1.47744,0.21839830127544493,1.4203,0.9251584,0.9343291,0.930503,0.003662084,0.93088526,0.9342333,0.94311297,0.9394125,0.003871846,0.9400175,0.9342333,0.94311297,0.9394125,0.003871846,0.9400175,0.9251584,0.9343291,0.930503,0.003662084,0.93088526,0.9673044,0.9714795,0.9697431,0.0016758931,0.96991765,0.97446626,0.9776247,0.976416,0.0013194296,0.97711354,0.75060457,0.76270646,0.757346,0.005668577,0.7587257,94.48325,94.72532,94.57969,0.10081849,94.57621,93.40172,94.23669,93.89076,0.39239857,94.12601,3.1010525,3.3276744,3.1907115,0.10637236,3.1356292,0.3552246,0.37402344,0.36171874,0.0073619634,0.35961914,66,72,68.4,2.8809720581775866,67.0,BHRF1,111,Proteina-Complexa,SolubleMPNN,21,binder,0.9835586142539977,binder
aba67faf-3140-52f4-85c3-fb2761f5e7af,0.80282,0.83855,0.8188259999999999,0.015797723886686987,0.81876,0.6875,0.75,0.725,0.03423265984407289,0.75,0.5948,0.8383,0.7337,0.08977519145064522,0.7419,1.9027,2.8891,2.4003,0.41163328947013045,2.2467,0.7991328,0.8155116,0.8078419,0.007767681,0.8115944,0.8383553,0.8531883,0.84583503,0.006415928,0.8433567,0.8383553,0.8531883,0.84583503,0.006415928,0.8433567,0.7991328,0.8155116,0.8078419,0.007767681,0.8115944,0.94599944,0.95122856,0.9487832,0.0024882774,0.9500187,0.9478599,0.9562836,0.95141745,0.0037496705,0.94921976,0.6171036,0.64449877,0.6291338,0.011828699,0.6272976,91.42402,92.25819,92.05165,0.35347152,92.2121,96.20983,96.49965,96.353806,0.117114335,96.380295,4.4551296,4.8050213,4.6452627,0.14638616,4.65339,0.7758789,0.86572266,0.8180664,0.03863999,0.8105469,24,26,24.6,0.8944271909999161,24.0,MBP,100,PXDesign,SolubleMPNN,14,non_binder,0.9754556250572204,binder
abac25eb-e980-5de2-9df2-79a8b4a6eaec,0.86731,0.89044,0.87828,0.009570044409510321,0.876,0.84,0.88,0.8640000000000001,0.021908902300206656,0.88,0.6414,0.8486,0.7421599999999999,0.09644616633127519,0.6909,1.2581,1.7009,1.5393599999999998,0.18557383436249844,1.5858,0.8964162,0.9161017,0.90828466,0.007925021,0.9078043,0.9308569,0.94260746,0.93719995,0.0044172253,0.9381525,0.9308569,0.94260746,0.93719995,0.0044172253,0.9381525,0.8964162,0.9161017,0.90828466,0.007925021,0.9078043,0.95638865,0.96414924,0.96086705,0.0030468309,0.961277,0.9670052,0.9738261,0.97133666,0.002733754,0.97120136,0.7332818,0.75435734,0.7464671,0.008037178,0.7484537,95.93779,96.10892,96.00332,0.06579959,95.99516,94.34463,94.629234,94.54578,0.11434108,94.5833,3.2529333,3.5838284,3.3798862,0.12684508,3.375338,0.36645508,0.39453125,0.37768555,0.0112582985,0.37719727,62,65,63.4,1.1401754250991378,63.0,BHRF1,109,Proteina-Complexa,designed jointly by the structure model (native co-design),10,non_binder,0.978161060810089,binder
abbe45e3-7bab-5ed2-b017-55b578097947,0.00876,0.02827,0.020487,0.006497647523014258,0.02198,0.0,0.0,0.0,0.0,0.0,10.6377,20.1525,16.85455,3.400450141852138,18.1644,32.1586,58.8225,38.49196,10.256946559088625,34.060649999999995,0.0,0.25281838,0.04196737,0.0907654,0.0,0.0,0.28665215,0.053137105,0.109760866,0.0,0.0,0.57742465,0.100855485,0.21539994,0.0,0.0,0.25281838,0.04196737,0.0907654,0.0,0.72022516,0.9047013,0.81287736,0.0522964,0.8156004,0.810834,0.93283314,0.873701,0.03568426,0.87984896,0.0,0.34900653,0.061983652,0.12248373,0.0,83.14422,86.46747,84.81224,0.97112954,84.760086,93.6459,95.65359,94.72015,0.5791807,94.574486,8.237207,25.49742,18.746391,6.177177,20.450512,3.9550781,19.71875,13.08418,5.5171113,14.167969,12,47,23.9,10.52457441736561,23.0,15-PGDH,86,BoltzGen,Caliby (SolubleCaliby),10,non_binder,0.4169672584533691,non_binder
abd92605-5735-5555-b5db-7691038a36e2,0.00684,0.67885,0.33290699999999995,0.3389860001058713,0.324055,0.0,0.875,0.425,0.4495367986420392,0.375,0.3016,19.9822,9.75984,9.924569342148358,8.921,16.2854,69.0996,37.63957,22.317634815148608,30.1622,0.0,0.86142015,0.45343417,0.39545617,0.4563713,0.0,0.93379456,0.5759636,0.3860727,0.66113734,0.0,0.86142015,0.5307719,0.3433458,0.59650373,0.0,0.93379456,0.4986259,0.4419481,0.5210049,0.71756387,0.9753696,0.86665726,0.11063234,0.88714826,0.69652176,0.9178392,0.79523027,0.06910116,0.802629,0.0,0.7848336,0.441602,0.3408949,0.46952856,76.042915,95.602264,86.313675,9.500965,86.91797,76.739586,84.98296,79.6366,3.2704284,78.28563,3.6317935,28.314138,12.191225,7.7351904,10.376217,0.35375977,20.34375,5.4311523,6.929412,2.8327637,9,27,16.8,6.613118276073197,17.0,RBX1,75,Genie3,SolubleMPNN,8,binder,0.8154516124725342,binder
abf0426d-8bec-53fe-b36c-91c901559581,0.60216,0.72203,0.632448,0.05049232783304803,0.61465,0.54545,0.72727,0.5818139999999999,0.08131237593380236,0.54545,1.2836,1.6852,1.55694,0.15989746089291088,1.5794,3.4079,4.1061,3.8185200000000004,0.25771615587696467,3.8622,0.68486404,0.77329236,0.7432182,0.034916718,0.7561239,0.6865072,0.7895083,0.7566247,0.04200739,0.777968,0.6865072,0.7895083,0.7566247,0.04200739,0.777968,0.68486404,0.77329236,0.7432182,0.034916718,0.7561239,0.81945693,0.8863752,0.86525804,0.027230183,0.87924194,0.8936932,0.92980474,0.91848516,0.014626012,0.92526287,0.678225,0.72917885,0.71073234,0.019183794,0.7164934,95.45185,96.196945,95.81546,0.26365063,95.81424,95.77531,96.13634,96.00271,0.13648736,96.038765,3.426697,4.0465665,3.6766937,0.23216115,3.6119366,1.1025391,1.4667969,1.2347656,0.14373162,1.1679688,23,28,25.4,2.0736441353327724,25.0,TrkA,107,FreeBindCraft (BindCraft),Caliby (SolubleCaliby),6,non_binder,0.9582200670242309,binder
ac1891cc-9081-598d-a333-7ad98e7c98af,0.7347,0.82385,0.780572,0.035187213870950314,0.77087,0.45833,0.625,0.541666,0.06588131169003847,0.54167,0.6149,0.817,0.70004,0.08156309214344437,0.7107,0.8364,1.7075,1.1987,0.34711659424464286,1.1078,0.37894052,0.53966194,0.46613282,0.057704344,0.46729907,0.5273544,0.6295699,0.57482725,0.036517516,0.5702001,0.5273544,0.6295699,0.57482725,0.036517516,0.5702001,0.37894052,0.53966194,0.46613282,0.057704344,0.46729907,0.6625731,0.74999434,0.7040899,0.031093886,0.7012285,0.7973356,0.8534429,0.82626736,0.019967183,0.8282299,0.58587897,0.6524211,0.6194682,0.023704747,0.6194555,95.41464,96.20736,95.85951,0.32111493,95.972855,95.21152,96.144844,95.62303,0.41861814,95.48334,4.53704,5.424721,4.961368,0.31664857,4.9217935,1.5097656,2.1621094,1.7796875,0.24415879,1.7460938,26,31,28.6,1.816590212458495,29.0,TrkA,75,PXDesign,SolubleMPNN,17,non_binder,0.9521935272216797,binder
ad8eccaf-297b-5151-aa7c-c693b914c478,0.69744,0.83906,0.749409,0.044846466093897655,0.743485,0.6,0.8,0.716,0.0665331997326648,0.72,0.8159,1.6164,1.32648,0.2361790930628704,1.36285,0.9048,2.1675,1.54307,0.409888781798727,1.539,0.39108256,0.67015463,0.5397574,0.07909678,0.54790556,0.670711,0.8515091,0.77122366,0.053302206,0.7726761,0.670711,0.8515091,0.77122366,0.053302206,0.7726761,0.39108256,0.67015463,0.5397574,0.07909678,0.54790556,0.8006563,0.91497207,0.8684017,0.032438587,0.86791694,0.8428547,0.96109235,0.9188782,0.038368877,0.92632985,0.45266888,0.63940924,0.54985285,0.05826859,0.5440967,90.87123,93.390976,92.09705,0.68678147,92.00852,81.621,93.18387,88.70741,4.1895976,89.73871,4.851794,9.410866,6.598821,1.4632834,6.3857317,1.3847656,2.96875,2.006836,0.44292682,1.9316406,33,50,39.2,5.072803301265813,38.0,Nipah-G,90,RFdiffusion3,SolubleMPNN,17,non_binder,0.9593495321273803,binder
ade48077-806f-5e72-879d-0aec6eeec25f,0.01608,0.03555,0.028405999999999997,0.007517795480650487,0.031615000000000004,0.0,0.0,0.0,0.0,0.0,9.724,19.7077,13.677269999999998,3.079639678075631,14.315349999999999,27.9618,42.2693,31.617829999999998,5.633224930327802,28.34135,0.0,0.011894297,0.0011894297,0.0037613069,0.0,0.0,0.011907496,0.002190103,0.004639129,0.0,0.0,0.06725403,0.008966702,0.021003751,0.0,0.0,0.011894297,0.0011894297,0.0037613069,0.0,0.7582319,0.86385304,0.827309,0.034734394,0.83627856,0.839349,0.9098586,0.8854402,0.023972934,0.88976574,0.0,0.07102634,0.023485607,0.031467795,0.0,71.57623,75.391106,73.95055,1.0948849,74.28973,92.95311,94.92969,93.791214,0.7214436,93.79901,13.914483,25.551659,19.903675,4.180044,20.669357,7.84375,19.21875,13.176562,4.2016826,13.5078125,23,50,40.5,10.448285345771653,45.5,15-PGDH,62,RFdiffusion3,Caliby (SolubleCaliby),19,non_binder,0.3828979623317718,non_binder
adfa0b6d-bb0e-5b51-aa71-becc8604742b,0.86011,0.92846,0.903392,0.027072169658156273,0.90316,0.91667,1.0,0.966668,0.04564172071690549,1.0,0.4843,0.7525,0.5798,0.11926795462319287,0.505,2.945,3.3619,3.20798,0.17409387410245084,3.2295,0.81426716,0.84003675,0.8311442,0.010494152,0.8338551,0.8368791,0.8570247,0.84548795,0.0084888395,0.8473604,0.81426716,0.84003675,0.8311442,0.010494152,0.8338551,0.8368791,0.8570247,0.84548795,0.0084888395,0.8473604,0.9468148,0.9542452,0.9499467,0.0031418898,0.95062816,0.940722,0.9467656,0.9433789,0.002284998,0.9435982,0.67951715,0.69994724,0.69007164,0.008030552,0.6876516,94.1163,94.98899,94.47798,0.3930837,94.25795,95.93419,96.13707,96.03041,0.09125545,96.054375,3.950599,4.295484,4.1101737,0.12709899,4.0918627,0.70654297,0.7988281,0.74179685,0.03568364,0.73046875,44,52,46.8,3.271085446759226,45.0,IL-7Ra,82,BoltzGen,SolubleMPNN,23,binder,0.9649375104904174,binder
ae98ac21-2915-56e5-aef2-6125e2379a4e,0.05307,0.9052,0.377976,0.44362043728845496,0.05727,0.0,1.0,0.4,0.5477225575051662,0.0,0.7904,12.7505,7.9399,6.253083174322888,12.2261,2.279,20.6327,13.07284,9.821308704699186,19.6982,0.0,0.6824395,0.4035833,0.22435327,0.41694814,0.0,0.74728465,0.45403093,0.23899607,0.50118035,0.0,0.74728465,0.51337415,0.22714469,0.52418643,0.0,0.6824395,0.4035833,0.22435327,0.41694814,0.4293357,0.90398526,0.7673193,0.14615144,0.810264,0.5691681,0.90430665,0.813805,0.10477726,0.838131,0.0367922,0.62783974,0.43394908,0.18653819,0.4512139,65.19113,85.63522,77.78045,6.821932,78.9877,84.95645,92.58696,89.79387,2.455414,90.3123,4.6417923,18.463371,7.8482833,4.0584764,7.164831,1.2304688,10.09375,3.1448243,2.628112,2.2978516,7,45,27.6,15.721181748060658,28.5,VEGF-A,86,FreeBindCraft (BindCraft),SolubleMPNN,24,non_binder,0.6575338041782378,binder
aec17e30-8460-507b-9e98-6bd2ac785e3a,0.05149,0.36627,0.29147999999999996,0.13448864041248984,0.34579,0.0,0.29412,0.235296,0.13153446270844762,0.29412,3.2537,12.4784,5.19078,4.075125601377215,3.4123,6.5222,21.0483,9.8279,6.279667334341845,7.2138,0.1983369,0.43604052,0.28875643,0.09472532,0.26259518,0.24316409,0.527015,0.34286723,0.11354558,0.31123707,0.24316409,0.527015,0.34286723,0.11354558,0.31123707,0.1983369,0.43604052,0.28875643,0.09472532,0.26259518,0.37651345,0.675252,0.48718753,0.11916169,0.459018,0.68003994,0.81161547,0.7314569,0.052412916,0.71961206,0.35415027,0.5893814,0.45259786,0.09406652,0.4378862,91.18132,95.85477,94.68509,1.9689548,95.53117,90.16884,94.02887,93.15416,1.6731935,93.797195,5.09963,8.068234,6.886733,1.1765893,7.0708838,1.6689453,4.0664062,3.0806642,0.9250268,3.3027344,12,20,15.8,3.1937438845342627,15.0,TrkA,85,RFdiffusion3,SolubleMPNN,13,non_binder,0.5408124995231628,binder
aed3eafd-998d-56b5-a4d4-7a78ab9b270e,0.908,0.94043,0.9269019999999999,0.012750334113269313,0.92818,1.0,1.0,1.0,0.0,1.0,0.4608,0.6374,0.54182,0.07157249471689524,0.5291,2.7136,3.1842,2.87962,0.18717056926771364,2.8458,0.793267,0.8319025,0.81976956,0.01554731,0.8240424,0.8709153,0.89459795,0.88495713,0.008744621,0.8855637,0.8709153,0.89459795,0.88495713,0.008744621,0.8855637,0.793267,0.8319025,0.81976956,0.01554731,0.8240424,0.92533267,0.9401273,0.9353658,0.0059430813,0.93703294,0.9442686,0.95518154,0.9506046,0.0039707827,0.9509914,0.70255274,0.73281765,0.7177665,0.010863312,0.7168706,96.056366,96.5034,96.35957,0.17936133,96.4091,96.89739,97.02853,96.95835,0.05795244,96.9275,3.5580475,3.9950306,3.7633948,0.15614156,3.7400405,0.46704102,0.58251953,0.5091797,0.043929916,0.5004883,48,58,53.4,4.219004621945797,55.0,IL-7Ra,87,BoltzGen,SolubleMPNN,24,binder,0.9569083547592162,binder
af6c7c9d-ae78-56cd-91ce-7b08f333ec51,0.01928,0.46295,0.077442,0.13568342212665482,0.03815,0.0,0.42857,0.042857,0.13552573368183626,0.0,2.7267,23.6762,18.759819999999998,6.105508682020051,19.95675,5.1961,36.4972,24.43825,8.140424693432427,24.1742,0.0,0.41041416,0.15418397,0.15163696,0.1294316,0.0,0.71315795,0.23419306,0.2241178,0.1935508,0.0,0.71315795,0.31630027,0.27005342,0.2826903,0.0,0.41041416,0.15418397,0.15163696,0.1294316,0.72553766,0.9212896,0.836378,0.057453267,0.8300738,0.77972686,0.93575025,0.8706886,0.04534344,0.8674363,0.017536122,0.44524133,0.20956127,0.15607008,0.18351282,67.1454,73.76895,70.07823,2.0849113,70.26004,82.701164,86.915565,84.93657,1.6353385,85.21443,7.258891,17.605087,11.702845,3.2752812,11.886106,2.1230469,11.28125,6.08418,2.8710735,5.9570312,49,106,74.3,20.688429401748003,72.5,TNFa,83,Genie3,ProteinMPNN,56,non_binder,0.5638377928733825,binder
af6ec54c-b45e-44cb-b0cd-dcd31179acee,0.60015,0.67136,0.6321019999999999,0.02821746614342885,0.62017,0.5,0.77778,0.6120840000000001,0.09037222658415456,0.5625,1.9114,2.2243,1.99931,0.08970331902691472,1.9659,2.2122,2.6408,2.4454000000000002,0.12905778206334986,2.4429,0.49471074,0.85171366,0.71639574,0.14328954,0.78710407,0.7697344,0.8905669,0.83175975,0.035360765,0.83067715,0.7697344,0.92755294,0.87069654,0.05971411,0.8975485,0.49471074,0.85171366,0.71639574,0.14328954,0.78710407,0.944227,0.9736511,0.9631487,0.011321217,0.9673196,0.95176464,0.9763232,0.96797514,0.00884225,0.9704828,0.5513817,0.7257466,0.65410364,0.066242345,0.6819397,89.01184,90.563805,89.79018,0.5301758,89.85064,88.785034,90.06773,89.30048,0.451022,89.177124,3.8989165,6.1697598,4.8007636,0.83301735,4.52682,0.6586914,2.0722656,1.176123,0.5599634,0.9016113,34,46,40.2,3.8239014399199998,40.0,TNFa,80,PXDesign,SolubleMPNN,42,non_binder,0.9582814002037048,binder
af9319e6-b28f-49a6-b9a3-c69a56266000,0.02606,0.4397,0.214049,0.16126779457025991,0.186795,0.0,0.34286,0.15267899999999998,0.12849800815144524,0.185715,2.8017,14.7542,6.24995,3.8922920423290157,5.25855,4.8623,33.012,15.1844,10.603140875755217,13.238949999999999,0.0,0.17621662,0.045786608,0.06345024,0.010439852,0.0,0.37623867,0.09440259,0.1248625,0.04061201,0.0,0.45095816,0.12285805,0.17090367,0.010670705,0.0,0.17621662,0.046189185,0.06320683,0.012452755,0.6651321,0.8714961,0.7799686,0.05884681,0.78660345,0.73077506,0.9020757,0.82808894,0.049617093,0.83892363,0.0,0.26671812,0.086010516,0.09105152,0.05711364,78.34166,83.441795,80.694435,1.5518031,80.89695,85.65635,87.91127,86.89749,0.8119149,87.19926,9.652038,25.794357,16.499449,5.7960277,15.310528,4.7617188,16.953125,9.8042965,4.3587494,8.546875,8,43,29.7,10.306955580254204,30.0,TNFa,80,RFdiffusion3,SolubleMPNN,8,non_binder,0.5772576093673706,binder
afb05a52-decc-5cd5-b3c6-3c8916bbbd91,0.8615,0.90234,0.889626,0.016575577817982693,0.89177,0.8125,0.8125,0.8125,0.0,0.8125,0.4595,0.66,0.52006,0.08149915950486854,0.5002,1.13,2.256,1.5869399999999998,0.43745855575128473,1.5461,0.8664623,0.8827486,0.8756356,0.006604611,0.87558913,0.8987253,0.90310466,0.90074605,0.001931411,0.9010765,0.8987253,0.90310466,0.90074605,0.001931411,0.9010765,0.8664623,0.8827486,0.8756356,0.006604611,0.87558913,0.94313645,0.94556564,0.9443735,0.0011331011,0.9447607,0.9618958,0.963991,0.96300286,0.00094793475,0.96332556,0.78321993,0.791023,0.7872633,0.0035848194,0.78668123,97.383156,97.60123,97.513275,0.08700777,97.54934,96.905365,97.31956,97.11589,0.1848531,97.203575,2.7618008,2.8347437,2.8038566,0.029243251,2.8177838,0.54541016,0.6118164,0.57773435,0.024110416,0.5805664,23,26,24.0,1.2247448713915892,24.0,TrkA,85,RFdiffusion3,SolubleMPNN,8,binder,0.9810704731941222,binder
afd34780-e176-512c-a563-fa72c42c8bcb,0.0073,0.02299,0.013366,0.005469503735359461,0.01269,0.0,0.0,0.0,0.0,0.0,18.1671,29.9837,23.45718,4.6205214087204975,21.233449999999998,33.006,60.5435,47.0732,10.248549219062939,46.27925,0.0,0.0,0.0,0.0,0.0,0.0,0.0,0.0,0.0,0.0,0.0,0.0,0.0,0.0,0.0,0.0,0.0,0.0,0.0,0.0,0.18649366,0.83484054,0.50954646,0.32134184,0.50685686,0.61651695,0.8725634,0.74225444,0.11957303,0.73189485,0.0,0.0,0.0,0.0,0.0,78.839806,84.208916,82.09917,1.6938306,82.1511,85.133156,86.09451,85.76759,0.3152518,85.90799,21.598177,28.33867,26.602991,1.9674368,26.923088,15.109375,23.40625,20.575,2.461529,20.695312,29,84,47.9,18.302701682781393,41.5,Cas9,108,Proteina-Complexa,designed jointly by the structure model (native co-design),28,non_binder,0.3833841300010681,non_binder
b0006954-543b-5466-af45-c1961d00fbfc,0.84456,0.94789,0.895662,0.04561968511509045,0.87432,0.66667,0.93333,0.799998,0.12472013117376038,0.73333,0.4336,0.5206,0.48384,0.03217208417246232,0.4827,0.8704,1.3743,1.1528,0.2280879326049495,1.2149,0.80160886,0.8463416,0.83292866,0.018838346,0.8413793,0.8670546,0.90059483,0.8899994,0.013138552,0.89382136,0.8670546,0.90059483,0.8899994,0.013138552,0.89382136,0.80160886,0.8463416,0.83292866,0.018838346,0.8413793,0.9240153,0.9437872,0.93784887,0.008318848,0.941537,0.9538574,0.9652152,0.96172273,0.0047328267,0.9640598,0.7706119,0.798468,0.7894351,0.011181968,0.79483706,93.624855,94.299515,93.938736,0.27993605,93.82366,96.221596,96.95224,96.741776,0.29767647,96.82548,2.6894991,3.0934458,2.828774,0.16181152,2.7591293,0.55615234,0.67871094,0.60058594,0.04702861,0.5878906,21,25,23.0,1.5811388300841893,23.0,TrkA,62,Proteina-Complexa,Caliby (SolubleCaliby),9,non_binder,0.9849938106536864,binder
b00d5e1b-fcc5-5ef1-83d4-d5ae10070586,0.79375,0.88209,0.8348359999999999,0.036220689943732454,0.83063,0.65517,0.7931,0.710344,0.05770085640612277,0.72414,0.5875,0.8656,0.71732,0.1207375542240276,0.7573,0.8367,1.4725,1.15548,0.25901953980346737,1.1605,0.8308633,0.8957675,0.8694784,0.028123925,0.88604,0.8549356,0.89999866,0.8817705,0.020258907,0.8902633,0.8549356,0.89999866,0.8817705,0.020258907,0.8902633,0.8308633,0.8957675,0.8694784,0.028123925,0.88604,0.9560124,0.97450817,0.96712005,0.008007309,0.9718392,0.95620805,0.96256673,0.9594456,0.0029366922,0.9609883,0.6934892,0.7229585,0.7111853,0.013201303,0.7171762,89.977715,90.85137,90.4315,0.40504038,90.632774,95.41866,95.76445,95.60801,0.16557853,95.6648,3.5129974,3.8443823,3.6457152,0.14180669,3.5945694,0.7290039,0.95751953,0.81865233,0.096122354,0.76660156,55,66,60.8,4.658325879540846,62.0,MBP,99,RFdiffusion3,SolubleMPNN,13,non_binder,0.9773055505752563,binder
b0114bf4-fce5-5e37-9971-9e97d4931d6c,0.94211,0.9703,0.9542379999999999,0.011116846225436437,0.9537,0.93333,0.96667,0.960002,0.014910101273968614,0.96667,0.3481,0.5946,0.46597999999999995,0.08930843745134051,0.4551,0.5746,1.0761,0.72878,0.2118767731489226,0.6273,0.9295448,0.9418258,0.9374232,0.004898049,0.9384797,0.9324654,0.9496024,0.9411581,0.006112535,0.94073135,0.9324654,0.9496024,0.9411581,0.006112535,0.94073135,0.9295448,0.9418258,0.9374232,0.004898049,0.9384797,0.97011644,0.97556657,0.97360456,0.0021725788,0.9740602,0.9739627,0.979883,0.9776168,0.0022648629,0.9777404,0.7647035,0.7869116,0.7773619,0.008152561,0.77921927,96.16292,96.5388,96.36018,0.13651451,96.34447,93.01644,93.902405,93.60118,0.34611332,93.65946,2.807731,3.1792722,2.9998202,0.13388117,3.022474,0.34057617,0.37036133,0.3563965,0.011412628,0.35424805,55,57,56.4,0.8944271909999157,57.0,BHRF1,107,BoltzGen,SolubleMPNN,13,non_binder,0.9834858322143554,binder
b0488e4b-92ad-54c5-8bf4-b6f5de70eaec,0.90156,0.94354,0.9259320000000001,0.015942481613600804,0.92436,0.80952,0.90476,0.8666640000000001,0.03984175046355268,0.85714,0.4104,0.4744,0.44098,0.027076779719900215,0.4363,0.5713,1.009,0.80112,0.18433099847828086,0.8186,0.7695038,0.80754036,0.791711,0.015072551,0.7946179,0.8103447,0.83980167,0.82695043,0.012077623,0.82461256,0.8103447,0.83980167,0.82695043,0.012077623,0.82461256,0.7695038,0.80754036,0.791711,0.015072551,0.7946179,0.91683215,0.9326547,0.92609966,0.006289283,0.92732507,0.92772514,0.9389659,0.9341772,0.0046574264,0.9334121,0.6542114,0.67964005,0.6689819,0.01068807,0.66707486,96.37982,96.67466,96.530876,0.1372836,96.572845,96.7788,96.901,96.83996,0.052921128,96.82926,4.2584834,4.5819244,4.3859134,0.13346635,4.4028335,0.77685547,0.92626953,0.83681643,0.055067,0.8261719,42,45,43.6,1.1401754250991372,44.0,IL-7Ra,85,PXDesign,SolubleMPNN,17,binder,0.9744071197509765,binder
b06c3ead-d7ff-59f6-8295-f83d0762158a,0.0254,0.80532,0.38303,0.37745276455030324,0.36927000000000004,0.0,0.73077,0.338462,0.35853970664349016,0.298075,0.9267,15.6712,8.316970000000001,7.439823067348071,8.2629,1.7025,31.7636,16.68139,15.65039097817971,16.64585,0.16325279,0.8411751,0.51016146,0.30989692,0.50167197,0.31947923,0.9337575,0.67421246,0.2549479,0.69525373,0.31947923,0.8411751,0.61986274,0.20065126,0.6221457,0.16325279,0.9337575,0.5645112,0.36609152,0.57478,0.78765345,0.972862,0.8878745,0.0804228,0.8927089,0.776229,0.91243786,0.83072776,0.037520763,0.8283858,0.19352083,0.77631754,0.49752355,0.2626607,0.4943431,71.076805,87.46799,79.25023,7.5589843,78.82306,70.59184,78.16937,74.97968,2.2863426,74.397316,4.1031933,13.883796,9.572453,3.5310166,9.834246,0.37963867,5.3046875,2.461621,2.1461473,2.144043,59,79,69.0,6.324555320336759,68.0,RBX1,83,Genie3,SolubleMPNN,24,non_binder,0.8179170310497283,binder
b0944c32-2374-51f8-86f1-ad57dc085a83,0.8859,0.90702,0.8953260000000001,0.008628283722734251,0.8973,0.86667,0.91111,0.880002,0.019874172184018084,0.86667,0.5821,0.7091,0.6551,0.047132950257754935,0.6683,1.0387,1.9839,1.55714,0.3565808225353686,1.6831,0.8939627,0.90157145,0.8980757,0.0031227104,0.8988615,0.9277764,0.93371487,0.93120706,0.0022198793,0.93166167,0.9277764,0.93371487,0.93120706,0.0022198793,0.93166167,0.8939627,0.90157145,0.8980757,0.0031227104,0.8988615,0.97436315,0.97646683,0.97547615,0.00083890936,0.9757355,0.96933144,0.9702911,0.969775,0.0003964591,0.9698283,0.7383768,0.74483955,0.74154353,0.0023650846,0.74158305,93.32855,93.66028,93.504456,0.12850544,93.50859,96.27094,96.3829,96.323265,0.049520746,96.32701,3.1656132,3.272768,3.2222328,0.04243997,3.2230136,0.4716797,0.48608398,0.4819336,0.005907497,0.48486328,47,61,51.8,5.761944116355174,51.0,MBP,96,RFdiffusion,SolubleMPNN,19,non_binder,0.9802517628669738,binder
b0dacdca-d671-5413-b659-f8a9c87b352c,0.48407,0.62356,0.548694,0.05750860135666665,0.5252,0.5,0.66667,0.566668,0.09128891865938604,0.5,2.1015,3.1204,2.584,0.3811549094528364,2.5654,3.3362,4.7175,3.96396,0.49376106873669184,3.9442,0.42451105,0.5740795,0.49705333,0.056042556,0.50754166,0.6853226,0.77800137,0.7281502,0.0341206,0.7240067,0.6853226,0.77800137,0.7281502,0.0341206,0.7240067,0.42451105,0.5740795,0.49705333,0.056042556,0.50754166,0.8003252,0.8786081,0.83999217,0.029246988,0.8456911,0.92279637,0.9447977,0.93579435,0.008287974,0.93595314,0.5421708,0.61244875,0.5724824,0.027389288,0.56477547,85.34487,86.963585,86.247665,0.6726335,86.28413,95.50163,95.91894,95.72268,0.1976104,95.74672,4.824732,5.7069016,5.3847117,0.35490528,5.5074234,1.7167969,2.4335938,2.1121094,0.27659863,2.0625,28,32,30.6,1.5165750888103098,31.0,MBP,80,PXDesign,SolubleMPNN,35,non_binder,0.8510449504852294,binder
b0fb13dc-d1f6-5636-9bdf-3e9140d1a90b,0.04751,0.63086,0.27456,0.2657091523535545,0.10932499999999999,0.0,0.61538,0.233332,0.26244984828005186,0.08974,1.5171,15.4881,7.86494,5.318165788481756,8.21515,2.6553,25.1365,13.69668,9.67659138503269,16.6956,0.0,0.6942928,0.25834987,0.2975253,0.13361709,0.0,0.86057454,0.35258752,0.393036,0.20452644,0.0,0.86057454,0.38727847,0.41335806,0.3084037,0.0,0.6942928,0.25834987,0.2975253,0.13361709,0.79736394,0.9806028,0.89019406,0.08145435,0.9056297,0.86655647,0.9846398,0.9256053,0.052351,0.93638897,0.0,0.6510468,0.28667745,0.28667235,0.2254787,65.13063,80.8509,72.9539,6.375834,71.83441,92.99072,95.8408,94.42195,1.1600912,94.695786,4.468243,20.822166,12.116361,6.737907,12.046574,0.8984375,15.109375,6.601709,5.5005226,6.6308594,34,69,55.2,9.852241707685955,58.0,15-PGDH,59,Proteina-Complexa,SolubleMPNN,25,non_binder,0.747130889892578,binder
b12b98d0-4c71-5062-9103-4b93013012d6,0.44532,0.92361,0.7646919999999999,0.14733555170275625,0.77431,0.41176,0.85714,0.621008,0.1821129433315735,0.55042,0.4408,3.2086,0.9860099999999999,0.8402871737289183,0.68735,0.7049,4.9751,2.0788800000000003,1.1829431148152854,1.89205,0.63922244,0.8036126,0.7154805,0.05724761,0.69630677,0.6400265,0.8169728,0.73642397,0.054432884,0.7239553,0.6944607,0.814853,0.7509069,0.0434262,0.74523115,0.63922244,0.8036126,0.7154805,0.05724761,0.69630677,0.8331814,0.8712429,0.85775167,0.012618865,0.8611641,0.8711492,0.899869,0.88879555,0.009402526,0.8912943,0.56494373,0.6680648,0.61111295,0.036744256,0.6023625,91.86055,94.41953,93.59262,0.72384816,93.69146,95.875336,97.381905,96.9496,0.50959337,97.09474,4.1616726,5.6087375,4.9316096,0.53344196,5.0128565,0.88720703,1.4111328,1.1462891,0.17388545,1.1694336,13,17,15.1,1.2866839377079187,15.5,VEGF-A,80,FreeBindCraft (BindCraft),SolubleMPNN,4,non_binder,0.9529082632064818,binder
b133c3b0-fbdc-59db-a002-87152a29f929,0.02219,0.03986,0.03267,0.008983743651730053,0.03857,0.0,0.0,0.0,0.0,0.0,13.0796,17.5501,15.36496,1.856258677555475,15.9899,23.8955,35.72,28.479779999999998,5.845641687359909,24.5578,0.0,0.0,0.0,0.0,0.0,0.0,0.0,0.0,0.0,0.0,0.0,0.0,0.0,0.0,0.0,0.0,0.0,0.0,0.0,0.0,0.13885973,0.3642245,0.22289021,0.085173,0.21079858,0.54229116,0.6956179,0.6201337,0.06267621,0.6068474,0.0,0.040688243,0.008137649,0.018196335,0.0,67.95185,70.17599,68.979225,1.0458932,68.71948,81.801445,83.794846,82.88165,0.7668489,83.048706,17.340992,25.604202,22.322474,3.101085,22.432932,10.0546875,19.53125,14.998438,3.4397516,15.3046875,13,31,22.8,8.843076387773658,25.0,EGFR,81,FreeBindCraft (BindCraft),designed jointly by the structure model (native co-design),12,non_binder,0.22549018323421474,non_binder
b1611d19-9dbd-5ca5-a948-b03c1ce1eff2,0.90324,0.91922,0.913316,0.006178489297554853,0.9142,0.80556,0.83333,0.8277760000000001,0.012419121547033805,0.83333,0.3997,0.4478,0.42006,0.01851183405284306,0.415,0.826,1.3531,1.03574,0.19772168065237558,0.9889,0.8591251,0.896854,0.8734375,0.015579193,0.8689717,0.8808222,0.9196722,0.8980382,0.01634842,0.89178514,0.8808222,0.9196722,0.8980382,0.01634842,0.89178514,0.8591251,0.896854,0.8734375,0.015579193,0.8689717,0.9384432,0.956325,0.9452305,0.007391071,0.9432161,0.9541571,0.9676049,0.9594593,0.005707085,0.957864,0.777347,0.8024655,0.7880152,0.010483777,0.7850219,96.30888,96.6467,96.4832,0.13634245,96.48221,95.31079,95.77284,95.54343,0.16589294,95.5317,2.5465426,2.9765742,2.8221478,0.1874632,2.9069297,0.4892578,0.57910156,0.53896487,0.03376104,0.55029297,46,49,48.0,1.4142135623730958,49.0,TrkA,77,RFdiffusion3,SolubleMPNN,15,non_binder,0.9798439264297485,binder
b16297a2-639f-5873-b009-ac7b2278eb26,0.00331,0.00575,0.004449,0.000769725059139084,0.004165,0.0,0.0,0.0,0.0,0.0,28.8305,37.4373,33.63132,3.2152146981362084,34.6215,69.8851,93.197,80.22874,6.781339993639411,81.52555,0.0,0.0,0.0,0.0,0.0,0.0,0.0,0.0,0.0,0.0,0.0,0.0,0.0,0.0,0.0,0.0,0.0,0.0,0.0,0.0,0.18386349,0.844906,0.51535845,0.32673216,0.51241475,0.6132273,0.8842985,0.7471288,0.12572457,0.73811173,0.0,0.0,0.0,0.0,0.0,71.85586,84.69406,79.0273,4.5384235,79.086044,84.858345,85.66115,85.23663,0.31795225,85.19593,20.385208,29.2703,26.169638,2.944336,27.160137,12.9921875,25.328125,19.144531,3.6766171,19.695312,29,44,36.0,5.811865258054231,33.5,Cas9,80,PXDesign,SolubleMPNN,27,non_binder,0.3212308090925216,non_binder
b173e238-6046-5e57-b2dc-f0368d0aed44,0.19929,0.79116,0.3414,0.2537982763928865,0.21781,0.0,0.63636,0.18181600000000003,0.2591298615173481,0.09091,0.738,4.5302,3.4031399999999996,1.5405490670536917,3.841,2.2959,9.532,7.33776,2.934765754366096,8.6404,0.5484084,0.86748683,0.7568927,0.13124391,0.82842326,0.56356823,0.87111765,0.7689825,0.12698731,0.8393813,0.56356823,0.87111765,0.764866,0.1241819,0.82842326,0.5484084,0.86748683,0.7610092,0.1342075,0.8393813,0.7363777,0.93874025,0.8747656,0.08501321,0.9241032,0.86826795,0.96300906,0.933599,0.040004354,0.95716465,0.61290365,0.7824124,0.72446156,0.071684524,0.76593566,86.86487,89.89377,88.812294,1.3026524,89.5962,92.35141,93.246704,92.963844,0.36442128,93.02839,2.7181742,4.823649,3.4400826,0.89512044,2.9202156,0.75439453,1.7539062,1.0786133,0.4135852,0.8496094,23,32,27.0,4.301162633521313,26.0,PD-L1,92,FoldCraft,SolubleMPNN,9,non_binder,0.9178317594528198,binder
b1975289-33cc-5286-9d0d-62ce2315fe79,0.90739,0.95492,0.9398799999999999,0.018973474905773013,0.94536,0.90909,1.0,0.981818,0.04065618796690119,1.0,0.5579,0.6431,0.60278,0.03896558738168849,0.6094,1.0028,1.5364,1.2924,0.19585840548722944,1.2818,0.8438609,0.8827925,0.8637649,0.018106898,0.86036766,0.8961163,0.92587394,0.91103697,0.01302465,0.90697247,0.8438609,0.8827925,0.8637649,0.018106898,0.86036766,0.8961163,0.92587394,0.91103697,0.01302465,0.90697247,0.9533901,0.96746016,0.9604254,0.006176452,0.95852774,0.9632492,0.9727584,0.9676523,0.0046411506,0.9654317,0.7970155,0.8200306,0.8078581,0.01103189,0.8023063,97.25368,97.369606,97.32092,0.04340469,97.32129,96.40518,96.51523,96.45882,0.04011017,96.45763,2.3168433,2.6587522,2.5012088,0.17096996,2.5591478,0.41357422,0.5449219,0.48828125,0.057534628,0.4909668,35,44,37.6,3.7815340802378077,36.0,TrkA,83,RFdiffusion3,SolubleMPNN,32,binder,0.9744376111030578,binder
b1b7310b-9d8d-5ecb-b117-bbac3668d568,0.01346,0.58726,0.287721,0.2894520113536382,0.26665999999999995,0.0,0.85,0.38,0.4042826294122027,0.325,0.5791,14.4574,7.53698,7.218890084247332,7.530950000000001,17.7919,48.5954,37.58273,11.801544571796994,39.72165,0.012852077,0.88213634,0.46466953,0.41528055,0.47933355,0.029433962,0.9444581,0.54224473,0.418935,0.63261324,0.029433962,0.88213634,0.5041829,0.3802603,0.5703086,0.012852077,0.9444581,0.5027314,0.4546523,0.54163814,0.7800892,0.9818657,0.8912811,0.09413536,0.91954106,0.7736526,0.8726652,0.8238429,0.03617705,0.8401048,0.11121649,0.8034422,0.46950656,0.33194306,0.47056392,75.822914,93.25169,85.873375,7.5919166,86.56431,78.13693,84.52994,80.89188,2.894486,79.18404,4.7387834,16.950592,10.398191,4.7706647,9.134676,0.31640625,7.4101562,3.0307128,2.9803102,2.090454,24,35,30.6,3.339993346633426,31.0,RBX1,66,Genie3,SolubleMPNN,12,non_binder,0.7554002380371093,binder
b1cc7f85-7134-5436-9617-a18a6004a1e3,0.86745,0.91707,0.8965099999999999,0.021197515184568215,0.89677,0.77419,0.87097,0.825806,0.03678205921369817,0.83871,0.4477,0.7913,0.556,0.13460583196875237,0.5131,0.7535,1.1726,0.98146,0.15785323246611085,1.0141,0.7825323,0.8741743,0.8376398,0.03410115,0.84880936,0.8057192,0.88233215,0.8483256,0.027552536,0.8503261,0.8057192,0.88233215,0.8483256,0.027552536,0.8503261,0.7825323,0.8741743,0.8376398,0.03410115,0.84880936,0.89585555,0.94383854,0.92513263,0.017936124,0.93117195,0.93401206,0.962464,0.95162517,0.010932663,0.9550897,0.7296672,0.78747416,0.76484853,0.023232423,0.7693551,94.95133,95.72075,95.34701,0.29926318,95.43374,94.72528,95.32292,95.1607,0.24631421,95.26705,2.6093903,3.3369558,2.899049,0.29534653,2.8456233,0.62109375,0.96777344,0.75283206,0.13215312,0.71191406,35,42,39.0,3.2403703492039306,41.0,PD-L1,88,RFdiffusion3,SolubleMPNN,24,binder,0.9775278687477111,binder
b1f269dd-4f06-56a0-9868-10172aafafe8,0.67607,0.76515,0.71864,0.035998640252098445,0.71875,0.53846,0.65385,0.6,0.05160472216764665,0.57692,0.9992,1.3605,1.1674,0.13920105962240376,1.1297,1.9718,2.7919,2.28702,0.3258272348960412,2.3066,0.72419155,0.823799,0.7981099,0.04153348,0.8144734,0.90683186,0.9245401,0.91212785,0.007151963,0.91002107,0.90683186,0.9245401,0.91212785,0.007151963,0.91002107,0.72419155,0.823799,0.7981099,0.04153348,0.8144734,0.9312848,0.9603995,0.95332146,0.012354455,0.9583128,0.96182615,0.9654351,0.9631411,0.0013631682,0.96270645,0.69452375,0.72121966,0.7087176,0.009478999,0.7095031,92.42205,93.05477,92.82948,0.25599906,92.883675,96.86685,97.15317,97.01322,0.13346405,97.03029,3.7822495,4.0168552,3.8770473,0.08610299,3.8639734,0.8413086,0.90966797,0.87646484,0.026574345,0.88134766,26,33,30.8,2.9495762407505244,32.0,MBP,80,PXDesign,SolubleMPNN,13,non_binder,0.9728982067108153,binder
b2073fe0-e6f8-5401-86cf-c88ba7da2918,0.51285,0.56807,0.55031,0.022548358033346892,0.5576,0.47619,0.47619,0.47619,0.0,0.47619,1.8942,2.2621,2.02148,0.15213900551798024,1.9448,3.6458,4.8164,4.00368,0.47574646294008305,3.9335,0.7944508,0.84044224,0.8181248,0.017627496,0.81747264,0.84792006,0.8972296,0.8755039,0.018123189,0.87578225,0.84792006,0.8972296,0.8755039,0.018123189,0.87578225,0.7944508,0.84044224,0.8181248,0.017627496,0.81747264,0.9217083,0.94161034,0.93218386,0.007689846,0.9321159,0.9524697,0.9633539,0.9586051,0.0045283097,0.9575826,0.7554718,0.7854031,0.77388084,0.012191413,0.77301854,95.25115,95.612785,95.40294,0.14923899,95.416725,96.18459,96.26561,96.23236,0.032191005,96.24761,2.7030296,3.1107087,2.860414,0.16583554,2.8813808,0.49975586,0.69433594,0.6239746,0.073791966,0.6435547,21,24,22.0,1.4142135623730951,21.0,PD-L1,65,Genie3,SolubleMPNN,23,non_binder,0.9215240168571472,binder
b3153d88-5c5d-5440-986c-682f576184f9,0.15938,0.45819,0.396175,0.08583947709403746,0.41247,0.03448,0.30542,0.252461,0.07891187622912028,0.27221,2.4525,6.5552,3.67005,1.2389197806063867,3.82385,3.5764,10.5436,4.779909999999999,2.0671545673810763,4.20725,0.0,0.8348684,0.54600227,0.28173816,0.6295806,0.0,0.8425804,0.60515684,0.29781565,0.6651392,0.0,0.8348684,0.604293,0.2966554,0.6885607,0.0,0.8526524,0.57627004,0.2988989,0.70601356,0.4463126,0.9461371,0.7873432,0.156029,0.8207915,0.53774047,0.95433116,0.82748014,0.12871964,0.8588873,0.0,0.6044943,0.42345482,0.2020164,0.488151,67.836784,81.92247,76.80784,4.6165714,77.46692,80.110405,85.66258,82.742836,2.155777,82.84029,5.527486,23.075798,9.973214,5.5333877,8.28859,0.6225586,14.8984375,3.1243653,4.4580903,1.2939453,65,112,102.9,13.795732029226365,108.0,TNFa,88,RFdiffusion3,Caliby (SolubleCaliby),51,non_binder,0.8306588530540466,binder
b35cf29e-cf53-51f2-aed2-e1a4030f00db,0.82114,0.92016,0.872132,0.0400922557359897,0.88045,0.66667,0.83333,0.757142,0.061626214146254354,0.7619,0.3971,0.7516,0.5726,0.15043531832651535,0.5393,0.6642,1.3231,0.84694,0.2742232357040519,0.733,0.9274941,0.9409566,0.9343017,0.004816988,0.93387216,0.9524249,0.96142787,0.95729864,0.0032176313,0.95776314,0.9524249,0.96142787,0.95729864,0.0032176313,0.95776314,0.9274941,0.9409566,0.9343017,0.004816988,0.93387216,0.971892,0.9774075,0.974683,0.0019753282,0.9745181,0.9792161,0.98313034,0.9813819,0.0013974046,0.9815091,0.78211826,0.81033456,0.7963375,0.010257432,0.7959089,94.219986,94.60664,94.39186,0.1691678,94.36724,93.00838,93.692444,93.35777,0.28477472,93.289406,2.5296948,2.8901472,2.7003384,0.1286489,2.702461,0.31054688,0.33032227,0.31992188,0.007034894,0.31982422,56,62,58.6,2.3021728866442683,59.0,BHRF1,95,FreeBindCraft (BindCraft),SolubleMPNN,30,non_binder,0.9795039653778076,binder
b397b28a-4169-52d8-8270-d09b6ffd22b9,0.00478,0.0115,0.006144,0.0029941826931568485,0.00481,0.0,0.0,0.0,0.0,0.0,19.0452,29.1229,27.060480000000002,4.4810257092545225,29.0286,49.7686,78.125,72.2932,12.593220269851546,77.9208,0.0,0.0,0.0,0.0,0.0,0.0,0.011286949,0.004477973,0.006132063,0.0,0.0,0.011286949,0.004477973,0.006132063,0.0,0.0,0.0,0.0,0.0,0.0,0.0984216,0.18649371,0.15140308,0.036199838,0.14876334,0.80192935,0.81541514,0.8088595,0.0055815377,0.8085771,0.0,0.06423945,0.034856245,0.02810275,0.030867035,82.585884,86.37345,85.384964,1.5783821,86.05112,94.38935,95.38161,95.12825,0.4247966,95.35058,18.350668,25.05381,20.846712,2.7300878,20.691742,8.921875,15.0859375,10.951563,2.4818518,10.546875,24,34,28.4,3.6469165057620945,28.0,MBP,87,RFdiffusion3,SolubleMPNN,12,non_binder,0.2720571076869964,non_binder
b3a51282-5df0-510f-8e84-a70456c51334,0.69736,0.74486,0.71054,0.019385485549761175,0.70371,0.85714,1.0,0.885712,0.06388893425312397,0.85714,2.1796,2.2239,2.2009800000000004,0.01697106360838934,2.1995,2.0753,2.6211,2.3479,0.23477424262469698,2.3206,0.30947384,0.48813385,0.40866822,0.0731771,0.42967084,0.4254311,0.60805297,0.5227019,0.07422949,0.54626757,0.4254311,0.60805297,0.5227019,0.07422949,0.54626757,0.30947384,0.48813385,0.40866822,0.0731771,0.42967084,0.56005025,0.7268922,0.6507274,0.06805616,0.6738606,0.7435227,0.84156066,0.8009218,0.039202254,0.81026053,0.46471512,0.60086817,0.53999674,0.05672569,0.5611798,92.75383,93.79535,93.28439,0.43822256,93.37952,88.58197,89.998474,89.12075,0.52655745,89.02165,4.918494,6.819886,5.713136,0.77857894,5.39956,1.8681641,2.8789062,2.289453,0.39704117,2.3046875,35,39,37.6,1.6733200530681507,38.0,BBF-14,78,RFdiffusion3,SolubleMPNN,19,non_binder,0.8841634654998779,binder
b3a96f43-d3a7-5cbd-a5cc-2ae8cc9c8c43,0.01497,0.02686,0.020646,0.005273379371901853,0.01941,0.0,0.0,0.0,0.0,0.0,11.606,17.1038,13.6748,2.1773512670214696,13.4072,31.4129,45.7406,38.384519999999995,6.146394226455054,38.2045,0.0,0.23596956,0.09605576,0.1214084,0.01151328,0.010295279,0.43779823,0.16700058,0.17690606,0.0938235,0.0,0.43779823,0.14193174,0.1957882,0.01151328,0.010295279,0.23596956,0.1211246,0.10284881,0.0938235,0.34906977,0.66860735,0.5239269,0.135191,0.49400526,0.5545559,0.74981904,0.6321418,0.07580027,0.61753875,0.031911243,0.2285484,0.13768648,0.08475527,0.11351279,56.152103,62.00169,59.141285,2.6329591,58.461372,83.95143,85.0942,84.71385,0.48576328,84.944824,11.835372,19.529804,15.752362,2.8388834,15.690893,4.4335938,9.8046875,6.6835938,2.2384312,7.28125,47,68,58.0,8.093207028119323,58.0,EGFR,97,Genie3,SolubleMPNN,31,non_binder,0.22362550854682917,non_binder
b44c9f75-e330-534a-85fb-bf45edf17fe6,0.859,0.89081,0.873784,0.013714179887984563,0.87839,0.76923,0.84615,0.8153819999999999,0.042130819123297365,0.84615,0.6135,0.6918,0.65176,0.032057339253281726,0.6534,1.5053,1.717,1.61996,0.08593580743787774,1.6329,0.7282991,0.7509631,0.7427004,0.00921048,0.7447435,0.76359797,0.7805124,0.77470225,0.006919471,0.77538925,0.76359797,0.7805124,0.77470225,0.006919471,0.77538925,0.7282991,0.7509631,0.7427004,0.00921048,0.7447435,0.8939375,0.9057352,0.9013302,0.0047993674,0.9019228,0.9297097,0.9366542,0.93387204,0.0026235261,0.9340799,0.63226324,0.6527516,0.64439267,0.008023839,0.64607316,95.77408,95.94681,95.86738,0.073859975,95.863785,96.98329,97.08278,97.03454,0.03992009,97.02834,4.5546694,4.852554,4.6866584,0.11629261,4.6556406,0.9711914,1.0214844,0.9862305,0.021598926,0.97314453,20,22,21.0,0.7071067811865476,21.0,IL-7Ra,88,FreeBindCraft (BindCraft),SolubleMPNN,10,binder,0.9793973040580748,binder
b4b1a55a-52df-58d2-b6f3-2427bc335db1,0.80582,0.93822,0.89186,0.052606647393651694,0.90164,0.69565,0.86957,0.78261,0.06874791633206054,0.78261,0.2839,0.8701,0.47295999999999994,0.2305343531884131,0.4205,0.5065,1.4003,0.74208,0.3703971814147619,0.5934,0.8956936,0.9371421,0.9154069,0.015610109,0.91624796,0.92142063,0.95479304,0.9373104,0.012299345,0.9372256,0.92142063,0.95479304,0.9373104,0.012299345,0.9372256,0.8956936,0.9371421,0.9154069,0.015610109,0.91624796,0.95972353,0.97640616,0.9677593,0.0063010473,0.968186,0.97186416,0.9824861,0.9764122,0.00410702,0.97582424,0.80998206,0.8495846,0.8242892,0.015517495,0.82097673,96.28767,96.74435,96.61566,0.1900578,96.71364,95.743774,96.15668,95.92509,0.1888162,95.88513,1.961464,2.442151,2.2513607,0.19290112,2.268492,0.30981445,0.40356445,0.35771483,0.03560831,0.35986328,33,37,35.0,1.5811388300841893,35.0,PD-L1,75,PXDesign,SolubleMPNN,16,binder,0.977982668876648,binder
b51a4e08-04b5-5c42-98c0-9cf9af2c16d6,0.00748,0.01758,0.013206,0.004070231224663069,0.01429,0.0,0.0,0.0,0.0,0.0,13.9284,24.1393,17.42755,3.413241258605147,16.348599999999998,40.6954,63.9384,48.913830000000004,8.887898539281126,45.246700000000004,0.0,0.009962543,0.0009962543,0.0031504326,0.0,0.0,0.009978021,0.000997802,0.0031553272,0.0,0.0,0.009962543,0.0009962543,0.0031504326,0.0,0.0,0.009978021,0.000997802,0.0031553272,0.0,0.23814282,0.8577274,0.55098325,0.29578787,0.5392096,0.6261675,0.8929291,0.76525086,0.112969026,0.75114167,0.0,0.035253268,0.0067126406,0.014173897,0.0,73.78066,78.48429,76.951805,1.6483792,77.35631,83.92364,86.991646,85.29503,0.99348605,85.315506,16.997969,26.872477,22.880941,3.243181,23.426645,9.9609375,20.796875,15.269531,3.4220736,15.394531,44,99,68.5,18.4947439981081,70.0,Cas9,80,PXDesign,SolubleMPNN,19,non_binder,0.446573543548584,non_binder
b5409fc9-7831-5963-9f5b-40c86e1a4e4b,0.59707,0.81308,0.7108030000000001,0.0742141340311938,0.708225,0.36842,0.66667,0.504678,0.10315288974247028,0.47368,0.7615,1.6943,1.044,0.32787113322157535,0.9391,1.0871,3.2184,1.9350999999999998,0.656890026310848,1.8831,0.3838349,0.73164064,0.6528386,0.09913176,0.68385684,0.4040068,0.7574408,0.68735564,0.10215514,0.7180693,0.62917036,0.7905848,0.7289284,0.049194716,0.729931,0.3838349,0.73164064,0.6528386,0.09913176,0.68385684,0.7336337,0.8774705,0.8446046,0.04092818,0.8555223,0.7964745,0.90266734,0.8784153,0.030322863,0.88665974,0.44773483,0.6349328,0.5794236,0.052296516,0.5875375,82.54765,93.30481,90.59783,3.440671,91.69035,94.68052,96.06623,95.738045,0.39833602,95.84745,4.6465178,6.967553,5.4105077,0.655893,5.363673,1.0546875,1.9501953,1.3123047,0.26157126,1.2285156,12,15,13.7,0.8232726023485649,14.0,VEGF-A,80,FreeBindCraft (BindCraft),SolubleMPNN,5,binder,0.9132446217536926,binder
b595b2d1-0011-59f0-ac8d-fc6c71522a3b,0.23322,0.74082,0.51746,0.2344331201003817,0.62262,0.15385,0.61538,0.4153840000000001,0.2078317623223169,0.53846,0.9299,4.1192,2.21438,1.525326667307695,1.3604,3.0687,11.5379,5.8901,3.5186314505784777,4.5048,0.24784479,0.7698712,0.6081628,0.21826355,0.72137696,0.30017707,0.88701826,0.70901984,0.2564979,0.86148477,0.30017707,0.7698712,0.62956023,0.19400035,0.72137696,0.24784479,0.88701826,0.6876225,0.28292152,0.86148477,0.5031267,0.96148694,0.83428395,0.19826877,0.95147926,0.71932966,0.9142667,0.85554373,0.07771792,0.8788135,0.36868685,0.67193377,0.5787947,0.12636028,0.6504749,76.973656,93.73724,87.86598,7.4666495,92.11386,78.02902,83.47675,81.184784,2.0059137,81.59692,4.658536,10.061442,6.2490416,2.1876955,5.690688,0.3876953,2.859375,1.1096191,1.0693657,0.4699707,26,32,27.8,2.489979919597747,27.0,TREM2,79,Genie3,SolubleMPNN,17,non_binder,0.896827540397644,binder
b5b8cb75-ff88-5be3-b428-9f8d37f62d06,0.50365,0.81296,0.660313,0.124666334228612,0.7181150000000001,0.42767,0.67347,0.5638029999999999,0.09930112711120433,0.6009500000000001,0.7505,2.6191,1.6168,0.7664077127888408,1.2314500000000002,1.604,4.0171,2.69163,0.951865481917832,2.34455,0.74402124,0.92848355,0.8627731,0.0595632,0.8754816,0.82475823,0.9321978,0.88711995,0.03455787,0.89022875,0.82475823,0.9498765,0.89711267,0.042694546,0.904821,0.74402124,0.92848355,0.8627731,0.0595632,0.8754816,0.9575556,0.98106,0.97068703,0.0077827116,0.9712653,0.9627123,0.9826886,0.9735578,0.00657213,0.973893,0.5952355,0.7524619,0.68157727,0.05213683,0.6844686,91.771355,93.557236,92.75847,0.6584236,92.850006,90.970146,91.9949,91.52862,0.33205214,91.61929,3.2356973,5.5310388,4.309418,0.744027,4.269244,0.453125,1.1884766,0.7125244,0.239589,0.64868164,70,85,78.2,5.116422361159973,80.0,TNFa,95,RFdiffusion3,Caliby (SolubleCaliby),27,non_binder,0.97636323928833,binder
b6129ea5-bc4c-545d-887d-098cddbdc06d,0.50169,0.54782,0.5257620000000001,0.018479014313539516,0.52044,0.7,0.7,0.7,0.0,0.7,1.1759,1.2934,1.21306,0.0482493834157495,1.1966,11.7977,15.4854,14.036420000000001,1.621282731974901,14.7144,0.0,0.41769728,0.17833225,0.19252577,0.14207526,0.0,0.5233918,0.23363869,0.2498189,0.18628296,0.0,0.5233918,0.23363869,0.2498189,0.18628296,0.0,0.41769728,0.17833225,0.19252577,0.14207526,0.4464771,0.68386006,0.6101804,0.07171555,0.6182539,0.5027448,0.7097174,0.65732366,0.06286201,0.67865384,0.0,0.28657207,0.12954898,0.13772628,0.11188147,72.758,92.99814,83.613785,9.569729,83.962036,72.433014,82.00349,77.07544,3.9046981,77.03452,12.473793,26.928427,19.290808,6.564144,19.092243,2.2089844,16.34375,8.794336,6.435382,7.9414062,37,89,56.3,15.691823773332828,52.5,Latent GDF-8,108,Genie3,ProteinMPNN,40,non_binder,0.547760555744171,binder
b624f7f5-53e2-5757-aa43-86628adfdcc9,0.88046,0.91094,0.8987680000000001,0.013721697052478598,0.90407,0.78261,0.86957,0.8434820000000001,0.03888969426467632,0.86957,0.5538,0.6201,0.57706,0.02785772783268586,0.5627,1.0679,1.3142,1.15278,0.10378141452109814,1.1114,0.81714904,0.82947505,0.8250839,0.0051895524,0.82775265,0.8585932,0.8722147,0.8661823,0.0052268044,0.8669918,0.8585932,0.8722147,0.8661823,0.0052268044,0.8669918,0.81714904,0.82947505,0.8250839,0.0051895524,0.82775265,0.93121785,0.9364358,0.93462276,0.0022103155,0.9357274,0.94418687,0.94846493,0.9466303,0.0015654487,0.9469309,0.6776745,0.68715125,0.6839242,0.004353179,0.6867599,93.86225,94.07862,94.000114,0.097459234,94.06378,95.4717,95.623085,95.56073,0.05930857,95.58764,3.9964721,4.1085305,4.03969,0.046798285,4.013602,0.66552734,0.71972656,0.6951172,0.024256326,0.7006836,22,24,23.4,0.8944271909999155,24.0,IL-7Ra,95,FreeBindCraft (BindCraft),SolubleMPNN,10,binder,0.978522400856018,binder
b64102d1-88ac-504e-9894-b7c57637e6af,0.56657,0.58974,0.577894,0.010748194266945512,0.58008,0.0,0.0,0.0,0.0,0.0,0.7922,0.934,0.8612,0.06096166828425881,0.8533,0.9635,1.4789,1.1495799999999998,0.21273137286258464,1.0586,0.7289373,0.7977959,0.75533164,0.025692588,0.75192165,0.87042105,0.895568,0.8824228,0.010144288,0.8825533,0.7289373,0.7977959,0.75533164,0.025692588,0.75192165,0.87042105,0.895568,0.8824228,0.010144288,0.8825533,0.93857324,0.95143455,0.9448403,0.0052148215,0.94523305,0.841754,0.9003065,0.8822915,0.02574056,0.8985346,0.66905946,0.7320659,0.6910345,0.024017168,0.6846293,94.21825,95.65982,94.8521,0.68623114,94.494446,79.08548,86.04263,81.86648,3.3451812,79.99845,5.7541666,7.7858715,6.342495,0.8568792,5.933143,0.64208984,0.7324219,0.6796875,0.03464905,0.6669922,15,47,28.8,13.00769003320728,29.0,TREM2,115,FreeBindCraft (BindCraft),SolubleMPNN,29,binder,0.887296130657196,binder
b65918df-0940-55d8-81fd-d08c12854ae5,0.92984,0.95551,0.9461220000000001,0.009869456418668644,0.94843,1.0,1.0,1.0,0.0,1.0,0.5622,0.7378,0.62644,0.06746990440188871,0.613,0.8666,1.0726,0.96064,0.08077222913848546,0.9337,0.88362926,0.90932846,0.8958537,0.00969142,0.89560497,0.88711375,0.90955794,0.898907,0.00874369,0.89676917,0.88711375,0.90932846,0.8988036,0.008699614,0.89676917,0.88362926,0.90955794,0.8959571,0.009770078,0.8958921,0.94890994,0.9610537,0.95471346,0.0045748414,0.9547063,0.9647827,0.972444,0.9685524,0.0029358899,0.9684119,0.7930958,0.813987,0.80320966,0.008128707,0.8013926,94.850815,95.22891,95.11305,0.15340537,95.16851,96.38778,96.54611,96.48227,0.07264317,96.521225,2.3687487,2.6346037,2.503448,0.1062054,2.5358858,0.41210938,0.49658203,0.45771486,0.031169023,0.4580078,44,49,46.6,2.073644135332772,47.0,TrkA,80,Genie3,SolubleMPNN,38,non_binder,0.9664203715324401,binder
b66be2a8-cf09-55dc-a237-2445d4710fb7,0.03319,0.49288,0.145898,0.19459873052001134,0.07088,0.0,0.71429,0.14285799999999998,0.319440199129665,0.0,3.469,7.9273,6.2162,1.6763058029488536,6.5055,6.8417,32.2354,19.86356,9.059669535805376,19.7459,0.059181724,0.66677773,0.31124943,0.2463352,0.36402163,0.14522731,0.770144,0.43494374,0.26191425,0.5221239,0.14522731,0.770144,0.43494374,0.26191425,0.5221239,0.059181724,0.66677773,0.31124943,0.2463352,0.36402163,0.26134482,0.8479161,0.5435146,0.2539669,0.6452151,0.651421,0.9141452,0.767524,0.11260618,0.8041697,0.17436208,0.70387596,0.44438124,0.23577715,0.55054045,76.42414,82.07372,78.8466,2.0365665,78.5194,82.422356,83.9349,83.207466,0.5406767,83.21166,3.7613826,10.567684,7.0086555,3.0036569,5.615267,0.8535156,5.40625,3.0996094,2.0151007,2.0976562,21,41,31.0,9.137833441248533,29.0,BBF-14,72,FreeBindCraft (BindCraft),Caliby (SolubleCaliby),17,non_binder,0.7328404343128203,binder
b6b18b0c-3c58-593f-a6bd-b349e6c1e929,0.73544,0.91156,0.8212820000000001,0.0692502283028728,0.80538,0.70968,0.83871,0.787098,0.05859797069865131,0.80645,0.4811,1.4131,0.9936999999999999,0.37276706533705467,0.9998,0.8862,1.5744,1.2166000000000001,0.29227408369542446,1.1576,0.9114288,0.9314437,0.9243066,0.007801359,0.9256109,0.94317746,0.95602393,0.95117265,0.0052489378,0.95232874,0.94317746,0.95602393,0.95117265,0.0052489378,0.95232874,0.9114288,0.9314437,0.9243066,0.007801359,0.9256109,0.9663481,0.9741506,0.97121036,0.003186625,0.9719222,0.9751326,0.98045665,0.9787019,0.0021043338,0.9789602,0.80977076,0.8284154,0.821568,0.007843542,0.82557654,92.46147,95.68127,94.31837,1.2713033,94.32605,94.31461,95.487976,94.86152,0.44061777,94.8469,2.2500064,2.6092153,2.3785377,0.14560582,2.3054905,0.34716797,0.3918457,0.36577147,0.017978268,0.36669922,37,48,43.6,4.560701700396551,45.0,PD-L1,82,RFdiffusion3,SolubleMPNN,14,binder,0.9749885582923888,binder
b7184b5a-cae7-5cf1-b946-b6d43cb79aac,0.02261,0.12541,0.037454,0.03110841372433581,0.02772,0.0,0.04762,0.014287,0.019004877181046625,0.0,7.2044,27.5587,19.52721,5.43425676783659,19.97965,11.9845,36.0895,31.22204,7.124790609040147,31.822250000000004,0.011453074,0.6471653,0.29366463,0.25203303,0.2722017,0.046516545,0.70350957,0.38727912,0.23027407,0.41452944,0.046516545,0.85174084,0.4865176,0.3166437,0.5366546,0.011453074,0.6471653,0.29366463,0.25203303,0.2722017,0.81391555,0.95095086,0.8764864,0.048915494,0.87150276,0.8572289,0.95833564,0.90115213,0.035148907,0.8951157,0.082385555,0.58287084,0.31629747,0.19964194,0.30434805,68.29576,82.640335,77.346176,4.3215923,77.882965,85.47903,87.01257,86.398834,0.50640666,86.475525,5.470484,14.8117485,9.918938,3.4742947,9.695652,1.3447266,7.078125,3.994629,2.3881252,3.7675781,21,41,28.3,5.6381636096240495,27.0,TNFa,89,PXDesign,Caliby (SolubleCaliby),27,non_binder,0.5549651014804841,binder
b72d7b71-ca64-47ab-b6a8-4237ce260df4,0.65122,0.71983,0.6896150000000001,0.02190057292502744,0.69356,0.48387,0.625,0.5308010000000001,0.043117924978417536,0.5176799999999999,1.1873,1.4453,1.27186,0.07912557108798646,1.259,1.6082,2.524,1.81549,0.27081574486478194,1.7283,0.31173596,0.83247244,0.63830656,0.19216132,0.6582942,0.62778616,0.84975564,0.77165973,0.0687684,0.7801559,0.62778616,0.9271166,0.81477994,0.10822485,0.8300043,0.31173596,0.83247244,0.63830656,0.19216132,0.6582942,0.9214817,0.9742346,0.95264786,0.01831513,0.9537626,0.9376436,0.97754824,0.959613,0.014111865,0.95987034,0.42979717,0.70029175,0.5997581,0.09646497,0.60964483,86.53906,90.51393,88.64629,1.3972343,88.18565,86.03766,88.00239,87.0345,0.7222051,86.87976,3.924964,7.5378356,5.4926634,1.3001683,5.439736,0.6611328,3.3164062,1.5404785,0.93426126,1.3625488,36,40,37.8,1.6193277068654828,37.5,TNFa,80,PXDesign,SolubleMPNN,41,non_binder,0.9440557241439819,binder
b75cb1fc-15f4-57ac-a8f8-e34bb3cd12a6,0.20642,0.64883,0.5447879999999999,0.19012004436671057,0.63251,0.23077,1.0,0.83077,0.33705990372632577,1.0,0.781,2.7154,1.2065,0.8441245820375094,0.8509,18.3658,24.0804,20.97982,2.436056890140294,19.871,0.15036187,0.6205838,0.47836313,0.18801668,0.5273687,0.18064521,0.70126593,0.5664552,0.21735103,0.63952106,0.18064521,0.70126593,0.5664552,0.21735103,0.63952106,0.15036187,0.6205838,0.47836313,0.18801668,0.5273687,0.553909,0.9125529,0.8221494,0.1508356,0.8764611,0.61565477,0.6516727,0.6299611,0.0145902885,0.6308987,0.17283495,0.49731612,0.4143106,0.13601159,0.4606264,78.691216,85.50381,83.60936,2.787902,84.540115,85.50875,87.36394,86.91223,0.79053277,87.2005,13.786365,15.430701,14.669904,0.62444186,14.546619,1.4355469,5.828125,2.5041015,1.8665807,1.8339844,20,35,29.8,5.974947698515862,31.0,EGFR,93,Genie3,SolubleMPNN,9,non_binder,0.797608505487442,binder
b7919d15-bcab-4f15-8a6c-5def0c46f6ab,0.57094,0.66085,0.621617,0.026560343057523434,0.6298900000000001,0.30952,0.51852,0.421693,0.07635172253750692,0.40608500000000003,1.3322,1.6271,1.48079,0.08099174786496591,1.4877,1.3739,2.9657,2.15715,0.6442000659732968,2.128,0.37317362,0.8590273,0.6208952,0.22646384,0.60998166,0.70102566,0.8719049,0.7888576,0.06639393,0.7803786,0.70102566,0.9321811,0.8231487,0.10098183,0.8222269,0.37317362,0.8590273,0.6208952,0.22646384,0.60998166,0.9288832,0.97759104,0.953051,0.01938589,0.9530735,0.94200885,0.9795899,0.96044385,0.014414031,0.96085405,0.47997522,0.7295296,0.60242146,0.10717294,0.59705913,83.5715,90.41692,87.46138,2.8055012,87.671036,88.15851,89.263,88.71182,0.3285401,88.698654,3.7818186,6.9800105,5.4171515,1.3416506,5.52191,0.6323242,2.8066406,1.6696777,1.0247205,1.5817871,40,54,46.4,4.376706016578628,45.0,TNFa,80,PXDesign,SolubleMPNN,16,non_binder,0.9433483481407164,binder
b79cf847-9002-56df-b0cd-036c2e831f34,0.01365,0.8154,0.391749,0.3974362044529914,0.374225,0.0,0.77778,0.344446,0.3645860384417739,0.333335,0.7076,14.2297,7.25111,6.592038913964497,5.9866,1.6132,48.3758,24.13938,23.604482199682142,20.91005,0.0,0.8694426,0.41532913,0.42793363,0.38154888,0.01157166,0.88710976,0.43765754,0.42277578,0.43988705,0.01157166,0.8694426,0.43491268,0.419658,0.43988705,0.0,0.88710976,0.41807398,0.43113008,0.38154888,0.76291925,0.95918655,0.8531378,0.08558182,0.8414794,0.7508964,0.8456738,0.7924571,0.035812434,0.78553104,0.056752343,0.7794439,0.43004966,0.34184444,0.43242678,77.302986,94.00897,85.990234,7.5520597,87.10489,77.810585,83.74452,79.88377,2.0007355,79.41666,6.548592,20.570997,12.756695,5.860301,12.261147,0.42138672,9.1015625,3.9696288,3.657596,3.532959,17,30,24.3,4.4484703987875305,25.0,RBX1,69,RFdiffusion,SolubleMPNN,22,binder,0.7725762736797331,binder
b7a9adf0-09cb-5e9f-b620-cbbd8e44c80a,0.0043,0.00497,0.004777999999999999,0.0002757172464681887,0.00484,0.0,0.0,0.0,0.0,0.0,25.4293,28.5423,26.2723,1.2900041065826109,25.7636,79.0107,83.9802,80.42432,2.0555788666455954,80.0537,0.0,0.0,0.0,0.0,0.0,0.0,0.010748144,0.0020741678,0.004376346,0.0,0.0,0.010748144,0.0020741678,0.004376346,0.0,0.0,0.0,0.0,0.0,0.0,0.37479013,0.73458683,0.6439592,0.107722744,0.6789701,0.49439123,0.7824126,0.69722855,0.08934839,0.72162247,0.0,0.059503928,0.014003334,0.023660377,0.0,79.694016,87.107,84.21,3.0791895,85.59633,71.55828,78.20679,75.62077,2.327448,75.24155,18.690302,26.994753,23.848694,3.0678778,25.22431,9.578125,18.84375,14.413281,3.487479,15.3203125,14,58,37.5,12.231562087939182,39.5,Latent GDF-8,71,RFdiffusion3,SolubleMPNN,6,non_binder,0.3189916515350342,non_binder
b7ea189b-b31a-5d14-a3d6-bda91712728b,0.66855,0.71142,0.6823940000000001,0.016757569334482844,0.67665,0.72727,0.81818,0.7636339999999999,0.04979345770279467,0.72727,1.8861,2.2692,1.98028,0.16221242862370316,1.9145,2.1691,2.9036,2.54564,0.2948072471972154,2.4672,0.010990243,0.05784143,0.023950037,0.019917862,0.013323981,0.011691862,0.12694499,0.052482218,0.04844295,0.040090803,0.011576217,0.12694499,0.052459083,0.048467316,0.040090803,0.010990243,0.05784143,0.023973167,0.01989996,0.013323981,0.16338113,0.23278299,0.1895666,0.02824937,0.18408807,0.58716923,0.6167034,0.59736717,0.012015969,0.5928287,0.07702459,0.1686541,0.11186732,0.036866345,0.10132183,74.364,77.15217,75.82546,1.1977162,75.951225,81.27707,82.76693,82.26508,0.59955806,82.53185,11.198539,13.2625675,12.479502,0.8688025,12.5748,6.4765625,8.3046875,7.63125,0.7538233,7.8515625,75,79,77.4,1.816590212458495,78.0,BBF-14,66,Genie3,SolubleMPNN,27,non_binder,0.7600297832489014,binder
b7fc2316-f29c-51c4-98f1-6b95793e1ed0,0.05297,0.47983,0.1514,0.18397199786924096,0.07091,0.0,0.28571,0.104762,0.10858614147302594,0.09524,2.2059,14.5836,10.43676,5.272733342679108,12.7706,3.7431,26.0692,19.18234,9.610281298328367,24.9635,0.0,0.15746237,0.035944503,0.06816109,0.0102306325,0.0,0.20374039,0.051358484,0.08676371,0.012690691,0.0,0.20374039,0.045200106,0.08880354,0.0102306325,0.0,0.15746237,0.04210288,0.06656055,0.012690691,0.17689331,0.58990604,0.36878306,0.16911449,0.41301373,0.5340787,0.69172233,0.6492187,0.065300554,0.67160827,0.0,0.15119128,0.06538256,0.06670496,0.06694701,71.63175,81.64812,75.689186,3.667148,75.00567,85.61305,88.44691,86.83557,1.1633846,86.9824,14.165662,24.130577,19.52872,4.12323,20.646244,6.6054688,13.9765625,9.832812,3.3136208,8.5546875,17,51,36.4,14.27585373979434,43.0,EGFR,84,FreeBindCraft (BindCraft),designed jointly by the structure model (native co-design),14,binder,0.2660753411054611,non_binder
b7fe5f97-cf88-5d90-895c-26be02c5ade3,0.59537,0.77664,0.733684,0.07816279824827153,0.77286,0.0,0.5,0.4,0.22360679774997896,0.5,0.6435,0.8319,0.7096,0.07680517560685608,0.673,0.9252,1.199,1.07056,0.11842173786936251,1.036,0.87525743,0.90465045,0.88789785,0.011619638,0.8830967,0.93000346,0.9408672,0.93334466,0.004607919,0.9306249,0.93000346,0.9408672,0.93334466,0.004607919,0.9306249,0.87525743,0.90465045,0.88789785,0.011619638,0.8830967,0.95737237,0.96845454,0.962129,0.004408764,0.96034414,0.97385806,0.98037905,0.97677267,0.0025854546,0.9756575,0.81604314,0.84298337,0.8273634,0.010421913,0.82388246,95.86388,96.73798,96.381,0.33807352,96.49623,96.36609,96.59159,96.51436,0.08789985,96.53522,2.053157,2.431953,2.2945428,0.15787627,2.3712718,0.35375977,0.3942871,0.37807617,0.015496296,0.3791504,18,22,19.4,1.5165750888103102,19.0,PD-L1,64,FreeBindCraft (BindCraft),Caliby (SolubleCaliby),24,binder,0.9590682172775268,binder
b81d6d7f-01fb-5b20-a74e-c86ae4881f91,0.71473,0.78949,0.742544,0.03144644463210427,0.73655,0.61905,0.71429,0.66667,0.047619999999999996,0.66667,0.9355,1.2106,1.09376,0.10099063322902767,1.1061,2.2559,2.9947,2.70368,0.3177656715254181,2.8745,0.23405579,0.3221413,0.2801068,0.039715953,0.26542577,0.49104005,0.6066445,0.5455732,0.049675275,0.5306332,0.49104005,0.6066445,0.5455732,0.049675275,0.5306332,0.23405579,0.3221413,0.2801068,0.039715953,0.26542577,0.5985322,0.70497245,0.64909804,0.045765243,0.6359691,0.76982874,0.81768423,0.79632777,0.020169146,0.79179376,0.38388124,0.48208892,0.4374892,0.043291204,0.42768002,96.74728,96.95724,96.84906,0.101013295,96.816734,95.57849,95.88704,95.69709,0.1237951,95.63413,6.6601033,8.000304,7.2350006,0.5774953,7.3123794,1.9541016,2.5214844,2.2298827,0.2632154,2.2929688,53,63,56.6,4.037325847637271,55.0,BHRF1,94,Genie3,SolubleMPNN,33,non_binder,0.9166379237174987,binder
b8993b22-9bd9-53e6-82f8-4d711bea0b00,0.31582,0.38514,0.355812,0.02591788048604455,0.35433000000000003,0.83333,0.91667,0.849998,0.03513922935979104,0.83333,7.1432,9.2661,8.16907,0.5930580766951358,8.1838,13.5382,28.5228,19.52105,6.043209312801711,17.53785,0.39285922,0.8530346,0.6307028,0.19726993,0.62957096,0.40194422,0.93696225,0.6981367,0.22925559,0.71691334,0.39285922,0.8530346,0.632224,0.19585642,0.62957096,0.40194422,0.93696225,0.6966154,0.23094726,0.71691334,0.68880683,0.97091,0.8507598,0.11722161,0.86978817,0.6759906,0.85818,0.78924084,0.06965294,0.8108843,0.24874997,0.76792806,0.5622714,0.19930376,0.6188976,83.796555,92.33024,88.077896,4.2477174,88.01044,73.23461,79.748085,77.90953,2.2160017,78.8954,6.2924275,17.678875,10.944681,4.1282244,9.7304325,0.40234375,2.4375,1.2149658,0.78158385,1.1589355,33,47,41.0,4.642796092394709,42.5,RBX1,98,Proteina-Complexa,SolubleMPNN,24,non_binder,0.882349054813385,binder
b8d68222-d134-56ce-b484-0746d944836b,0.82426,0.88868,0.857956,0.029122043712624304,0.84482,0.73333,0.82222,0.795554,0.03651544577298759,0.8,0.6043,0.9799,0.747,0.16379636748108917,0.6947,1.0644,1.4456,1.26498,0.16924853618273916,1.2825,0.90836567,0.9505966,0.9266739,0.015738199,0.9265401,0.92332214,0.9613129,0.93939686,0.014777833,0.94195616,0.92332214,0.9613129,0.93939686,0.014777833,0.94195616,0.90836567,0.9505966,0.9266739,0.015738199,0.9265401,0.9588855,0.9788929,0.9677286,0.0074060103,0.96777785,0.96772796,0.98426974,0.9749589,0.0063601225,0.9758854,0.7454816,0.80160093,0.7689868,0.022229794,0.7714905,94.92024,95.337715,95.116,0.17382339,95.09197,94.14583,94.57306,94.34419,0.17453192,94.36504,2.6023214,3.6742427,3.1961844,0.41104853,3.1181612,0.33154297,0.42919922,0.38959962,0.037970893,0.38671875,75,80,78.6,2.073644135332771,79.0,BHRF1,110,Proteina-Complexa,designed jointly by the structure model (native co-design),18,binder,0.9841974139213562,binder
b8e0ff12-0aee-590d-8d1f-9110ebef4363,0.78505,0.92959,0.874248,0.0587845168390453,0.87021,0.78571,0.92857,0.842854,0.07824764456518803,0.78571,0.4582,0.9957,0.6524599999999999,0.20230319572364647,0.6021,1.2441,3.2083,2.03146,0.7720317564711958,2.0399,0.83483136,0.86569136,0.8532607,0.013340739,0.854661,0.85886854,0.8909361,0.87202185,0.013716679,0.8657893,0.85886854,0.8909361,0.87202185,0.013716679,0.8657893,0.83483136,0.86569136,0.8532607,0.013340739,0.854661,0.92383075,0.9424004,0.93145704,0.00803304,0.9272247,0.94138575,0.9554076,0.9471596,0.0059996867,0.94528526,0.7441828,0.77436125,0.75891906,0.011810655,0.7591174,97.02935,97.50366,97.359344,0.19098996,97.42695,96.20305,97.07535,96.70799,0.35996217,96.64429,3.000965,3.4063067,3.2426198,0.19102475,3.332808,0.5336914,0.68066406,0.6183594,0.06633854,0.6298828,27,29,27.6,0.8944271909999155,27.0,TrkA,100,RFdiffusion3,SolubleMPNN,9,binder,0.9734209990501402,binder
b9356628-bc3c-5b95-81f1-39a76e6c0446,0.73744,0.90192,0.8455199999999999,0.06447741193627425,0.86411,0.57895,0.89474,0.789476,0.12343255478195371,0.84211,0.6869,1.0663,0.81052,0.15545628646021364,0.7872,1.0708,1.5904,1.3948,0.2407417392144536,1.5187,0.77784437,0.82613075,0.8039328,0.01899995,0.808047,0.80145156,0.8612488,0.8330099,0.02348412,0.84080446,0.80145156,0.8612488,0.8330099,0.02348412,0.84080446,0.77784437,0.82613075,0.8039328,0.01899995,0.808047,0.899425,0.9239664,0.91287136,0.009655396,0.9150975,0.9174317,0.94052565,0.93118894,0.009052922,0.9343769,0.6923355,0.73812455,0.7161158,0.017677562,0.7201675,94.63485,95.194374,94.94293,0.20013659,94.958694,92.28081,92.7417,92.50664,0.19494373,92.5196,3.3969817,3.9717486,3.6532738,0.2244977,3.589794,0.7001953,0.85058594,0.78125,0.06912931,0.7861328,29,44,39.8,6.220932405998316,41.0,BBF-14,78,RFdiffusion3,SolubleMPNN,21,non_binder,0.976808226108551,binder
b957726a-3d12-5664-b710-0ae53bd88907,0.78933,0.84417,0.822034,0.024271424144454337,0.82864,0.625,0.71875,0.68125,0.04074501503251656,0.6875,0.6689,0.8417,0.72844,0.06747924125240293,0.7015,0.9287,1.925,1.29814,0.3748778240973985,1.2253,0.67281836,0.75373435,0.7173758,0.03716654,0.7248904,0.7824687,0.8845501,0.84237826,0.041533478,0.8502797,0.67281836,0.75373435,0.7173758,0.03716654,0.7248904,0.7824687,0.8845501,0.84237826,0.041533478,0.8502797,0.91955364,0.96095073,0.9441597,0.016787745,0.9478207,0.8538316,0.9092372,0.8882883,0.022948923,0.8969637,0.6343982,0.7023461,0.6734579,0.027281929,0.6830153,95.978485,96.64258,96.396324,0.25924292,96.47503,81.14239,83.89875,82.65032,0.9840872,82.7164,4.812984,6.262963,5.374578,0.633334,5.169297,0.6489258,0.93603516,0.76279294,0.12392122,0.70654297,18,27,23.2,3.5637059362410923,23.0,TREM2,78,RFdiffusion3,SolubleMPNN,12,binder,0.9735513758659362,binder
ba418c73-5f98-54d4-b3ec-032f29cc6777,0.82098,0.88106,0.8477460000000001,0.023537219037090988,0.84739,0.7,0.85,0.79,0.06519202405202651,0.8,0.6698,0.7892,0.73732,0.04463638650249372,0.7469,1.7478,2.1312,1.9877600000000002,0.15848767459963575,2.0216,0.8880561,0.8984422,0.89222413,0.003940405,0.89220035,0.9167276,0.9228614,0.92007697,0.0024589663,0.9198662,0.9167276,0.9228614,0.92007697,0.0024589663,0.9198662,0.8880561,0.8984422,0.89222413,0.003940405,0.89220035,0.9565208,0.96095866,0.9583378,0.001681637,0.9583776,0.9676123,0.9700793,0.96892625,0.0008903843,0.9689093,0.7962255,0.80326575,0.7999821,0.0025052808,0.8000052,97.047226,97.354866,97.17831,0.124898344,97.20352,96.62757,96.93694,96.78422,0.13120149,96.763016,2.5183935,2.647352,2.5813332,0.0474249,2.5710516,0.42407227,0.4777832,0.45283204,0.024388047,0.45507812,33,35,33.6,0.8944271909999161,33.0,PD-L1,75,PXDesign,SolubleMPNN,14,non_binder,0.9816853237152099,binder
ba4a8134-3a46-5f82-a5c9-eb559d237eaf,0.01377,0.06141,0.028532999999999996,0.015759015091897928,0.02281,0.0,0.01429,0.0014290000000000001,0.004518894776380614,0.0,7.6525,26.2559,18.28233,5.863035596581159,17.77615,20.4562,44.481,32.41683,7.36505473979054,34.0731,0.0,0.34326693,0.07031028,0.12521663,0.0,0.0,0.393741,0.07924526,0.1413396,0.0,0.0,0.63293344,0.15139258,0.25523496,0.0052055554,0.0,0.34326693,0.07031028,0.12521663,0.0,0.757366,0.9284515,0.845466,0.046743967,0.842041,0.8345759,0.9497901,0.8965828,0.03125382,0.8966236,0.0,0.42532617,0.11187242,0.15279822,0.041005548,63.039677,72.16057,66.397125,2.9964087,65.39331,91.61021,94.6571,93.071724,0.9617217,93.365875,7.544523,25.478697,15.850393,5.625094,17.268295,3.1328125,16.265625,9.308985,4.0397696,9.886719,31,79,60.8,14.09333964049055,62.5,15-PGDH,76,PXDesign,SolubleMPNN,49,non_binder,0.45754990458488454,non_binder
ba57b168-b602-5d7c-97e9-f2d48e9e9b19,0.52377,0.60558,0.57298,0.033617224007939775,0.56846,0.66667,0.75,0.7333339999999999,0.0372663089130115,0.75,1.1962,1.2482,1.2203199999999998,0.02388424166683965,1.2164,9.0355,13.1923,10.937999999999999,1.769934953607052,11.2846,0.0,0.5686791,0.25792408,0.2688195,0.2319369,0.0,0.6697657,0.35566354,0.3053417,0.39902997,0.0,0.6697657,0.35566354,0.3053417,0.39902997,0.0,0.5686791,0.25792408,0.2688195,0.2319369,0.5421678,0.8228956,0.6923423,0.10446553,0.6987641,0.57618034,0.8202718,0.7083224,0.08716454,0.7136859,0.029980086,0.37631023,0.2159935,0.15499832,0.2351941,89.84943,95.460594,93.11482,2.2820501,93.334366,74.01892,81.73874,77.927124,3.0422175,78.39164,11.515593,21.83604,16.323242,4.3576093,15.925756,1.6357422,10.390625,5.400879,3.7615335,4.6708984,49,56,52.2,3.04776785350999,51.5,Latent GDF-8,82,RFdiffusion,SolubleMPNN,25,binder,0.759802850484848,binder
ba799a60-9c24-5cc5-a97a-ac36c6ce3ebc,0.86421,0.90674,0.886554,0.016180909430560452,0.8893,0.75862,0.86207,0.820692,0.03777505552610084,0.82759,0.5875,0.7035,0.62458,0.04795744989050189,0.6076,0.761,1.1746,0.9684200000000001,0.15132250989195228,0.9742,0.93585837,0.94598323,0.9433983,0.004263251,0.9452703,0.94409543,0.95350415,0.949491,0.00345013,0.9495875,0.94409543,0.95350415,0.949491,0.00345013,0.9495875,0.93585837,0.94598323,0.9433983,0.004263251,0.9452703,0.9742086,0.978446,0.9773699,0.0017870105,0.97815317,0.9778041,0.98154914,0.98028374,0.0014391715,0.9807396,0.7827963,0.79742193,0.79179,0.005610699,0.7918892,96.544586,96.90229,96.734695,0.16227494,96.73819,93.66805,94.05519,93.92621,0.15766703,93.956985,2.643978,2.8487356,2.735559,0.07845554,2.707126,0.33764648,0.36010742,0.34853515,0.008169779,0.3474121,52,56,54.2,1.6431676725154978,55.0,BHRF1,101,BoltzGen,Caliby (SolubleCaliby),10,non_binder,0.9748657751083374,binder
baa6f48b-84bd-5c86-8293-83f32cbf8e7a,0.27732,0.30737,0.29249800000000004,0.01174740056352892,0.29652,0.0,0.0,0.0,0.0,0.0,2.7562,2.974,2.84496,0.08389364099858819,2.8187,5.5458,6.6817,6.10844,0.4102068234439795,6.0863,0.32001758,0.43938914,0.37284222,0.044755526,0.37727824,0.4196407,0.49805123,0.45231184,0.029174691,0.45163956,0.4196407,0.49805123,0.45231184,0.029174691,0.45163956,0.32001758,0.43938914,0.37284222,0.044755526,0.37727824,0.583188,0.69933057,0.6364615,0.04344862,0.6422982,0.7638409,0.8066375,0.78430086,0.016453534,0.78234863,0.5092325,0.56972784,0.5354677,0.022232356,0.53239304,91.88144,92.916794,92.30232,0.38359687,92.27535,88.90471,90.13515,89.29677,0.5464845,88.95416,5.2803717,6.0696893,5.7139707,0.28713924,5.754807,1.9794922,2.4023438,2.211914,0.17777193,2.1640625,28,33,30.8,1.9235384061671341,31.0,BBF-14,68,Genie3,SolubleMPNN,19,non_binder,0.6776624774932861,binder
babd95e6-10ea-5f4d-801d-b9a617ecb76f,0.03691,0.82967,0.49354,0.41666811421081884,0.74797,0.0,0.80952,0.438096,0.4032186743319312,0.66667,0.7535,15.7009,6.821860000000001,8.050329191592105,1.166,1.3613,25.2637,11.097460000000002,12.446346003867964,2.7333,0.31797647,0.7797679,0.5784807,0.20624511,0.6789664,0.41708383,0.85150206,0.66561925,0.19671632,0.7701303,0.41708383,0.85150206,0.66561925,0.19671632,0.7701303,0.31797647,0.7797679,0.5784807,0.20624511,0.6789664,0.5459196,0.9105694,0.76253986,0.16523965,0.8562006,0.73750633,0.9410455,0.85868436,0.09519805,0.9144714,0.5368277,0.76020396,0.6707231,0.10174103,0.72403723,95.24132,98.01223,96.95143,1.3540257,97.8819,91.76797,97.74647,95.33458,3.187674,97.61227,3.14939,6.547327,4.503063,1.6109589,3.5507922,0.8466797,2.4277344,1.4917969,0.6803483,1.1826172,23,28,25.6,1.8165902124584945,26.0,TrkA,75,PXDesign,SolubleMPNN,11,non_binder,0.9431561708450317,binder
bad8332b-f6f0-5847-b8dd-01b18bf1ca33,0.70881,0.76508,0.741272,0.022290122700424925,0.74067,0.58824,0.70588,0.64706,0.05881999999999998,0.64706,1.0084,1.1544,1.08072,0.05868225455791562,1.0606,2.3272,2.7427,2.5326,0.1698774116826601,2.4624,0.77300894,0.88355166,0.83327454,0.039901048,0.8377664,0.91606724,0.9354432,0.9246659,0.0069652693,0.9236945,0.77300894,0.88355166,0.83327454,0.039901048,0.8377664,0.91606724,0.9354432,0.9246659,0.0069652693,0.9236945,0.97439283,0.980769,0.97732544,0.0022780655,0.9771264,0.89872116,0.9636226,0.9365338,0.023790218,0.9376413,0.68976414,0.75968,0.72931755,0.027008833,0.73828995,95.03316,95.85017,95.43455,0.30496505,95.41129,84.1955,88.58788,86.73915,1.7005109,86.81009,3.3108833,4.8035684,3.9371495,0.5473667,3.8632317,0.35498047,0.40722656,0.39291993,0.022065775,0.4038086,13,17,14.8,1.4832396974191326,15.0,TREM2,71,PXDesign,SolubleMPNN,9,binder,0.9720046114921569,binder
bb2ffd6f-eeff-5a74-a919-81909bfb4552,0.04655,0.0661,0.057156,0.007014494279703992,0.05785,0.0303,0.09091,0.042422,0.02710561602325245,0.0303,12.0634,13.2591,12.585519999999999,0.5664855399743223,12.35,21.8642,26.3103,23.77842,2.1774946743907337,22.5728,0.0,0.09591858,0.019183716,0.042896092,0.0,0.0,0.10580476,0.023390904,0.046323027,0.0,0.0,0.09591858,0.019183716,0.042896092,0.0,0.0,0.10580476,0.023390904,0.046323027,0.0,0.2931382,0.51461434,0.34978324,0.093679264,0.30243677,0.5597872,0.6937584,0.6119875,0.04989455,0.6072944,0.015351795,0.11772832,0.047110956,0.043765645,0.025754856,69.68005,72.584335,71.10494,1.2837299,70.5706,84.393845,84.70763,84.53903,0.12749061,84.54591,14.517529,19.42222,17.94762,2.0316823,18.953041,7.3554688,11.28125,9.924219,1.6351368,10.484375,37,63,47.4,9.60728889958036,45.0,EGFR,80,PXDesign,SolubleMPNN,12,non_binder,0.21748465538024903,non_binder
bb3fd560-5236-5e10-953d-1ca3631026c4,0.01268,0.06466,0.021845999999999997,0.016186438219145744,0.01515,0.0,0.0,0.0,0.0,0.0,14.2756,25.1605,20.330779999999997,3.7611168458909168,20.74825,17.851,46.8651,38.18642,9.227615958728329,40.897549999999995,0.0,0.2436122,0.049228184,0.090835564,0.0,0.0,0.2822511,0.069914624,0.11264664,0.0,0.0,0.4778525,0.09365297,0.17978504,0.0,0.0,0.2436122,0.049373858,0.090768136,0.0,0.57188326,0.8313859,0.7509228,0.07366701,0.7668977,0.6569321,0.862966,0.80493575,0.060971905,0.82408917,0.0,0.29065412,0.0741868,0.10705687,0.012369792,84.704155,87.16534,86.33555,0.8219201,86.57451,85.30487,87.245514,86.259895,0.63237196,86.25992,9.346967,26.444895,18.967947,6.5344305,21.16687,3.9355469,19.125,11.7970705,5.7053533,13.359375,14,44,30.8,8.337332373793858,32.0,TNFa,92,BoltzGen,SolubleMPNN,20,non_binder,0.42774343967437733,non_binder
bbb2de87-2f28-51ad-8f9f-2c72581f6ebc,0.7523,0.82873,0.8003779999999999,0.029082865574079898,0.81113,0.68182,0.81818,0.745456,0.0609827912611419,0.77273,0.8846,1.1164,0.9888200000000001,0.10086620841490972,0.9995,1.4555,2.3042,1.74814,0.3789169539622104,1.5422,0.4366768,0.6015505,0.5313481,0.069647454,0.5656455,0.6116897,0.70502836,0.6647903,0.04086637,0.6830045,0.6116897,0.70502836,0.6647903,0.04086637,0.6830045,0.4366768,0.6015505,0.5313481,0.069647454,0.5656455,0.8523527,0.91715294,0.89030296,0.026944304,0.9044647,0.6109877,0.7045302,0.6673602,0.041756384,0.6932076,0.3635249,0.50669605,0.46275824,0.057117406,0.4846258,77.267426,79.43204,78.158615,0.7965866,77.971535,84.584,86.72561,85.50047,0.8426339,85.16864,11.296497,14.8526,12.604783,1.4496377,11.884956,1.6552734,2.5410156,2.0625,0.38881478,1.8955078,24,33,29.6,3.435112807463534,31.0,EGFR,82,FreeBindCraft (BindCraft),designed jointly by the structure model (native co-design),13,non_binder,0.9270536994934081,binder
bbe69028-b268-55d7-8c3e-eafd6af83245,0.01864,0.83925,0.354069,0.40563798376960053,0.085005,0.0,1.0,0.425,0.5006939628599933,0.125,1.324,30.5499,16.286279999999998,13.943852822006468,17.78875,1.8302,35.7428,19.57377,15.83447106628447,23.022550000000003,0.0,0.7568208,0.31406838,0.32025826,0.16432962,0.0,0.80523235,0.37346244,0.3265503,0.33444428,0.0,0.8825596,0.43502563,0.3784378,0.40008357,0.0,0.7568208,0.31426853,0.32004803,0.16432962,0.7930905,0.9701596,0.88703346,0.06593793,0.8671854,0.8431272,0.97427726,0.91137373,0.049450967,0.89766246,0.0,0.6632135,0.32323936,0.2634583,0.24210691,67.24518,81.371925,73.38385,5.6961136,69.89771,86.19786,88.13276,86.94237,0.67022926,86.69903,4.36072,21.83009,10.510599,5.664064,10.381977,0.99121094,13.15625,5.386426,4.1118956,5.515625,58,80,72.3,9.557428756964105,78.0,TNFa,78,Genie3,ProteinMPNN,62,non_binder,0.7981703758239745,binder
bbe7232e-b3c0-5cd3-a56a-bc1ac9216b93,0.30064,0.44864,0.37017,0.07059383613319223,0.34832,0.43478,0.5,0.469564,0.029167270698507268,0.45652,2.8839,5.6873,4.09022,1.3460039736196916,3.5417,6.4724,11.0148,8.70034,2.0476095094035873,9.2449,0.39283517,0.53359747,0.45682946,0.06726512,0.43466756,0.5275152,0.6458615,0.5709249,0.05595089,0.5371843,0.5275152,0.6458615,0.5709249,0.05595089,0.5371843,0.39283517,0.53359747,0.45682946,0.06726512,0.43466756,0.65985346,0.7748983,0.7139706,0.055276003,0.69902265,0.8017162,0.8552492,0.829821,0.023682961,0.8280715,0.5731168,0.6300456,0.598532,0.025772104,0.5874016,82.59816,84.675,83.454994,0.89406115,83.19006,84.39252,87.47461,86.064476,1.3438042,86.04798,4.9255676,5.7107954,5.326884,0.33665055,5.402916,0.9667969,1.4433594,1.2621094,0.19936302,1.2802734,39,53,46.2,5.403702434442518,47.0,BBF-14,63,BoltzGen,Caliby (SolubleCaliby),21,non_binder,0.6580067706108093,binder
bbf21452-c445-5ec5-8952-e93154031d57,0.27409,0.34712,0.309712,0.03074804335238259,0.30836,0.11538,0.23077,0.176924,0.04385465516909237,0.19231,3.3867,3.9454,3.7055,0.2618529931087289,3.8496,5.1803,8.4376,6.86558,1.5200713953627314,7.4965,0.5646606,0.7729876,0.7020888,0.089472,0.7430515,0.9250944,0.9431306,0.93341196,0.008674328,0.9311411,0.9250944,0.9431306,0.93341196,0.008674328,0.9311411,0.5646606,0.7729876,0.7020888,0.089472,0.7430515,0.9452703,0.9587344,0.95147514,0.0064924015,0.9498465,0.91404784,0.9608774,0.946143,0.019839441,0.95547193,0.59601235,0.7092855,0.67437875,0.047432687,0.6966422,81.655106,86.7733,84.61647,2.3431106,85.71535,92.6916,93.42705,93.07104,0.26368144,93.082306,3.8504753,5.4127226,4.3993006,0.62031764,4.0993166,0.35180664,0.42626953,0.3848633,0.03158042,0.38330078,45,51,47.2,2.4899799195977477,47.0,BHRF1,66,RFdiffusion,SolubleMPNN,23,non_binder,0.8789646315574646,binder
bc0c8c18-3602-5df2-9278-b6f358d8e1e4,0.00604,0.77882,0.363114,0.3448067549802353,0.46964,0.0,1.0,0.4,0.4183300132670378,0.5,1.2269,22.4052,9.60974,11.280976094868741,1.671,5.0645,72.2594,32.82454,35.086277733153736,9.1598,0.0,0.0,0.0,0.0,0.0,0.0,0.0,0.0,0.0,0.0,0.0,0.0,0.0,0.0,0.0,0.0,0.0,0.0,0.0,0.0,0.5000407,0.67799884,0.60786587,0.05367072,0.62139463,0.55584455,0.7279475,0.6613989,0.053920977,0.6766264,0.0,0.0,0.0,0.0,0.0,75.288414,81.38494,77.7094,2.0299897,77.526474,74.71093,80.00271,77.20736,1.6125818,77.39635,21.070148,28.638103,26.225735,2.6776047,26.846487,13.1796875,24.421875,19.642187,3.6973312,19.734375,12,55,33.5,12.112894873737748,33.0,Latent GDF-8,80,RFdiffusion,SolubleMPNN,29,non_binder,0.4875126814842224,non_binder
bc53d75e-a00c-5509-beb1-ca8428f7d9b7,0.80049,0.82754,0.81716,0.011849191955572352,0.82078,0.56522,0.65217,0.6173919999999999,0.036373197137452754,0.6087,0.5839,0.6382,0.61494,0.019720116632515147,0.617,1.0405,1.4081,1.26838,0.14441020393310164,1.3132,0.8861379,0.909771,0.8952411,0.009629209,0.89569026,0.9086153,0.93289745,0.91866064,0.009740686,0.9195368,0.9086153,0.93289745,0.91866064,0.009740686,0.9195368,0.8861379,0.909771,0.8952411,0.009629209,0.89569026,0.9499199,0.9637599,0.95566237,0.0055519254,0.95619607,0.9604884,0.96974343,0.96432626,0.0037776986,0.9648234,0.756517,0.7844124,0.7688851,0.010626092,0.7687492,93.60786,94.360954,94.11857,0.31967047,94.30628,96.47433,96.61064,96.530624,0.053546194,96.505875,2.8180099,3.3027573,3.103455,0.1904131,3.0764139,0.35864258,0.42260742,0.39106447,0.024090508,0.3918457,35,42,37.4,2.7018512172212596,37.0,PD-L1,104,FreeBindCraft (BindCraft),designed jointly by the structure model (native co-design),25,binder,0.9764433813095091,binder
bc684380-5fda-5d36-a5b1-7b1242e3dd96,0.01214,0.0281,0.016294999999999997,0.006182540380422561,0.013649999999999999,0.0,0.0,0.0,0.0,0.0,13.0048,22.1995,18.363750000000003,3.3689387245013007,17.463,30.1039,46.8411,42.410430000000005,6.3660695908595475,45.072500000000005,0.0,0.110529125,0.015105528,0.035865933,0.0,0.0,0.28812334,0.038994126,0.09320022,0.0,0.0,0.28812334,0.040693335,0.09461701,0.0,0.0,0.110529125,0.015105528,0.035865933,0.0,0.75136775,0.89425737,0.8120319,0.05047642,0.83509326,0.8338985,0.9286595,0.87498313,0.034180157,0.89005256,0.0,0.14904818,0.023268383,0.051419955,0.0,80.80832,83.19333,82.002045,0.7803983,81.795044,94.01505,95.48255,94.7612,0.5648156,94.67236,11.728682,23.786367,19.60281,4.2182074,21.028929,6.7695312,18.421875,13.677734,3.839013,14.4453125,14,37,25.4,6.552353266829662,23.5,15-PGDH,73,RFdiffusion3,Caliby (SolubleCaliby),14,non_binder,0.43519080638885493,non_binder
bc92acc8-233b-5549-9c24-ab2730cdc313,0.81474,0.91527,0.8768840000000001,0.0380970573666786,0.87947,0.8,1.0,0.919998,0.07302921791995308,0.93333,0.5636,0.7651,0.64494,0.08146780345633484,0.6451,3.0549,3.5613,3.3230600000000003,0.19355459953201828,3.3682,0.78208876,0.81664973,0.7972577,0.014441836,0.7907306,0.8248316,0.8530218,0.83444345,0.011445955,0.829022,0.8248316,0.8530218,0.83444345,0.011445955,0.829022,0.78208876,0.81664973,0.7972577,0.014441836,0.7907306,0.9382915,0.9496452,0.9433235,0.0047912877,0.9412276,0.9427725,0.9511337,0.9461873,0.00364146,0.9441684,0.6959572,0.72458845,0.7076727,0.011362427,0.7035052,94.673515,95.090164,94.92343,0.1544965,94.944016,96.27709,96.40319,96.33765,0.054214794,96.31189,3.6762593,3.954351,3.8131156,0.12504885,3.8578289,0.6772461,0.75878906,0.7192383,0.03330887,0.71191406,40,47,43.0,2.549509756796393,43.0,IL-7Ra,68,BoltzGen,SolubleMPNN,25,binder,0.9731632828712463,binder
bcab6988-d640-52de-900d-33c4fd3449ae,0.82597,0.87548,0.84948,0.021050793334219036,0.84493,0.75,0.8125,0.7875,0.03423265984407287,0.8125,0.49,0.805,0.7091200000000001,0.13107477636830056,0.7639,1.4199,2.6037,2.01582,0.4639500048496604,2.0847,0.69506556,0.76860714,0.7300294,0.029401302,0.7338368,0.8224422,0.85417837,0.8392943,0.0146253705,0.8381287,0.69506556,0.76860714,0.7300294,0.029401302,0.7338368,0.8224422,0.85417837,0.8392943,0.0146253705,0.8381287,0.9554701,0.9646262,0.960322,0.0042469054,0.96011144,0.8330781,0.91989136,0.8817685,0.037745688,0.87369615,0.65427923,0.70151734,0.681595,0.019452147,0.6815211,93.9385,95.04493,94.54005,0.41198978,94.56709,82.859665,87.20445,85.63998,1.9344736,86.604294,4.393762,6.4119005,5.2296653,0.8000475,5.1856217,0.5336914,0.6147461,0.572168,0.035036348,0.5620117,17,39,22.4,9.343446901438464,18.0,TREM2,56,RFdiffusion3,SolubleMPNN,11,binder,0.9642542004585265,binder
bcb0183c-74ee-5992-856c-78d5a5c0d582,0.55167,0.77204,0.632685,0.06133669777909831,0.62681,0.33333,0.83333,0.558333,0.1419114878326941,0.5625,1.2386,1.9975,1.68913,0.3124630148780279,1.7812000000000001,2.3788,3.3935,2.9860700000000002,0.35129188892176577,3.0332999999999997,0.41077185,0.8524735,0.68710387,0.1679641,0.70957655,0.4184735,0.92512727,0.7370096,0.18313909,0.7618195,0.4184735,0.8524735,0.6880092,0.16648068,0.7102525,0.41077185,0.92512727,0.7361042,0.18475561,0.7618195,0.6847656,0.9684817,0.8387779,0.12692487,0.84975743,0.65829265,0.933463,0.7721866,0.0868729,0.77578735,0.39643216,0.7793072,0.6265761,0.1482511,0.6543956,79.22967,92.90248,86.39726,6.134684,86.23293,72.838684,82.348564,79.153824,2.5955558,79.155685,3.6600754,20.537754,11.863656,5.5115013,11.276033,0.4272461,1.9775391,1.024585,0.5960696,0.90722656,50,72,56.2,7.146094504459525,52.5,RBX1,83,Genie3,SolubleMPNN,32,binder,0.8861410808563231,binder
bd191be9-aed9-5b53-b956-5769c3197dfe,0.08268,0.18537,0.11872799999999999,0.039350831884472276,0.11306,0.04348,0.13043,0.06087,0.03888522212872134,0.04348,4.1203,8.5859,7.24478,1.7956915915601988,7.6267,12.7211,18.4584,15.171199999999999,2.163825719645647,14.3993,0.0,0.0,0.0,0.0,0.0,0.0,0.0,0.0,0.0,0.0,0.0,0.0,0.0,0.0,0.0,0.0,0.0,0.0,0.0,0.0,0.4685434,0.6964967,0.5687099,0.07794179,0.569883,0.5137497,0.7465671,0.6230484,0.07714311,0.6172147,0.0,0.0,0.0,0.0,0.0,78.372025,84.08237,81.16047,1.8771747,81.24895,72.68868,80.551094,76.431656,2.9559543,76.50195,24.12987,30.58345,27.174414,1.7155445,27.104794,15.2578125,29.140625,20.989843,3.993583,21.25,0,85,38.0,23.485219938411383,33.5,Latent GDF-8,71,RFdiffusion3,SolubleMPNN,8,non_binder,0.27982460439205165,non_binder
bd57ef30-b8d5-5088-a20f-d49aaabd8e4b,0.76309,0.82973,0.789724,0.030679214950842453,0.77268,0.5,0.75,0.7,0.1118033988749895,0.75,0.6818,1.1772,0.94244,0.21506489253246333,0.8898,1.3965,2.4993,1.8913,0.45003521528875934,1.7983,0.7121984,0.75413436,0.7319698,0.01971565,0.7239896,0.79995924,0.8390519,0.8195793,0.017243234,0.81257653,0.79995924,0.8390519,0.8195793,0.017243234,0.81257653,0.7121984,0.75413436,0.7319698,0.01971565,0.7239896,0.9032933,0.920616,0.9112253,0.00830585,0.9070062,0.9379495,0.9446375,0.9413859,0.0029706298,0.9400645,0.67855155,0.7015464,0.6888195,0.0108450325,0.68565977,95.99916,96.57237,96.235275,0.25198686,96.0964,96.02719,96.3202,96.20066,0.10857975,96.23562,3.844489,4.080661,3.9743214,0.11812924,4.032587,1.0136719,1.1855469,1.0960938,0.07264273,1.1142578,23,30,26.2,3.492849839314596,24.0,IL-7Ra,76,RFdiffusion3,SolubleMPNN,21,binder,0.966445255279541,binder
bd6babd1-bac3-5efc-9047-b944f39e6ce0,0.89809,0.95883,0.933562,0.025029728724059307,0.94603,0.87097,0.96774,0.9290320000000001,0.05300311188977493,0.96774,0.4328,0.6023,0.51244,0.061327832180829586,0.5179,0.9463,1.6858,1.2842,0.30749297552952315,1.2857,0.8391369,0.91436476,0.8744181,0.02895141,0.8737387,0.8971735,0.9444234,0.91821134,0.018696712,0.920327,0.8971735,0.9444234,0.91821134,0.018696712,0.920327,0.8391369,0.91436476,0.8744181,0.02895141,0.8737387,0.93624586,0.9666621,0.950261,0.011968357,0.9511795,0.9577494,0.9773586,0.9669979,0.0076031,0.96690655,0.7759555,0.82934165,0.79716885,0.021699714,0.7937884,95.51887,95.81413,95.65271,0.1254832,95.636536,94.883545,95.300995,95.15577,0.16444167,95.22431,2.1356719,2.8258998,2.5542104,0.2816425,2.593857,0.41308594,0.62109375,0.53154296,0.081748545,0.5214844,48,53,50.4,2.073644135332772,50.0,PD-L1,77,RFdiffusion,SolubleMPNN,13,non_binder,0.9810247945785522,binder
bd803217-ca39-5ce2-aaa5-55c81e405e29,0.74298,0.83791,0.78472,0.03434496178480917,0.78065,0.77778,0.88889,0.822224,0.060857453364398954,0.77778,0.8627,1.626,1.32558,0.31373754477269683,1.4484,1.0664,2.2655,1.6259799999999998,0.44294808612296765,1.6141,0.66707194,0.8237894,0.7322813,0.067750104,0.693279,0.68710893,0.8274322,0.7433878,0.060111355,0.7108267,0.68710893,0.8237894,0.74009645,0.061074287,0.7108267,0.66707194,0.8274322,0.7355727,0.06736237,0.70609295,0.84256613,0.9275673,0.87948906,0.035908416,0.8642571,0.8677314,0.9299715,0.8962671,0.02515013,0.8881438,0.6506366,0.7417763,0.686977,0.04015121,0.6645755,94.32875,95.42261,94.920235,0.46747068,94.76861,88.0663,91.961075,89.85543,1.8845665,88.872475,3.1814773,4.5150685,3.919862,0.5646801,4.1735177,0.8520508,1.3632812,1.1326172,0.21207224,1.2304688,52,62,57.6,4.03732584763727,57.0,BBF-14,76,RFdiffusion3,SolubleMPNN,25,non_binder,0.9665635991096496,binder
bd8aae10-ed8e-564e-97c8-d13c619dc0b2,0.00556,0.76251,0.090113,0.23644447316441974,0.014345,0.0,0.625,0.0625,0.19764235376052372,0.0,0.9232,32.8274,20.5161,9.695384187677487,20.84625,2.1992,69.8681,43.156099999999995,20.503747120411376,42.939800000000005,0.0,0.010905618,0.0010905617,0.003448659,0.0,0.0,0.011305602,0.0011305602,0.0035751453,0.0,0.0,0.010905618,0.0010905617,0.003448659,0.0,0.0,0.011305602,0.0011305602,0.0035751453,0.0,0.21503372,0.84136903,0.61127913,0.2558491,0.6894535,0.65445566,0.8823725,0.77456313,0.10603922,0.7851151,0.0,0.05741448,0.009395865,0.018734725,0.0,63.026363,75.00042,68.79471,4.522884,68.67258,84.908356,85.65157,85.32622,0.23636313,85.304474,17.555038,27.394592,23.25521,3.9430592,25.235167,8.9453125,23.015625,17.20625,5.1587553,19.710938,45,135,68.9,30.541228964576177,53.0,Cas9,74,RFdiffusion3,SolubleMPNN,9,non_binder,0.2877095103263855,non_binder
bdff6b65-0561-5af0-b1ee-67c8bb3a66be,0.01977,0.70804,0.15721100000000002,0.28618705093192304,0.021664999999999997,0.0,0.69767,0.13644499999999998,0.28376484522106205,0.0,1.6384,29.2874,21.27781,10.489422669363435,24.90535,1.2703,35.7435,27.4775,13.834033478827978,34.30395,0.0,0.596588,0.26734725,0.24928293,0.27638364,0.0,0.7367696,0.36751914,0.30429602,0.4521625,0.0,0.82905596,0.42497745,0.35710362,0.5412211,0.0,0.596588,0.26734725,0.24928293,0.27638364,0.7189169,0.94693017,0.85324204,0.08341407,0.88290703,0.7719918,0.95623064,0.8841406,0.063269585,0.9056624,0.0,0.56516033,0.2804102,0.23785825,0.32479298,69.531845,77.517365,73.57039,3.098457,72.87845,82.470375,85.64348,84.18785,0.90543777,84.40497,5.6074862,23.756554,12.529207,7.1987495,9.086644,1.515625,14.2890625,6.351074,5.001597,4.03125,30,74,49.8,13.942740046346701,50.0,TNFa,90,PXDesign,SolubleMPNN,28,non_binder,0.7425445699691773,binder
bdff8902-191d-5883-b6a9-8b4be4645905,0.856,0.92872,0.879312,0.03019381012724297,0.86723,0.66667,0.91667,0.783334,0.09501432644606812,0.75,0.4634,0.6588,0.58278,0.07928112637948583,0.5869,0.8443,1.0676,0.9867000000000001,0.10020691093931594,1.0397,0.8108588,0.82713056,0.8214822,0.007684476,0.82659495,0.8570435,0.8708881,0.86495703,0.006019351,0.8648688,0.8570435,0.8708881,0.86495703,0.006019351,0.8648688,0.8108588,0.82713056,0.8214822,0.007684476,0.82659495,0.9280287,0.93524027,0.93271,0.003359614,0.9349876,0.945461,0.95013374,0.9481449,0.0019427547,0.94797367,0.6615382,0.6759347,0.6708291,0.00588649,0.6710883,94.502266,94.992516,94.79402,0.18492591,94.813576,95.61127,95.761505,95.69006,0.06049673,95.69729,4.1868,4.367753,4.2605247,0.07114902,4.2632794,0.6621094,0.72314453,0.68183595,0.02611871,0.66748047,18,20,19.4,0.8944271909999161,20.0,IL-7Ra,95,FreeBindCraft (BindCraft),SolubleMPNN,6,non_binder,0.9645168232917786,binder
be64cdfa-2f1d-59f5-bb07-62060426ae9d,0.08168,0.32483,0.22128399999999998,0.1228422994330536,0.2956,0.15254,0.20339,0.17966,0.019325973455430388,0.18644,6.5108,25.0945,13.46448,9.293381701888714,6.8376,4.8474,35.2211,16.43842,15.238983769497228,6.1767,0.46960515,0.7311115,0.61349267,0.098898545,0.60753745,0.6257432,0.7439588,0.69193006,0.04695365,0.6927297,0.6257432,0.7439588,0.69193006,0.04695365,0.6927297,0.46960515,0.7311115,0.61349267,0.098898545,0.60753745,0.8719462,0.95431507,0.92103827,0.03133438,0.92295426,0.6074608,0.64022607,0.61855876,0.014980912,0.6090429,0.4783776,0.55804044,0.5331372,0.032796767,0.5507006,87.139084,88.71693,87.98698,0.6237388,87.9324,86.34896,88.25919,87.19989,0.9719685,86.72005,12.884009,14.020277,13.367999,0.48882648,13.333603,1.1728516,2.4257812,1.6966797,0.4978288,1.7197266,27,59,41.2,13.608820668963201,45.0,EGFR,82,PXDesign,SolubleMPNN,26,non_binder,0.6443977558612823,binder
be8860c0-7866-5e51-8e03-bcbb0c392a19,0.04138,0.77493,0.542558,0.30097869645541364,0.61522,0.0,1.0,0.6,0.4183300132670378,0.5,0.621,9.3243,2.7902,3.6886040808143123,1.0186,5.8369,25.6548,10.68838,8.458957329777709,6.8603,0.0,0.1499749,0.102720656,0.06020296,0.130509,0.0,0.4797534,0.34439492,0.19632688,0.4292108,0.0,0.4797534,0.34439492,0.19632688,0.4292108,0.0,0.1499749,0.102720656,0.06020296,0.130509,0.18129602,0.56032753,0.44881216,0.15418199,0.5203532,0.848241,0.89823866,0.8825914,0.019883208,0.88894767,0.053163696,0.2750244,0.20064914,0.08731594,0.23626223,81.3224,87.01734,85.39957,2.3278763,86.07955,93.94713,95.65445,95.185356,0.7047197,95.39812,9.523155,17.603174,11.722509,3.3323462,10.26331,4.7617188,10.09375,6.215625,2.202975,5.2304688,15,26,20.2,4.969909455915671,18.0,MBP,65,PXDesign,SolubleMPNN,13,non_binder,0.8329357159137725,binder
bf0d82c8-11df-538b-b54b-4ecde8ef5d06,0.00853,0.68563,0.17775,0.1839713545938908,0.12751,0.0,0.56604,0.11886699999999999,0.16305062124996642,0.066035,1.3754,20.9837,7.92671,4.949656705144083,7.2865,1.9986,58.7397,16.86545,15.164387981514086,13.70215,0.0,0.5089195,0.060934942,0.16053887,0.0,0.0,0.73307306,0.0966787,0.23418882,0.0,0.0,0.73307306,0.095566586,0.23466618,0.0,0.0,0.5089195,0.062047053,0.16010778,0.0,0.16053198,0.83364767,0.30801466,0.20612775,0.22795928,0.7197053,0.93352556,0.8047404,0.057835553,0.80147195,0.0,0.5114099,0.072454706,0.1581414,0.01288891,86.03318,90.44259,87.44465,1.3074048,86.953766,83.13475,92.75609,88.66555,3.976443,89.85722,6.4848776,22.900404,17.704899,4.8739643,18.276684,2.4746094,16.40625,11.645899,4.2934813,11.753906,34,58,48.7,9.214119599831553,52.0,Nipah-G,97,RFdiffusion3,SolubleMPNN,25,non_binder,0.5786251056194306,binder
bf657986-304d-5f4d-a439-d328f461b108,0.0075,0.03331,0.017425000000000003,0.009454962541790774,0.016345,0.0,0.0,0.0,0.0,0.0,13.3641,31.1093,22.36355,6.990633755763652,21.416249999999998,27.4501,59.2281,43.07351,12.711672257631744,41.03615,0.0,0.0,0.0,0.0,0.0,0.0,0.0,0.0,0.0,0.0,0.0,0.0,0.0,0.0,0.0,0.0,0.0,0.0,0.0,0.0,0.21884063,0.84463334,0.53316057,0.31791854,0.5350488,0.62772185,0.88344085,0.76319796,0.11702848,0.76280785,0.0,0.0,0.0,0.0,0.0,73.38567,79.769424,76.811646,2.5710263,77.217606,84.713905,85.971985,85.30638,0.4014296,85.222496,19.221678,27.987196,25.479935,2.3890648,25.847645,12.671875,22.6875,18.365625,2.6731508,18.398438,21,100,55.0,26.05123157677323,54.0,Cas9,82,Proteina-Complexa,SolubleMPNN,12,non_binder,0.4598618149757385,non_binder
bf6b2cc5-732b-5528-864b-b67163f0c464,0.02044,0.27309,0.137704,0.12407278779454868,0.121385,0.0,0.7619,0.34762,0.36957300033657453,0.285715,13.239,17.0733,15.581459999999998,1.1756462045284792,15.265799999999999,28.5494,37.2426,35.12621,2.5793353654898534,36.19485,0.035533275,0.8614884,0.48659888,0.37260363,0.48535776,0.06334683,0.9283835,0.57884717,0.3650736,0.6457909,0.06334683,0.8614884,0.5402363,0.32753244,0.5808753,0.035533275,0.9283835,0.5252098,0.41162714,0.55027336,0.78979135,0.97606486,0.8901439,0.08540304,0.89585364,0.77262425,0.8393285,0.8123869,0.024639964,0.82226366,0.16032279,0.79625905,0.49335065,0.30000827,0.49014407,86.56437,95.12595,91.53758,3.5671155,92.00818,79.48044,85.37314,82.659775,1.8659103,81.882645,6.0560884,16.222248,10.207688,3.7288477,9.529087,0.41235352,5.5,2.360498,2.0774226,1.8686523,20,37,29.8,6.0699624747146865,31.0,RBX1,67,Proteina-Complexa,SolubleMPNN,13,non_binder,0.8356776010990141,binder
bfad439b-2052-50ef-ab39-3de7142bc1bc,0.01783,0.01923,0.018906,0.0006032661104355199,0.01914,0.0,0.0,0.0,0.0,0.0,10.1255,11.3245,10.43622,0.5034323658645719,10.2654,43.5314,43.9795,43.75232,0.19666949941462902,43.8331,0.12674145,0.6809649,0.3929607,0.22050999,0.3228084,0.28366745,0.8051924,0.5531573,0.20689201,0.51207834,0.28366745,0.8051924,0.5531573,0.20689201,0.51207834,0.12674145,0.6809649,0.3929607,0.22050999,0.3228084,0.4005892,0.8751508,0.6611896,0.1870549,0.6391445,0.6744109,0.9225182,0.80803096,0.09635478,0.7893478,0.29182953,0.7189327,0.53884894,0.16595241,0.5261804,81.64412,85.84812,84.20872,1.5500947,84.53353,88.63033,90.518135,89.15318,0.78216714,88.90838,3.7000527,9.273118,5.9945097,2.1581345,6.00439,0.9785156,3.9648438,2.2916017,1.1552213,2.3554688,16,37,26.8,8.318653737234168,29.0,BBF-14,74,FreeBindCraft (BindCraft),designed jointly by the structure model (native co-design),14,non_binder,0.6840741312503814,binder
bfd72d03-7bf4-5ccd-9bd0-0dd43191a286,0.55623,0.62638,0.584418,0.02152041552676076,0.58361,0.52239,0.73913,0.599481,0.06725645453535792,0.5746249999999999,2.5378,3.5379,3.26552,0.31490726606768255,3.3857,0.9864,1.7265,1.30196,0.2618220863275077,1.2142499999999998,0.51959103,0.84697247,0.67470866,0.14686821,0.68682736,0.7772261,0.8478594,0.80300534,0.022157922,0.7984699,0.7772261,0.89538145,0.8337423,0.046774134,0.8372778,0.51959103,0.84697247,0.67470866,0.14686821,0.68682736,0.949161,0.97762346,0.9630989,0.010286938,0.9636147,0.96078926,0.98161805,0.9710161,0.007081682,0.9708613,0.5050674,0.6647036,0.5781215,0.062694184,0.5814059,90.71221,96.97616,94.8524,2.1134093,95.50529,95.84881,96.88647,96.203384,0.34179342,96.12659,4.2279544,6.274837,5.331015,0.7540065,5.329047,0.65722656,2.296875,1.3894043,0.6843911,1.3103027,49,56,52.9,2.514402955419482,53.0,15-PGDH,100,RFdiffusion,SolubleMPNN,30,non_binder,0.9565025043487547,binder
c0043a87-2ee1-5776-95b8-cf6558e2d94e,0.25809,0.32958,0.301842,0.035678693501864686,0.32573,0.65217,0.82609,0.756522,0.09525990720129848,0.82609,8.4157,9.5527,8.810239999999999,0.44000872491349535,8.7433,21.7133,25.7824,23.04834,1.6071879286505353,22.7248,0.3917052,0.74085206,0.63905394,0.14103107,0.67870295,0.5657711,0.76112896,0.71527725,0.08406424,0.75046843,0.5657711,0.76112896,0.71527725,0.08406424,0.75046843,0.3917052,0.74085206,0.63905394,0.14103107,0.67870295,0.83510685,0.9558362,0.924273,0.05030366,0.9408132,0.6038677,0.7351972,0.6376016,0.054989573,0.61318994,0.31576604,0.57098347,0.5087377,0.10829499,0.55062824,83.86215,89.14295,87.77374,2.2211142,88.72202,85.003746,87.72875,87.067444,1.1578867,87.53895,10.939708,14.401712,13.372498,1.3918297,13.888873,1.1357422,2.6132812,1.5087891,0.6222776,1.2802734,22,53,33.0,11.726039399558575,30.0,EGFR,80,RFdiffusion3,SolubleMPNN,13,non_binder,0.8642554748058319,binder
c057b965-74b3-58d6-975a-8dad6b0e84df,0.02145,0.07393,0.033096,0.022882086443329418,0.02335,0.0,0.15789,0.031578,0.07061055459348835,0.0,11.5499,13.9887,13.121979999999999,1.1393272914312191,13.8738,33.8599,36.1705,35.4111,0.9540039805996622,35.9272,0.0,0.16528848,0.033057697,0.07391925,0.0,0.0,0.48895097,0.0977902,0.21866553,0.0,0.0,0.48895097,0.0977902,0.21866553,0.0,0.0,0.16528848,0.033057697,0.07391925,0.0,0.124960564,0.53001106,0.23344088,0.16761814,0.16271755,0.81713855,0.88673294,0.8356477,0.028864551,0.825271,0.0,0.29507038,0.06785144,0.12764047,0.01358787,75.528015,77.94682,76.70369,1.0644815,76.48778,94.41072,95.08648,94.82162,0.28111824,94.787254,9.48562,21.730162,17.498203,4.7221446,19.142988,4.2460938,13.03125,10.419531,3.5546505,11.484375,16,45,31.0,11.575836902790225,28.0,MBP,80,PXDesign,Caliby (SolubleCaliby),7,non_binder,0.3352014267444611,non_binder
c0f0e6c5-5089-52f9-bb6c-aef3ed40c973,0.0189,0.04119,0.025707999999999998,0.007866821749883774,0.02316,0.0,0.00043,4.3e-05,0.0001359779393872403,0.0,10.7637,27.5312,20.65538,6.0326785182039995,20.97115,24.8801,37.1424,31.862540000000003,4.747273199357008,33.241299999999995,0.0,0.011100209,0.0011100209,0.0035101944,0.0,0.0,0.011312336,0.0011312335,0.0035772747,0.0,0.0,0.011100209,0.002136309,0.0045080567,0.0,0.0,0.011324302,0.0011324303,0.0035810587,0.0,0.5802383,0.78871036,0.70114195,0.09185811,0.736135,0.6643585,0.8411056,0.76660013,0.078219324,0.79392004,0.0,0.055298977,0.008933248,0.019488536,0.0,74.05553,77.577576,75.57509,1.1467644,75.38885,83.47711,88.18329,85.79057,1.8738455,85.80249,15.574778,25.209646,22.66969,3.5182307,24.3002,8.75,16.859375,14.182813,2.9687276,15.058594,14,43,23.8,8.243515970479804,20.5,TNFa,85,PXDesign,SolubleMPNN,31,non_binder,0.3345517915487289,non_binder
c1042a71-916e-52a9-9cd8-9bfdcefe8e8a,0.59421,0.73772,0.6615040000000001,0.04442889830329405,0.673635,0.55556,0.68421,0.632166,0.05686060503058725,0.66667,1.1074,1.9451,1.49893,0.3445395737631438,1.4584000000000001,2.8447,4.2384,3.6946,0.4169478171452901,3.7135,0.7431775,0.86713177,0.8080262,0.0523714,0.81384075,0.7643113,0.8681159,0.8204101,0.04197298,0.82352906,0.7643113,0.86713177,0.819461,0.04109008,0.8216928,0.7431775,0.86977184,0.81107414,0.05551812,0.81687427,0.91352504,0.92675817,0.92054045,0.005054702,0.9217347,0.91074187,0.9372449,0.9252098,0.009587346,0.9246902,0.6157268,0.7118672,0.66746587,0.039022077,0.66820186,94.52367,96.1184,95.233185,0.58947295,95.20089,95.773315,96.39528,96.07715,0.18968195,96.05107,3.670539,5.0523467,4.3099213,0.5479276,4.3064747,0.5883789,1.1191406,0.8294922,0.23380224,0.80444336,17,24,20.6,2.547329756605707,20.0,VEGF-A,90,Genie3,SolubleMPNN,7,binder,0.9483373641967773,binder
c11f5a4d-2ab6-52c0-beba-a55790fc16f8,0.78432,0.87953,0.838948,0.036503891162450064,0.84116,0.58824,0.82353,0.729412,0.09842946647219014,0.70588,0.6757,0.7636,0.723,0.043156401610885034,0.7329,1.0027,1.5347,1.3111599999999999,0.2689467382215297,1.4812,0.82556516,0.85869503,0.84376943,0.01290383,0.84463066,0.895114,0.9116934,0.90518534,0.006262828,0.90575266,0.895114,0.9116934,0.90518534,0.006262828,0.90575266,0.82556516,0.85869503,0.84376943,0.01290383,0.84463066,0.9632338,0.9712269,0.96764976,0.0031214508,0.96784,0.9660537,0.96934557,0.9683355,0.0013598062,0.96881574,0.73455477,0.75264496,0.7447073,0.0075331964,0.7423461,92.989876,93.45777,93.21763,0.20621215,93.14086,96.976616,97.1739,97.09797,0.07391985,97.1203,3.153521,3.3740084,3.2474122,0.09223586,3.2704265,0.7915039,0.9145508,0.8453125,0.05146262,0.8227539,33,42,37.4,3.286335345030997,38.0,MBP,80,PXDesign,SolubleMPNN,9,non_binder,0.98043155670166,binder
c1a89786-1b72-56a0-8391-42070ae5a432,0.57274,0.76608,0.664327,0.07003001642946477,0.638305,0.8,0.85714,0.82857,0.03011542425033686,0.82857,1.1317,2.5593,1.80055,0.5407351277042517,1.86875,4.1991,6.1335,5.188750000000001,0.5932391034725284,5.20875,0.59696764,0.8502664,0.75847375,0.080958135,0.75457364,0.7240749,0.8542024,0.8042978,0.037832934,0.8008989,0.7240749,0.87376136,0.819077,0.047867898,0.82259077,0.59696764,0.8502664,0.75847375,0.080958135,0.75457364,0.8889455,0.9305476,0.9188298,0.011670276,0.9208126,0.9018931,0.9437471,0.9293917,0.011854904,0.93106234,0.5956115,0.715806,0.66749185,0.036275722,0.66526496,92.982315,94.904106,94.1762,0.68622,94.43251,95.08591,96.120346,95.74364,0.32609937,95.78812,3.7064779,5.40657,4.396846,0.50803715,4.468302,0.54345703,1.3066406,0.7980957,0.2470831,0.76782227,27,32,29.7,1.5670212364724216,30.0,VEGF-A,76,FreeBindCraft (BindCraft),SolubleMPNN,9,binder,0.9605100727081298,binder
c1cab288-8a3c-5e24-8ff3-b1d87ce246a6,0.00886,0.87503,0.409995,0.4206649846044025,0.38957,0.0,0.83333,0.391666,0.41583156312782865,0.333335,0.7148,23.2012,10.792,10.582207714839093,9.5398,1.3093,56.1117,25.91329,24.952923537843102,23.6131,0.0,0.26027575,0.09482935,0.107996635,0.06337734,0.0,0.5465054,0.22405323,0.24523652,0.1609672,0.0,0.5465054,0.22405323,0.24523652,0.1609672,0.0,0.26027575,0.09482935,0.107996635,0.06337734,0.72854745,0.86607695,0.8150625,0.04516713,0.8268559,0.65814215,0.8830392,0.77676094,0.101081334,0.7750565,0.0,0.32540274,0.13250415,0.14435288,0.103391446,71.045074,85.527466,79.11045,5.311902,79.25323,85.16082,87.91468,86.65603,1.061214,86.705925,16.46966,25.706667,21.038164,4.090284,20.458843,3.5878906,17.78125,10.042383,5.879008,8.949219,25,66,41.5,11.955937622973972,42.0,Cas9,66,BoltzGen,designed jointly by the structure model (native co-design),7,non_binder,0.5982282996177674,binder
c21e9c4b-1106-5331-87a0-b4160b4fed3c,0.79446,0.89602,0.8198399999999999,0.04281498744598672,0.80206,0.71429,0.92857,0.785714,0.08747944375680497,0.78571,0.8057,1.046,0.94148,0.09703510704894391,0.9339,1.1043,2.3131,1.77534,0.47940554126960194,1.9815,0.35312143,0.42371064,0.4009189,0.028681198,0.41299847,0.45950598,0.5243441,0.4917527,0.02600676,0.49098107,0.45950598,0.5243441,0.4917527,0.02600676,0.49098107,0.35312143,0.42371064,0.4009189,0.028681198,0.41299847,0.6258065,0.6885962,0.66934633,0.026191123,0.68214744,0.7947581,0.8326463,0.81644696,0.013936619,0.8190672,0.5034582,0.5565679,0.5298406,0.020119615,0.52913487,92.19566,92.440285,92.34963,0.10919893,92.41203,90.17696,90.39521,90.33202,0.08848304,90.35468,5.5354447,6.243265,5.886505,0.2600612,5.8928933,2.328125,2.7402344,2.4628906,0.18189771,2.3613281,29,37,34.0,2.9999999999999996,35.0,BBF-14,66,Proteina-Complexa,SolubleMPNN,16,non_binder,0.9496892642974852,binder
c22a6d9b-6651-5167-9547-b72207e11d86,0.68938,0.7943,0.727752,0.04588862952845729,0.7038,0.57143,0.78571,0.6642859999999999,0.09312987426169975,0.67857,1.0135,1.2875,1.14704,0.10043145921473018,1.1452,2.4328,3.8585,3.00892,0.5467301226382172,2.9472,0.77169794,0.8455715,0.8027481,0.02738615,0.8002507,0.81617045,0.8615799,0.8354462,0.019003015,0.82983017,0.81617045,0.8615799,0.8354462,0.019003015,0.82983017,0.77169794,0.8455715,0.8027481,0.02738615,0.8002507,0.9236408,0.9517187,0.9355935,0.010401491,0.93491083,0.94222695,0.95125175,0.947875,0.0039037706,0.9497297,0.6885689,0.7161641,0.7042354,0.012077319,0.70813483,94.335686,95.47213,94.9172,0.43200064,94.994644,96.14411,96.40121,96.27803,0.10452758,96.27397,3.8041666,4.095212,3.9311364,0.14450058,3.8389964,0.6147461,0.71972656,0.66083986,0.0475261,0.6328125,30,35,32.2,2.16794833886788,31.0,IL-7Ra,79,Proteina-Complexa,designed jointly by the structure model (native co-design),21,non_binder,0.9676413106918335,binder
c26b3c6e-a573-5ded-9dc8-04ec937ddc8f,0.83288,0.88326,0.850376,0.021698698808914823,0.84143,0.6875,0.8125,0.75625,0.051348989766109326,0.78125,0.5551,0.7749,0.69984,0.0883803598091793,0.7299,0.8968,1.8728,1.34584,0.3676464918913276,1.3717,0.6575817,0.7414832,0.7074286,0.038340118,0.7248079,0.6643923,0.7712991,0.7388657,0.04498598,0.76296896,0.6575817,0.7712991,0.7375036,0.047818612,0.76296896,0.6643923,0.7414832,0.70879066,0.036186986,0.7248079,0.9249769,0.94497216,0.93643606,0.010383486,0.94272745,0.6226028,0.85871637,0.70718586,0.10430754,0.6429473,0.37220177,0.55265903,0.49736205,0.07430534,0.51596427,83.134415,86.73495,85.13829,1.8073173,86.12326,85.90273,88.29383,87.21367,1.1879551,87.81147,7.9293737,14.247752,11.812526,2.7759027,13.420425,0.9980469,1.4375,1.1771485,0.18309128,1.1728516,23,55,37.6,13.408952233489387,33.0,EGFR,97,FreeBindCraft (BindCraft),SolubleMPNN,20,binder,0.9431523156166075,binder
c29097fd-ea46-5842-8b8f-b38ad7e732ae,0.01486,0.27871,0.129683,0.12203140852984438,0.11392,0.0,0.525,0.2575,0.2715822977376185,0.25,9.3963,19.1788,15.140189999999999,4.306390487132659,17.20525,13.4065,42.4706,30.020729999999997,13.04453205770738,33.2659,0.0,0.84881234,0.39987403,0.42035815,0.3803211,0.0,0.9308027,0.44502217,0.46735704,0.42460194,0.0,0.84881234,0.39996642,0.42026317,0.38078287,0.0,0.9308027,0.44492978,0.46745232,0.42414016,0.70728326,0.96816957,0.8328991,0.119910605,0.8293822,0.6879521,0.8606546,0.7749113,0.07113304,0.76715016,0.0069986978,0.77158993,0.37556463,0.37047216,0.3600362,82.967125,93.09153,87.734146,4.3094463,87.55322,70.596596,81.4818,77.170876,3.210283,78.12932,6.3866844,20.941044,13.647606,6.592027,13.562862,0.39208984,11.8046875,5.689575,5.5631056,4.5043945,25,41,35.2,5.6134758493389025,37.5,RBX1,96,PXDesign,SolubleMPNN,24,binder,0.7515162706375121,binder
c2cbe461-f20b-5453-8e1c-1c85a46e555d,0.87299,0.89867,0.883676,0.010178633503570107,0.88246,0.83333,0.875,0.8416640000000001,0.018635390524483292,0.83333,0.5908,0.6884,0.6403800000000001,0.03593441247606533,0.639,1.4927,1.8246,1.64668,0.13619235294244686,1.6186,0.7572334,0.79288274,0.7818034,0.014140738,0.7874689,0.89195454,0.9080048,0.8990364,0.006003996,0.8995469,0.7572334,0.79288274,0.7818034,0.014140738,0.7874689,0.89195454,0.9080048,0.8990364,0.006003996,0.8995469,0.96047515,0.96681297,0.9632513,0.0023694164,0.96341085,0.90421784,0.92228556,0.91582584,0.0070417183,0.9189421,0.6775587,0.69893265,0.693118,0.008855925,0.696253,96.041374,96.66897,96.40166,0.283941,96.529686,83.74638,90.73899,87.28988,2.478055,87.19021,4.6981583,5.064822,4.8202987,0.14485072,4.790169,0.51904297,0.57714844,0.5466797,0.024764573,0.5488281,25,27,26.0,1.0,26.0,TREM2,85,Genie3,SolubleMPNN,8,binder,0.9729958724975585,binder
c3000597-3776-5006-954f-29d115de30f7,0.87658,0.91879,0.89878,0.016206620560746166,0.89583,0.75,0.8125,0.7875,0.03423265984407287,0.8125,0.3261,0.5232,0.42774,0.08716643849555859,0.4268,0.8013,1.3516,1.0033400000000001,0.24453388926690714,0.8968,0.63693106,0.6896345,0.6643985,0.024359379,0.66216564,0.7358939,0.7956859,0.74966085,0.025967224,0.7364294,0.63693106,0.6896345,0.6643985,0.024359379,0.66216564,0.7358939,0.7956859,0.74966085,0.025967224,0.7364294,0.9278371,0.94766045,0.9324602,0.008584114,0.9282122,0.7861913,0.88160014,0.8345197,0.035818603,0.83654064,0.63034934,0.7021522,0.6550107,0.02948256,0.64623404,92.62713,94.43809,93.43199,0.84901154,92.98471,82.22695,85.44147,84.1867,1.2404268,84.563095,5.3630576,8.697174,6.7331185,1.2333819,6.3452883,0.7529297,0.9243164,0.875,0.07039299,0.89160156,14,23,17.4,3.361547262794322,17.0,TREM2,56,RFdiffusion3,SolubleMPNN,12,binder,0.9654892754554747,binder
c32acd82-7efb-5b68-85b5-afcad4b865ce,0.51235,0.60256,0.558886,0.03248389864396065,0.555565,0.0,0.0,0.0,0.0,0.0,0.6008,1.2892,0.8972899999999999,0.28363517823664486,0.8806,1.1811,3.3614,2.0793600000000003,0.7185340155869836,1.86225,0.77528363,0.8168527,0.7994736,0.013288927,0.7983437,0.8046482,0.8523785,0.83094263,0.01802866,0.8340136,0.8344007,0.8971558,0.8696868,0.02604903,0.86980987,0.77528363,0.8168527,0.7994736,0.013288927,0.7983437,0.9002078,0.936439,0.91763955,0.014250432,0.9178929,0.91896516,0.93400407,0.92561275,0.0056337793,0.9258907,0.662923,0.7060167,0.6873643,0.013280918,0.68831885,92.19828,95.79986,94.30656,1.2392372,94.25874,96.855385,97.24326,97.008316,0.13133425,96.96448,3.6841927,4.51479,4.137871,0.30575597,4.065646,0.5527344,0.8857422,0.70708007,0.14281286,0.701416,19,26,20.7,2.110818693198342,20.0,VEGF-A,100,RFdiffusion,SolubleMPNN,24,non_binder,0.8664216458797455,binder
c33928f7-a8de-5f6f-a830-741ddf84d9ab,0.92052,0.95692,0.948564,0.015721136409305777,0.95538,0.93333,0.96667,0.9466660000000001,0.018261070067222284,0.93333,0.3626,0.6682,0.47256,0.12310529233140224,0.4635,0.6704,0.8291,0.76468,0.0632916819179266,0.7933,0.9288839,0.9372977,0.93399507,0.003484616,0.93331355,0.9370055,0.94732034,0.9425432,0.003983719,0.9427771,0.9370055,0.94732034,0.9425432,0.003983719,0.9427771,0.9288839,0.9372977,0.93399507,0.003484616,0.93331355,0.96979296,0.9735335,0.9720718,0.0015485615,0.9717713,0.9746222,0.97862613,0.97692573,0.0016778599,0.97688985,0.7667206,0.77910465,0.7735373,0.00490004,0.77357036,96.97532,97.104965,97.04273,0.05534517,97.041916,93.94,94.7133,94.51216,0.3248299,94.612,2.9717271,3.1819665,3.0708356,0.08344995,3.0569377,0.3503418,0.3696289,0.35737306,0.007973724,0.3552246,54,58,56.2,1.4832396974191326,56.0,BHRF1,107,BoltzGen,SolubleMPNN,13,non_binder,0.9690495204925536,binder
c34be503-1c22-565b-bee0-4ef9ada20dcb,0.66308,0.7038,0.688076,0.019162665002551132,0.69823,1.0,1.0,1.0,0.0,1.0,2.8059,3.1001,2.93342,0.14511129177290089,2.8391,2.961,4.2562,3.4665999999999997,0.5872704998550499,3.1914,0.32254845,0.41071302,0.34787098,0.036120076,0.33834448,0.6298482,0.70659864,0.6577444,0.030455273,0.6488019,0.6298482,0.70659864,0.6577444,0.030455273,0.6488019,0.32254845,0.41071302,0.34787098,0.036120076,0.33834448,0.7073752,0.7766298,0.72780085,0.02824401,0.7214371,0.9071193,0.9184474,0.9115842,0.004170333,0.9109877,0.43324178,0.49134874,0.45600694,0.022172155,0.4479021,85.91003,89.957695,87.42608,1.5970104,87.34529,93.65218,95.21492,94.50104,0.56027377,94.55662,6.666134,7.3821373,7.158023,0.29055426,7.2812347,2.5175781,3.1445312,2.9199219,0.24048038,3.0,37,49,41.0,4.949747468305832,40.0,MBP,85,BoltzDesign1,Caliby (SolubleCaliby),23,non_binder,0.9016691231727599,binder
c3713186-b528-4eb7-86cb-83b6d6ac4bc3,0.55488,0.66545,0.594182,0.0371547193951634,0.58857,0.47706,0.64516,0.525096,0.05255362175911378,0.5103599999999999,1.7998,2.3866,2.07735,0.2483955593179736,2.0758,2.1193,3.3091,2.65505,0.406174175146027,2.56075,0.48363554,0.85426253,0.6988766,0.14034207,0.7164967,0.7315376,0.8614232,0.8139855,0.03828848,0.8209493,0.7315376,0.93376756,0.8553336,0.0762821,0.8667024,0.48363554,0.85426253,0.6988766,0.14034207,0.7164967,0.9433578,0.97430485,0.9591713,0.010481834,0.95756215,0.9523179,0.9761003,0.9638468,0.008265299,0.96168554,0.5325503,0.718943,0.6369549,0.0671155,0.6421377,86.56389,91.83008,89.53168,2.2798345,89.99053,88.90492,90.150475,89.31582,0.36969444,89.18109,3.8812156,6.46497,5.108081,0.87881815,5.2566223,0.6611328,2.3320312,1.2562011,0.6061847,1.104248,36,52,42.9,4.43345864484553,42.0,TNFa,80,PXDesign,SolubleMPNN,40,non_binder,0.9545818996429443,binder
c3f7c307-83f2-5c41-b485-68d362628ab4,0.21705,0.92451,0.755594,0.3017108132467247,0.87957,0.375,0.875,0.7125,0.1956559480312316,0.75,0.4688,9.141,2.2366599999999996,3.8598835174134467,0.5107,0.7505,14.725,3.9294399999999996,6.044796159755927,1.2838,0.23318659,0.27394214,0.2589894,0.015977958,0.25871024,0.37302238,0.43919793,0.40428,0.025484862,0.4101828,0.37302238,0.43919793,0.40428,0.025484862,0.4101828,0.23318659,0.27394214,0.2589894,0.015977958,0.25871024,0.5162466,0.57006997,0.5375947,0.022254072,0.5412306,0.72186047,0.75871086,0.7469956,0.015621518,0.7541139,0.47264707,0.5100957,0.49368757,0.013836198,0.49739254,92.57297,93.2648,93.02087,0.27998662,93.134865,81.4685,92.1399,89.60011,4.571274,91.71133,6.298227,7.270969,6.560762,0.42098808,6.3058743,2.8574219,3.2167969,3.0296874,0.1331381,3.0351562,20,24,22.8,1.6431676725154984,23.0,TrkA,66,Proteina-Complexa,SolubleMPNN,10,non_binder,0.9144481539726257,binder
c3f8c2fe-5b83-5af2-9f9b-9f97a6742ccf,0.57965,0.92141,0.829574,0.14092724374655172,0.88061,0.0,1.0,0.8,0.4472135954999579,1.0,0.7186,0.9316,0.84676,0.08926157067854001,0.8674,1.7588,2.9629,2.29496,0.47696202469379045,2.3184,0.7205432,0.8037861,0.754124,0.03919116,0.7335392,0.74258155,0.82150376,0.773872,0.03811001,0.7485981,0.74258155,0.82150376,0.773872,0.03811001,0.7485981,0.7205432,0.8037861,0.754124,0.03919116,0.7335392,0.8665531,0.91166615,0.884435,0.021578386,0.87273943,0.90583235,0.93937075,0.9199435,0.015758883,0.9102797,0.7176314,0.76990104,0.7366354,0.025078615,0.7204437,95.67736,96.099815,95.86119,0.21521944,95.72801,94.817535,95.850494,95.37961,0.3853737,95.49082,3.2505121,3.8095682,3.5654461,0.24037544,3.6658583,0.89697266,1.1660156,1.0050781,0.10732228,1.0224609,31,38,34.6,3.0495901363953815,35.0,TrkA,75,PXDesign,Caliby (SolubleCaliby),28,non_binder,0.9821352171897888,binder
c3f90659-0998-5132-a6a4-e6bc2a4229e9,0.00952,0.63381,0.313734,0.3206721142711214,0.30726,0.0,0.8125,0.38125,0.40230455917542535,0.375,0.4524,16.1471,8.279259999999999,8.206195949430189,8.22705,14.237,59.4861,38.74289,21.807211063185804,41.3064,0.101910174,0.86578673,0.5012599,0.37317345,0.5253839,0.19963007,0.92395663,0.5945192,0.3365263,0.65437883,0.19963007,0.86578673,0.56734055,0.30828974,0.63048327,0.101910174,0.92395663,0.52843857,0.40181696,0.54927945,0.7730149,0.97044116,0.88303816,0.08769496,0.8989995,0.76095086,0.8446887,0.8146299,0.031686723,0.82664937,0.15482235,0.7740516,0.4739574,0.30176246,0.49050897,82.22797,93.406715,87.89691,5.506672,88.25061,77.32021,82.71384,79.97124,2.466587,80.06091,7.2740726,14.718524,10.589796,3.1039362,9.943771,0.3720703,5.5273438,2.6501708,2.3891833,2.2839355,22,27,24.4,1.4298407059684812,25.0,RBX1,78,Genie3,SolubleMPNN,13,binder,0.774293018579483,binder
c48af7b4-a8e9-52bc-a293-7cd80242ee97,0.00581,0.03244,0.00965,0.008136899491411536,0.006395,0.0,0.0,0.0,0.0,0.0,14.3152,31.0686,27.289089999999998,5.272680798111884,29.88025,27.6311,68.6387,59.129949999999994,12.353558787225829,65.09450000000001,0.0,0.0,0.0,0.0,0.0,0.0,0.0,0.0,0.0,0.0,0.0,0.0,0.0,0.0,0.0,0.0,0.0,0.0,0.0,0.0,0.16788208,0.83738345,0.502898,0.33265877,0.51173,0.6268883,0.87419313,0.74586964,0.11948783,0.73910785,0.0,0.0,0.0,0.0,0.0,78.14844,85.20352,80.31456,2.1852582,79.59793,84.04591,85.81113,85.19724,0.49705237,85.255714,26.230495,29.160994,28.054148,1.0201651,28.38055,17.703125,25.546875,22.29375,2.4307332,22.101562,27,59,41.7,9.165757530674217,41.0,Cas9,80,PXDesign,Caliby (SolubleCaliby),25,non_binder,0.3579123145341873,non_binder
c48ea496-5070-5523-9ce5-b9a3e017a70e,0.01182,0.01597,0.013889000000000002,0.0014251506742953338,0.014124999999999999,0.0,0.0,0.0,0.0,0.0,11.8802,17.5793,14.025780000000001,1.9879321332033,13.2112,46.2931,50.4827,48.54371,1.3578940806754154,48.664249999999996,0.0,0.715309,0.16673808,0.24289155,0.061051063,0.0,0.73587334,0.1925134,0.25533757,0.08082822,0.0,0.715309,0.18983835,0.2505044,0.08082822,0.0,0.73587334,0.16941315,0.24815002,0.061051063,0.29092664,0.8779203,0.6376446,0.20554557,0.7343662,0.48003283,0.8866959,0.7010931,0.12092747,0.7283877,0.0,0.65128237,0.21292982,0.2268943,0.14040358,69.42617,90.22018,80.11088,7.8928995,81.84332,65.11754,77.899536,73.8813,4.4758415,75.753395,4.3800693,22.88427,14.700383,6.435414,14.976595,1.0742188,13.0234375,6.9271483,4.1024375,6.576172,24,47,33.8,7.083627444874397,34.0,RBX1,80,Genie3,SolubleMPNN,16,non_binder,0.5086487960815429,binder
c4a3bd26-95be-5f56-9d7d-c5a20cbe8f5c,0.88886,0.94357,0.905138,0.022095657265625773,0.89534,0.76,0.96,0.8320000000000001,0.07694153624668533,0.8,0.4046,0.4883,0.4436,0.03436131545793902,0.4359,1.3781,1.81,1.63488,0.16948524124536618,1.6452,0.8931675,0.9018576,0.89904547,0.0035693406,0.90078586,0.92570144,0.9353534,0.9307622,0.0035012928,0.9308371,0.92570144,0.9353534,0.9307622,0.0035012928,0.9308371,0.8931675,0.9018576,0.89904547,0.0035693406,0.90078586,0.96175826,0.96703696,0.9645441,0.0019103606,0.9645637,0.9689959,0.9726328,0.970916,0.0013270853,0.97073996,0.7820234,0.7950077,0.7900797,0.005082442,0.7899715,97.82268,98.04662,97.95213,0.08245395,97.95422,97.17838,97.437546,97.37135,0.10868669,97.40741,2.6278396,2.8170009,2.704507,0.07142532,2.7069104,0.39379883,0.4165039,0.40561524,0.009503626,0.40722656,35,39,37.0,1.58113883008419,37.0,TrkA,102,RFdiffusion3,SolubleMPNN,12,binder,0.97718510389328,binder
c4b8ab44-3fee-5fe3-ac9d-c77b4ea42c4e,0.22977,0.32417,0.26677,0.0383301271847616,0.25596,0.24138,0.31034,0.262068,0.030839849545677096,0.24138,2.7607,2.9152,2.8515,0.056071784348279814,2.8602,8.2483,15.5702,12.9167,3.11388471767983,14.3362,0.0,0.21016312,0.06250455,0.08405843,0.0,0.0,0.3608765,0.11548059,0.15234889,0.0,0.0,0.3608765,0.11548059,0.15234889,0.0,0.0,0.21016312,0.06250455,0.08405843,0.0,0.5286147,0.73578244,0.62015975,0.079620495,0.63643825,0.57686853,0.7612204,0.66336584,0.071564555,0.6801512,0.0,0.21000507,0.06737109,0.08461761,0.011702581,74.28741,91.65437,82.07707,7.4260397,81.259674,73.61718,82.92355,77.89844,3.4931035,78.14023,15.547896,27.237366,21.053225,4.627628,20.549606,4.9023438,19.15625,11.84375,5.541458,12.359375,37,77,53.9,15.772338655591525,47.5,Latent GDF-8,100,RFdiffusion3,SolubleMPNN,11,binder,0.41793369412422177,non_binder
c5074245-01b9-5b14-9105-5982ec6657fd,0.91957,0.95955,0.940118,0.014287017533411257,0.93951,0.90909,1.0,0.981818,0.040656187966901194,1.0,0.5322,0.6806,0.62428,0.060919717661853945,0.6268,0.8345,1.2216,0.98224,0.15264079729875626,0.9434,0.6832191,0.74237406,0.706566,0.02320112,0.69881445,0.7132726,0.75319093,0.7273101,0.015442703,0.72258115,0.6832191,0.75319093,0.7160214,0.028204821,0.72258115,0.69881445,0.74237406,0.7178547,0.015751394,0.715496,0.9447268,0.95451444,0.94923466,0.003508117,0.9487818,0.6290021,0.76392037,0.7180397,0.055009067,0.7246731,0.38344717,0.55787075,0.4506406,0.07876093,0.41883746,88.532394,89.933716,89.0021,0.540213,88.882774,88.62464,90.56225,89.053406,0.844972,88.71959,9.583861,13.699033,10.82337,1.6900682,10.30623,1.0605469,1.2431641,1.159375,0.06624233,1.1650391,36,63,55.6,11.171392035015154,61.0,EGFR,84,RFdiffusion3,SolubleMPNN,32,binder,0.9667140698432921,binder
c59d2d26-ab11-5d18-8b82-09c0ebf79d43,0.03132,0.54587,0.218742,0.24076983249568457,0.035165,0.0,0.39286,0.14660800000000002,0.18283026201005856,0.0125,2.0305,15.2005,9.9351,6.593674300250035,14.75105,2.9625,28.795,18.37227,12.494023920263283,27.4085,0.0,0.44579402,0.22698848,0.15259975,0.2761715,0.010918335,0.6667525,0.3526508,0.23961386,0.3257923,0.010918335,0.6667525,0.40650764,0.24265218,0.5333329,0.0,0.44579402,0.22698848,0.15259975,0.2761715,0.73886096,0.9321867,0.8469528,0.07465594,0.8606586,0.7896745,0.9448271,0.87810355,0.060132142,0.88738585,0.05229324,0.4581014,0.28027874,0.13809684,0.33692154,78.995224,82.82708,81.37323,1.0845454,81.62208,86.573715,88.978584,87.9319,0.92126566,87.92017,7.229074,18.270897,10.634379,3.4873717,9.0171795,1.8330078,9.3203125,4.533496,2.5805662,3.7207031,16,51,30.0,9.706813185707357,28.5,TNFa,85,PXDesign,SolubleMPNN,22,non_binder,0.6533637905120849,binder
c5bb31b1-78ba-5011-a03e-b08624a37f1f,0.80071,0.89161,0.8528169999999999,0.026963996180091692,0.849505,0.68519,0.8,0.755927,0.038224447688764755,0.7688900000000001,0.4917,0.8826,0.68068,0.15645586385090632,0.66835,1.0331,1.9316,1.32966,0.2538484114584923,1.2511,0.7196428,0.8790154,0.80669296,0.064510874,0.8135859,0.7924649,0.88038516,0.8388556,0.033485588,0.8425703,0.7924649,0.89030296,0.8427334,0.037543714,0.84616315,0.7196428,0.8790154,0.80669296,0.064510874,0.8135859,0.90928215,0.9308796,0.9218685,0.0061889114,0.9226711,0.90951955,0.94303006,0.9284323,0.011338258,0.9298434,0.6563413,0.74576414,0.7041671,0.034847174,0.7070427,96.5902,96.94844,96.791084,0.11532375,96.78018,95.89329,96.38311,96.13582,0.17375857,96.08592,3.3677561,4.577498,3.9023519,0.46771023,3.869976,0.56591797,1.0957031,0.81518555,0.21559806,0.7907715,20,25,23.1,1.449137674618945,23.0,VEGF-A,88,BoltzGen,SolubleMPNN,25,binder,0.9733473992347716,binder
c6110280-c122-50a3-8315-37c76b393964,0.49116,0.55686,0.527274,0.02440105079704562,0.52775,0.14286,0.28571,0.21428799999999998,0.05050510192049909,0.21429,1.6475,1.78,1.70586,0.06508973037277083,1.6722,1.9063,2.6165,2.30268,0.2651504799165938,2.2844,0.24115819,0.29157254,0.26245564,0.021771576,0.25965285,0.2722769,0.313008,0.2887641,0.01645037,0.29161167,0.2722769,0.313008,0.2887641,0.01645037,0.29161167,0.24115819,0.29157254,0.26245564,0.021771576,0.25965285,0.42160997,0.4731646,0.44418296,0.021562587,0.4458843,0.6786014,0.71425843,0.6943405,0.014404455,0.69521326,0.34182483,0.39678916,0.36639386,0.021299824,0.37023577,87.35297,90.29921,89.03879,1.0947516,89.228966,92.65284,93.607574,93.16327,0.34830913,93.17575,7.682039,8.441537,8.067519,0.28730205,8.014602,3.4433594,3.7636719,3.6269531,0.11713052,3.6328125,22,27,24.8,1.9235384061671343,25.0,TrkA,92,FoldCraft,SolubleMPNN,23,non_binder,0.7530162465572356,binder
c614221a-23e1-5862-8f87-6d71214dee86,0.00913,0.75312,0.401856,0.2818729089579991,0.38395999999999997,0.0,0.64583,0.29166600000000004,0.2542068881486539,0.25,1.1064,19.5234,5.42551,6.167552615178892,3.10595,1.5977,57.2957,12.16185,17.55096724344717,5.4075500000000005,0.0,0.66874313,0.2718696,0.26019666,0.23145697,0.0,0.87074566,0.45795196,0.37863916,0.57497966,0.0,0.87074566,0.45795196,0.37863916,0.57497966,0.0,0.66874313,0.2718696,0.26019666,0.23145697,0.15211242,0.9371789,0.6080135,0.31848088,0.7122047,0.76450324,0.9682776,0.88656485,0.069597535,0.89762455,0.0,0.609485,0.3106875,0.24735588,0.35416406,76.432045,86.56216,82.93391,3.1747785,83.22241,82.8824,93.81519,88.9199,4.5278993,89.86977,5.384941,23.669153,11.900538,6.262687,10.298985,0.9291992,15.53125,5.7526855,5.2625446,4.008789,17,74,53.0,17.62573875520305,53.5,Nipah-G,63,Proteina-Complexa,designed jointly by the structure model (native co-design),38,non_binder,0.884382746219635,binder
c623f150-4ec2-50b7-99a1-57c0475fba46,0.0421,0.12482,0.063724,0.034563549152249975,0.04861,0.0,0.04878,0.009755999999999999,0.021815079188487945,0.0,8.5118,13.9677,11.9607,2.0468836019666585,12.4358,13.1229,23.9389,20.178639999999998,4.205605145873777,21.7866,0.0,0.0,0.0,0.0,0.0,0.0,0.0,0.0,0.0,0.0,0.0,0.0,0.0,0.0,0.0,0.0,0.0,0.0,0.0,0.0,0.15308218,0.3085337,0.22461602,0.07605044,0.177904,0.5371077,0.5930766,0.5550762,0.02195785,0.5491407,0.0,0.01636462,0.0050056963,0.007375268,0.0,76.69822,78.11952,77.44585,0.6167103,77.42817,81.05438,82.28868,81.717064,0.4706779,81.759964,19.918377,25.269257,22.975258,2.158367,24.01317,11.046875,18.28125,14.798437,3.2478132,16.328125,21,36,29.4,5.941380311005179,31.0,EGFR,82,PXDesign,SolubleMPNN,18,non_binder,0.17357801377773283,non_binder
c6cb7610-5b53-5c1f-a84b-c2bcd2334f62,0.05346,0.80891,0.463246,0.37714977294173196,0.65838,0.0,0.82857,0.42857,0.39743961163930297,0.65714,1.1252,12.2711,5.6577,5.927675107915413,1.735,1.7745,20.6375,9.58716,9.900164120255784,2.9844,0.0,0.06090066,0.014327593,0.026447024,0.0,0.0,0.08835092,0.019894408,0.038570154,0.0,0.0,0.06090066,0.0144043565,0.026434552,0.0,0.0,0.08835092,0.019817647,0.038592357,0.0,0.18798926,0.40924057,0.2817065,0.09408882,0.28296283,0.82230717,0.8610335,0.8456256,0.01744956,0.8524622,0.0,0.11216788,0.042238228,0.048332617,0.02976233,78.75469,81.301544,80.391556,0.96698916,80.711,89.811584,91.439926,90.69462,0.7061076,90.65523,11.928639,18.302439,15.1097355,2.953497,14.50193,7.6132812,13.4453125,10.777344,2.5953379,10.5234375,36,49,42.0,5.477225575051662,43.0,MBP,75,Genie3,SolubleMPNN,15,non_binder,0.5857349646091461,binder
c78d9118-470c-5169-ac91-96af2b5e10cd,0.51732,0.75117,0.660086,0.0778634450246784,0.6727099999999999,0.38462,0.76923,0.6538470000000001,0.15060515669568994,0.69231,1.4121,2.2622,1.7674599999999998,0.2844177920673113,1.8283,1.8636,3.8866,2.77944,0.7101596396429313,2.5218,0.033173975,0.75677526,0.34694916,0.2522249,0.2998848,0.19503683,0.88909227,0.54814184,0.24642788,0.5222394,0.19503683,0.88909227,0.54814184,0.24642788,0.5222394,0.033173975,0.75677526,0.34694916,0.2522249,0.2998848,0.41997263,0.93329084,0.67473596,0.19141948,0.6575444,0.76640415,0.9632699,0.86727285,0.07105633,0.8853315,0.077770695,0.6597435,0.34301344,0.21200168,0.31423444,85.74519,87.570335,86.57295,0.6780668,86.44995,82.82671,93.0252,88.685295,4.2722864,89.69866,4.6541705,14.35155,9.832926,3.699395,9.428983,1.2304688,8.1875,4.254004,2.4092813,3.9785156,62,78,67.9,6.208417225383973,67.0,Nipah-G,104,Proteina-Complexa,SolubleMPNN,44,binder,0.9186571288108826,binder
c7c8b13a-2a27-5e64-aee2-7b892feb3bc5,0.00497,0.77496,0.27514500000000003,0.34817105994515585,0.01111,0.0,0.93333,0.373332,0.48196953953543575,0.0,1.5385,29.834,18.445590000000003,12.36306832199569,23.574199999999998,1.9718,76.1338,42.60047,36.36136225855529,57.1173,0.0,0.14565751,0.05389864,0.0697514,0.0,0.0,0.42198202,0.14506927,0.18919766,0.0,0.0,0.42198202,0.14506927,0.18919766,0.0,0.0,0.14565751,0.05389864,0.0697514,0.0,0.20464252,0.85173416,0.5336932,0.31596956,0.53267854,0.6226705,0.89091635,0.75903964,0.12245138,0.75464547,0.0,0.15603152,0.055756588,0.07230412,0.0,74.167915,79.296,77.25277,1.8220992,77.02353,84.80324,86.12692,85.567184,0.46623936,85.586464,13.862963,27.67897,21.603504,6.2726727,25.603848,5.75,22.546875,12.651953,5.965629,14.9765625,27,98,56.3,31.661578538593993,36.5,Cas9,81,RFdiffusion3,SolubleMPNN,43,non_binder,0.49089027047157285,non_binder
c8134979-62dc-5240-9025-61ec82ce8a7a,0.66502,0.77502,0.729366,0.04839072617764692,0.74315,0.6087,0.69565,0.660868,0.03637439236605882,0.65217,0.8394,1.2595,1.05024,0.1984795908903482,1.0779,2.5566,4.2516,3.48814,0.64817354003384,3.524,0.6244434,0.75477433,0.65468043,0.05620316,0.6311075,0.6715896,0.8028117,0.7111787,0.052181497,0.69441384,0.6715896,0.8028117,0.7111787,0.052181497,0.69441384,0.6244434,0.75477433,0.65468043,0.05620316,0.6311075,0.81099737,0.8888627,0.8291361,0.033564657,0.8150527,0.9017734,0.9392538,0.91083956,0.015992394,0.9054097,0.69053066,0.7520452,0.7059619,0.0259389,0.69552416,96.09929,97.047165,96.52981,0.4217058,96.60325,94.82366,95.59096,95.2419,0.35346633,95.290276,3.1145315,3.9529889,3.7386818,0.35428616,3.8735807,0.89404297,1.2373047,1.1424805,0.14476217,1.21875,20,25,22.0,2.345207879911715,21.0,TrkA,73,RFdiffusion3,SolubleMPNN,13,binder,0.9695015168190001,binder
c836aa56-3b6d-5a71-a272-36e64b73be61,0.76331,0.92733,0.8431280000000001,0.07175937862049807,0.86173,0.77778,1.0,0.9111119999999999,0.09296129554820111,0.88889,0.6971,1.4537,1.01526,0.29164350327068833,0.9326,1.7441,3.0586,2.32482,0.5280856909631241,2.1065,0.7509578,0.8179818,0.79875445,0.027121453,0.8066994,0.7682359,0.8517605,0.8306082,0.0361259,0.8515616,0.7682359,0.8517605,0.8306082,0.0361259,0.8515616,0.7509578,0.8179818,0.79875445,0.027121453,0.8066994,0.9285852,0.95111465,0.94475174,0.009157474,0.9475143,0.9364045,0.9492602,0.94535077,0.005258605,0.947425,0.674656,0.7184713,0.7056196,0.017820252,0.71278214,95.84828,96.31507,96.060486,0.18948138,96.0417,96.36955,96.60952,96.53391,0.0947048,96.55489,3.6401863,4.1766043,3.8108146,0.20965299,3.7455065,0.6870117,0.85058594,0.7326172,0.06709258,0.7089844,29,34,30.6,2.073644135332772,30.0,IL-7Ra,67,RFdiffusion3,SolubleMPNN,8,binder,0.975647919178009,binder
c87a79fe-c333-56cd-9f5c-c14fe1420b47,0.7297,0.77482,0.751582,0.01873466626337387,0.75356,0.84211,0.89474,0.884214,0.02353685153116279,0.89474,1.654,2.052,1.85654,0.14703114636021855,1.886,1.0988,1.6615,1.37752,0.24314390183592927,1.2625,0.80309236,0.8735112,0.85056573,0.029035697,0.8594087,0.8120687,0.89557296,0.8578922,0.031877223,0.8594852,0.80309236,0.89557296,0.85597724,0.03523238,0.8594852,0.8120687,0.8735112,0.8524807,0.025373526,0.8594087,0.91036505,0.9420948,0.9313463,0.013070789,0.93509346,0.92158526,0.95930564,0.9434577,0.0143012935,0.94515264,0.6963045,0.77839005,0.7404954,0.030314967,0.7387689,95.57814,96.07508,95.832855,0.19146824,95.83459,89.20687,91.270706,90.17651,0.7984771,90.31628,2.8375747,3.966118,3.3357213,0.41724315,3.342228,0.51904297,0.72216797,0.60615236,0.081080124,0.5761719,42,49,45.4,2.8809720581775866,46.0,BBF-14,88,PXDesign,SolubleMPNN,29,non_binder,0.978792734146118,binder
c91c5be2-e197-585c-a1c5-f487d8433bc7,0.02829,0.02938,0.028846,0.00043946558454559346,0.029,0.0,0.0,0.0,0.0,0.0,13.5084,13.6798,13.58232,0.08164552651554105,13.5506,29.6307,30.3587,29.96424,0.28651664524072484,29.8534,0.41216955,0.5064891,0.4830656,0.03987975,0.4971542,0.44074625,0.58585703,0.532558,0.054722913,0.5472889,0.41216955,0.5064891,0.4830656,0.03987975,0.4971542,0.44074625,0.58585703,0.532558,0.054722913,0.5472889,0.6306815,0.7548246,0.7111187,0.047403134,0.7252604,0.76900476,0.8244167,0.8102926,0.023213373,0.8197165,0.5438816,0.60194194,0.58503234,0.023726448,0.5934483,88.5678,89.229454,88.886925,0.2941293,88.73964,79.0592,82.989815,81.210045,1.4897034,81.13754,5.033422,5.7995334,5.272129,0.30966517,5.198928,1.6259766,1.9785156,1.800586,0.1475828,1.8369141,54,73,65.2,7.049822692805826,67.0,TrkA,92,FoldCraft,SolubleMPNN,26,non_binder,0.7167303693294524,binder
c99d736a-7693-53dd-9b8d-e039f09518ff,0.01414,0.56998,0.236095,0.2813003005192533,0.023385,0.0,0.60317,0.21428599999999998,0.2778912965411715,0.0,2.3471,24.4681,13.98208,10.107759379891164,18.3367,2.7957,42.3822,23.952019999999997,18.415714174813978,33.5396,0.0,0.51229715,0.19522043,0.20176312,0.16968066,0.0,0.7877628,0.33703202,0.34126416,0.22225934,0.0,0.7877628,0.39983818,0.34177098,0.48279744,0.0,0.51229715,0.19522043,0.20176312,0.16968066,0.7293708,0.95976704,0.8669143,0.09026781,0.9000077,0.82022595,0.96867603,0.90895635,0.05833076,0.93196934,0.0,0.5402483,0.25604922,0.22867177,0.27251098,60.433056,69.04396,63.864452,2.6504326,63.592407,93.16403,94.87301,94.005875,0.4967737,94.03883,5.989022,27.43914,12.924889,7.8395066,9.950056,1.5615234,22.1875,7.636426,7.4137907,4.4785156,12,92,54.4,29.69549161442225,51.5,15-PGDH,73,RFdiffusion3,SolubleMPNN,35,non_binder,0.636020519733429,binder
c9b6daa5-45ad-5052-a4e7-aedefdef196f,0.8006,0.83357,0.8119059999999999,0.013521635625914541,0.80579,0.90909,0.90909,0.90909,0.0,0.90909,1.1159,1.2676,1.21338,0.06546699168283215,1.2407,1.9932,2.6841,2.46616,0.2740614219477086,2.573,0.7305051,0.841531,0.77047986,0.043912057,0.76647943,0.8402903,0.89267343,0.86936796,0.020648202,0.8766224,0.7305051,0.841531,0.77047986,0.043912057,0.76647943,0.8402903,0.89267343,0.86936796,0.020648202,0.8766224,0.9580964,0.9730507,0.96642035,0.0059251254,0.96835613,0.8290295,0.9002897,0.87113494,0.029975876,0.87423253,0.64458185,0.749047,0.6923336,0.038200974,0.68855524,89.85963,94.27239,92.78865,1.7400101,93.40246,75.19916,87.85284,81.42167,5.1301303,82.22423,4.70586,6.431186,5.318734,0.65741646,5.0929785,0.39331055,0.47729492,0.43676758,0.03626988,0.44189453,23,66,39.0,21.18962010041709,24.0,TREM2,59,Genie3,SolubleMPNN,19,non_binder,0.9532611918449401,binder
c9ed7ef9-f689-5f7a-a194-b0edf85ee63d,0.01034,0.70205,0.351806,0.3599015213823544,0.346485,0.0,1.0,0.492,0.5188191720949924,0.48,0.3714,17.4628,8.898480000000001,8.944328064173158,8.92135,17.1244,54.5722,36.75325,18.621696826685803,37.93555,0.10150581,0.8700142,0.5057579,0.37523186,0.535656,0.14142777,0.9400759,0.58010995,0.3740211,0.65742826,0.14142777,0.8700142,0.5459188,0.3386436,0.6230765,0.10150581,0.9400759,0.53994906,0.41117233,0.5700077,0.76181626,0.97629577,0.87503755,0.10305584,0.8933613,0.7451111,0.83587533,0.79815435,0.03631607,0.81570023,0.14109455,0.7885944,0.47520748,0.32022914,0.49276796,83.17461,95.56833,89.53346,6.094009,89.31001,75.04793,82.7996,78.449936,3.5315871,76.99625,7.690717,15.103496,11.040688,3.1199555,10.327589,0.33740234,5.6835938,2.6095214,2.4218266,2.0893555,39,53,46.4,4.526465385804786,47.0,RBX1,80,PXDesign,SolubleMPNN,13,binder,0.6212605440616608,binder
ca15d0ff-7017-50c4-b2f1-4eb4d34f5c70,0.69464,0.90888,0.8442299999999999,0.08565205047166118,0.87535,0.84615,0.88462,0.861538,0.02107088678722375,0.84615,0.4592,0.5893,0.53198,0.05035069016408817,0.5312,2.0132,11.6038,4.6485,3.9593405562037725,2.7795,0.7116369,0.773186,0.7393947,0.02659369,0.73643345,0.8637144,0.8983745,0.8758572,0.013380616,0.8738043,0.7116369,0.773186,0.7393947,0.02659369,0.73643345,0.8637144,0.8983745,0.8758572,0.013380616,0.8738043,0.95839804,0.9700231,0.9625406,0.0044751246,0.96195287,0.8071809,0.9090646,0.8787861,0.041850276,0.8927874,0.6600337,0.73314315,0.6879059,0.029777233,0.6770008,94.977104,96.584854,96.02808,0.72405624,96.47872,78.79102,86.98292,83.0587,3.3042417,82.883896,4.5455832,8.438277,5.6784925,1.5699588,5.1892977,0.5576172,0.7026367,0.66083986,0.059548896,0.6850586,25,49,32.4,9.60728889958036,28.0,TREM2,69,RFdiffusion3,SolubleMPNN,10,binder,0.9557082104682922,binder
ca2903ea-5812-55d5-a8a4-951f52d866bd,0.00672,0.07967,0.045344,0.028872033700451376,0.04592,0.0,0.0,0.0,0.0,0.0,7.8667,22.9992,13.86814,6.178390916169031,14.6173,16.7944,66.8186,30.84592,20.647306162959858,22.2528,0.0,0.0,0.0,0.0,0.0,0.0,0.0,0.0,0.0,0.0,0.0,0.0,0.0,0.0,0.0,0.0,0.0,0.0,0.0,0.0,0.16853842,0.30735227,0.21168113,0.055513307,0.19001876,0.5292807,0.584254,0.55070627,0.02187327,0.55336684,0.0,0.0,0.0,0.0,0.0,68.174545,74.34903,71.12996,2.3513405,71.54799,83.86327,85.86994,84.48024,0.8020602,84.28492,22.047962,24.189217,23.382956,0.8064351,23.670397,12.1796875,18.078125,15.720312,2.2340636,16.171875,17,52,39.0,13.171939872319491,41.0,EGFR,77,FoldCraft,SolubleMPNN,25,non_binder,0.21557713508605952,non_binder
ca42b425-d658-58b0-aba4-34ae83462c2e,0.72137,0.79516,0.7599,0.03238514397065418,0.75772,0.47222,0.58333,0.527778,0.04392087453591974,0.52778,0.6406,0.8602,0.73376,0.0920725963574396,0.7537,1.5064,2.6466,2.0151399999999997,0.4195056114046629,2.0117,0.5620871,0.6150636,0.5827111,0.024482178,0.5703015,0.6928194,0.72222155,0.70557564,0.012534333,0.7015767,0.6928194,0.72222155,0.70557564,0.012534333,0.7015767,0.5620871,0.6150636,0.5827111,0.024482178,0.5703015,0.91316795,0.9284304,0.91938716,0.0071161264,0.9150368,0.6427551,0.69977146,0.67724705,0.026277546,0.69202656,0.44651166,0.5294615,0.49531674,0.03392222,0.49301904,83.62,84.49759,84.1299,0.3916879,84.21207,84.23227,84.73643,84.42336,0.20074207,84.427734,10.949905,12.286127,11.437026,0.6132801,11.066629,1.2304688,1.515625,1.3859375,0.11480197,1.4228516,47,53,51.4,2.6076809620810595,53.0,EGFR,71,FreeBindCraft (BindCraft),Caliby (SolubleCaliby),22,non_binder,0.8705328965187072,binder
ca6687a6-cd77-56d7-a19a-6d97d339f9c6,0.90701,0.938,0.922862,0.014173728161637625,0.92801,0.83333,0.91667,0.866666,0.03486362330567492,0.875,0.3734,0.4286,0.39996,0.021150957425137975,0.3975,1.1762,1.6741,1.52446,0.2177369238324084,1.662,0.8927151,0.91832113,0.90607053,0.010195941,0.91006386,0.9129479,0.93475616,0.92432183,0.008654241,0.92630917,0.9129479,0.93475616,0.92432183,0.008654241,0.92630917,0.8927151,0.91832113,0.90607053,0.010195941,0.91006386,0.9560615,0.9672928,0.9619557,0.0044713453,0.9637959,0.9657314,0.9730133,0.9695034,0.0031773164,0.9709145,0.8080364,0.8328693,0.82030237,0.0095561445,0.822367,97.147934,97.29758,97.22438,0.066404894,97.21641,96.68233,96.84753,96.74915,0.077933446,96.71235,2.2757275,2.567954,2.4109685,0.134388,2.3540616,0.4038086,0.48583984,0.44311523,0.031685185,0.43579102,33,38,34.8,2.1679483388678795,34.0,TrkA,73,RFdiffusion3,SolubleMPNN,16,binder,0.9801622748374939,binder
ca6d1e4e-5304-5877-9ee3-07a681c326c8,0.24566,0.2702,0.25617999999999996,0.00890874009049539,0.25416,0.39535,0.48837,0.44651199999999996,0.03449341342923314,0.44186,4.1495,4.4417,4.255660000000001,0.12038219552741204,4.1898,14.661,19.2025,16.555680000000002,1.6599097827894143,16.2192,0.0,0.24906452,0.08007514,0.09718825,0.030038362,0.0,0.45796803,0.14954937,0.18171561,0.05936816,0.0,0.45796803,0.14954937,0.18171561,0.05936816,0.0,0.24906452,0.08007514,0.09718825,0.030038362,0.53345305,0.71362746,0.6262122,0.07068324,0.62346786,0.57137233,0.7567501,0.66506994,0.06768632,0.66120535,0.0,0.24534002,0.08899601,0.09787964,0.059193127,73.948235,84.941666,79.091675,4.7416034,78.93986,72.79566,82.52377,77.47855,3.0989623,77.66185,15.114994,25.896093,19.951832,3.7784078,19.107706,3.7148438,16.34375,9.45664,4.451453,9.5546875,40,71,54.4,10.553567064162609,52.5,Latent GDF-8,95,FreeBindCraft (BindCraft),designed jointly by the structure model (native co-design),19,non_binder,0.4488331747055053,non_binder
ca7589ba-d5ad-5546-90d8-37083dad33a3,0.53955,0.72317,0.62438,0.06685697370755973,0.602595,0.38462,0.69231,0.4792310000000001,0.10509069262625814,0.4522,1.169,2.249,1.7029800000000002,0.4011124164952596,1.62345,1.8588,2.4195,2.1012,0.20509863751646704,2.0606,0.6322909,0.8867405,0.7792078,0.1031452,0.7948179,0.8061023,0.8911514,0.8536025,0.028112106,0.853613,0.8061023,0.93564916,0.8742205,0.046327505,0.8743249,0.6322909,0.8867405,0.7792078,0.1031452,0.7948179,0.9667512,0.9860793,0.9766758,0.006251244,0.9755651,0.97334343,0.9889156,0.9808976,0.00496229,0.9803531,0.5926259,0.73500466,0.66512096,0.05076995,0.6600202,88.87062,96.1435,93.07231,2.9121127,93.25003,96.06741,97.52604,96.65153,0.38485053,96.564285,3.498616,5.4825454,4.447253,0.6743248,4.5753236,0.5175781,1.6464844,1.0029297,0.47164986,0.91552734,57,67,60.9,2.9230881691191666,61.0,15-PGDH,76,PXDesign,SolubleMPNN,46,non_binder,0.963079056739807,binder
cae4e940-8b7e-57cf-b8f6-270348a6b579,0.18326,0.64922,0.405193,0.22295105606637328,0.401325,0.1519,0.41304,0.27485,0.11515395279557036,0.262525,1.0919,7.4895,3.9511000000000003,2.940341517957093,3.68475,3.1246,12.0028,7.36979,4.048046503205109,7.2097999999999995,0.20407628,0.60496163,0.46102232,0.10783228,0.4583747,0.33356377,0.64067286,0.5394909,0.094340555,0.5716872,0.33356377,0.7302666,0.6018468,0.108572625,0.6262589,0.20407628,0.60496163,0.46102232,0.10783228,0.4583747,0.7030875,0.86504114,0.8152393,0.048104513,0.82866,0.77198607,0.8947888,0.8520541,0.034549113,0.8609501,0.29371285,0.61900675,0.5150622,0.086482376,0.525756,93.40916,95.213684,94.55353,0.57908404,94.685165,92.57281,95.06762,94.29548,0.8069255,94.50165,4.865087,9.054777,6.202668,1.1131244,6.06359,1.4482422,4.75,2.2814453,0.96229464,2.084961,13,28,20.1,5.82046199006383,19.0,VEGF-A,86,FreeBindCraft (BindCraft),SolubleMPNN,19,non_binder,0.7811505937576294,binder
cba16517-f99b-5130-8d84-4303fbac287c,0.68075,0.91845,0.7981339999999999,0.10943095051218374,0.83009,0.58696,0.91304,0.74348,0.14776024752957068,0.73913,0.5511,1.3547,0.94078,0.3825204203699457,0.7995,1.4327,2.9376,2.27616,0.6669616615668399,2.5419,0.88411444,0.90451163,0.8957863,0.010607166,0.90266484,0.9142119,0.9324482,0.9218836,0.007364509,0.9229953,0.9142119,0.9324482,0.9218836,0.007364509,0.9229953,0.88411444,0.90451163,0.8957863,0.010607166,0.90266484,0.97106695,0.9772342,0.97456187,0.0031893735,0.976687,0.96657616,0.96940106,0.9684908,0.0011254674,0.96901786,0.7208918,0.7440343,0.73204905,0.009169662,0.732091,94.15626,95.91489,95.03646,0.817292,94.96385,96.80109,97.09901,96.94177,0.12055289,96.89616,3.1857107,3.6762068,3.4421456,0.21066883,3.447716,0.46923828,0.53759766,0.49814454,0.02930735,0.48266602,46,53,49.6,2.60768096208106,49.0,MBP,96,RFdiffusion,SolubleMPNN,19,non_binder,0.978808856010437,binder
cbc1681e-daef-5532-9508-b328d885f846,0.04166,0.84245,0.463834,0.37736002085247156,0.50002,0.02,0.68,0.358,0.28835934372083577,0.38,0.4722,17.3205,6.22749,6.9900295137590245,3.27105,1.2638,27.1611,10.56652,10.806306883153416,6.3639,0.010874933,0.80378574,0.48868394,0.31283578,0.61851335,0.011456502,0.8569542,0.5445434,0.3245993,0.6717319,0.01166895,0.8569542,0.5655951,0.3185869,0.70714307,0.010874933,0.80378574,0.48868394,0.31283578,0.61851335,0.44732928,0.93877757,0.78266066,0.17903152,0.866642,0.5797086,0.93731296,0.8228734,0.12921946,0.8871994,0.0613382,0.6935529,0.47735986,0.2365908,0.6023903,86.053474,93.20944,90.65016,2.8953178,92.34263,87.23205,94.956894,92.01851,3.2801135,93.696,3.94441,15.787665,7.1818595,3.981363,5.10071,0.8330078,8.640625,3.0087402,2.7274299,1.5395508,15,35,22.1,6.983313444681303,19.0,VEGF-A,90,RFdiffusion,SolubleMPNN,10,binder,0.84182639837265,binder
cbc1e00b-8d74-5917-aade-75ae407e1d55,0.08562,0.29672,0.210432,0.09672285831177654,0.26232,0.0,0.07143,0.05714399999999999,0.031944467126561994,0.07143,3.1774,8.1932,4.71118,2.1148651049180414,3.6074,6.4236,20.0003,10.7093,5.7876510261072225,7.4112,0.0128996745,0.13901559,0.058511578,0.047552906,0.049532466,0.0134495115,0.16564259,0.07040484,0.057023514,0.06268933,0.0128996745,0.16564259,0.06904198,0.057890426,0.06268933,0.0134495115,0.13901559,0.059874438,0.046877895,0.049532466,0.16494273,0.3836984,0.2789995,0.07760273,0.28403807,0.7045755,0.77637535,0.74146444,0.025467418,0.74163646,0.1380618,0.2542352,0.2198091,0.046410613,0.23588654,89.82933,91.42661,90.827354,0.6416514,91.152374,94.10239,95.03456,94.63957,0.34225792,94.672386,11.033966,17.689695,13.810667,2.417545,13.317542,3.84375,7.125,4.9664063,1.2543552,4.640625,9,20,15.6,4.39317652729776,16.0,IL-7Ra,85,PXDesign,SolubleMPNN,9,non_binder,0.5590455687046051,binder
cbc54404-c6e9-5dc0-9810-1f8cd08e5cf5,0.88138,0.93593,0.908874,0.021205561298866856,0.91362,0.77273,0.90909,0.836364,0.05182579695479845,0.81818,0.404,0.5624,0.48563999999999996,0.05849899999145284,0.4794,0.7931,1.3196,1.00084,0.23704063575682544,0.8624,0.8854776,0.900112,0.89018804,0.00591504,0.88975155,0.89399177,0.9160471,0.901821,0.008482636,0.9005978,0.89399177,0.9160471,0.901821,0.008482636,0.9005978,0.8854776,0.900112,0.89018804,0.00591504,0.88975155,0.9503127,0.95723754,0.9526701,0.0027630941,0.9524707,0.9566215,0.9643337,0.9591131,0.0030834936,0.95854795,0.78718925,0.8031886,0.792528,0.006362683,0.7912396,96.3646,96.49918,96.444275,0.054527,96.43949,95.50365,95.74628,95.6436,0.10318893,95.668205,2.7379396,3.0138407,2.9059203,0.105388395,2.9039383,0.42114258,0.4729004,0.45527345,0.021185724,0.45776367,35,38,36.4,1.1401754250991372,36.0,TrkA,75,PXDesign,SolubleMPNN,15,binder,0.9819282031059264,binder
cc40a989-5c16-5b8c-9f70-b977cbdac91a,0.9217,0.96012,0.948234,0.015658000510920977,0.95217,0.875,0.96875,0.93125,0.040745015032516554,0.9375,0.3665,0.5054,0.43095999999999995,0.04983355295380812,0.4302,0.601,1.2026,0.8186,0.23859542116310614,0.7624,0.8983558,0.9246007,0.913451,0.010157669,0.9158242,0.92021954,0.9402909,0.9321383,0.0077553517,0.93331695,0.92021954,0.9402909,0.9321383,0.0077553517,0.93331695,0.8983558,0.9246007,0.913451,0.010157669,0.9158242,0.9557083,0.9677868,0.9626881,0.004670589,0.9638542,0.9680283,0.97652274,0.9730531,0.003319159,0.97416383,0.8032851,0.8262462,0.8160747,0.009169588,0.81950426,97.2384,97.45394,97.34359,0.09615994,97.38017,95.54499,95.99105,95.69943,0.18574297,95.64738,2.2164237,2.5575116,2.3558059,0.13568,2.3393252,0.4338379,0.51953125,0.46879882,0.032328773,0.46606445,39,44,41.2,2.1679483388678804,42.0,PD-L1,87,RFdiffusion,SolubleMPNN,15,non_binder,0.9839471745491027,binder
cd04a6c0-d82b-56e3-adf4-87981ee6bd9e,0.78053,0.82877,0.806906,0.017825956636321114,0.80501,0.54167,0.70833,0.65,0.06971917885345467,0.66667,0.7147,0.8406,0.76902,0.057795043040039365,0.7537,1.0509,1.3649,1.24122,0.12075076397273854,1.2399,0.87363565,0.8970198,0.8913738,0.0099607,0.89581543,0.92525274,0.93836635,0.93445224,0.00535018,0.936685,0.92525274,0.93836635,0.93445224,0.00535018,0.936685,0.87363565,0.8970198,0.8913738,0.0099607,0.89581543,0.9529891,0.9615531,0.9589984,0.0034914936,0.9604663,0.9608225,0.96775055,0.96613055,0.002977677,0.96736014,0.734911,0.7561006,0.750508,0.008864582,0.7538684,94.40149,94.81439,94.582504,0.16908588,94.54247,92.94541,93.75655,93.35213,0.29976484,93.30723,3.3945863,3.7350252,3.4861794,0.14173377,3.4273047,0.40844727,0.45825195,0.4248047,0.021628158,0.4128418,31,35,32.6,1.51657508881031,32.0,BHRF1,110,FreeBindCraft (BindCraft),SolubleMPNN,10,non_binder,0.9789033675193787,binder
cd0f77a7-0d23-4442-8fe5-f12263be2624,0.56488,0.65031,0.620896,0.033390383246278174,0.639605,0.53488,0.74419,0.668121,0.07212957483276576,0.690975,2.1382,2.3858,2.25027,0.09134038963009618,2.2524,2.6559,3.5275,3.03456,0.33292987316316996,2.95135,0.561131,0.89226186,0.7729855,0.13163795,0.8213527,0.7915492,0.8975702,0.86362535,0.038175322,0.8831211,0.7915492,0.9492968,0.8889657,0.061968703,0.908724,0.561131,0.89226186,0.7729855,0.13163795,0.8213527,0.95302266,0.9811417,0.96783066,0.0110937515,0.9702754,0.9609975,0.9827686,0.9714953,0.008610744,0.9734829,0.5909099,0.75488734,0.6919418,0.066770844,0.7095408,87.6477,91.42917,89.79234,1.6618459,90.56247,87.58272,88.90008,88.12843,0.40146318,88.10594,3.4549334,5.5537353,4.3754697,0.83026206,4.2652698,0.46289062,1.6464844,0.8967041,0.47246185,0.7141113,48,64,57.5,4.949747468305834,58.0,TNFa,80,PXDesign,SolubleMPNN,44,non_binder,0.9711830973625183,binder
cd70ff86-7e5b-52cf-99b7-8331822ccf95,0.19505,0.2749,0.220458,0.03228237553216924,0.21599,0.0,0.11111,0.022222,0.04968990259600033,0.0,1.9773,2.2744,2.13698,0.12625231483026345,2.1043,11.6265,13.6773,12.7747,0.7919037094243214,12.6498,0.19551174,0.41151708,0.28864527,0.07801144,0.28120875,0.23554431,0.43099904,0.3212017,0.07210442,0.32094684,0.23554431,0.43099904,0.3212017,0.07210442,0.32094684,0.19551174,0.41151708,0.28864527,0.07801144,0.28120875,0.41450116,0.6695527,0.5342803,0.09100614,0.5326818,0.67044216,0.7839474,0.72192764,0.040866286,0.72250164,0.3156238,0.49536908,0.41030127,0.06402918,0.41180196,93.69222,95.26643,94.5681,0.64889973,94.38805,81.76304,87.91897,85.22115,2.2825046,85.03899,8.105832,11.389429,9.82112,1.2263925,9.638215,2.0898438,3.5898438,2.885547,0.53313625,2.9277344,6,12,9.2,2.16794833886788,9.0,TREM2,86,RFdiffusion3,SolubleMPNN,12,non_binder,0.4618047916889191,non_binder
cd7dc2bb-86ea-5527-ac61-458717ee72f3,0.09847,0.61837,0.315548,0.23820509129739437,0.17383,0.0,0.33333,0.11111,0.15713326891527457,0.0,1.1798,6.751,3.6828000000000003,2.3428914368787983,4.4609,2.7702,14.7868,8.38492,5.073632471119681,9.9904,0.03462842,0.23648885,0.1549162,0.07815042,0.16284877,0.14835547,0.5588249,0.39630163,0.15787834,0.45022735,0.14835547,0.5588249,0.39630163,0.15787834,0.45022735,0.03462842,0.23648885,0.1549162,0.07815042,0.16284877,0.47286364,0.78132164,0.6663431,0.12129782,0.6927409,0.621596,0.7534513,0.6680318,0.05883585,0.63687485,0.10836929,0.37118545,0.26852146,0.0987847,0.29087055,76.835396,83.96929,79.92145,3.078598,78.34523,87.45678,89.42326,88.36486,0.87412685,87.94331,10.566268,15.8311825,13.311139,2.282919,13.89426,3.5703125,7.2890625,4.8835936,1.4799105,4.7773438,21,40,30.4,8.203657720797475,32.0,EGFR,61,FreeBindCraft (BindCraft),SolubleMPNN,28,non_binder,0.475409951210022,non_binder
cdc06850-698d-5a5e-b750-0411e42c3d51,0.59082,0.64107,0.6258739999999999,0.020689570561033852,0.63659,0.85714,0.91429,0.885712,0.02020557645799791,0.88571,0.4835,0.6991,0.57308,0.07983841180785103,0.5519,19.9785,26.7148,23.425040000000003,3.1098397037468026,23.2278,0.20914885,0.48703384,0.33340162,0.10330912,0.33463135,0.37873366,0.63045025,0.5014659,0.09226054,0.51075333,0.37873366,0.63045025,0.5014659,0.09226054,0.51075333,0.20914885,0.48703384,0.33340162,0.10330912,0.33463135,0.6439385,0.86470574,0.759272,0.08180127,0.77280957,0.5844593,0.6237874,0.5964955,0.015847012,0.5924046,0.27471176,0.4648333,0.3737928,0.070000835,0.38536283,86.32037,87.17501,86.69852,0.34723067,86.64473,85.19682,87.151825,86.68973,0.8384473,87.06644,14.093003,15.745218,15.156169,0.6807652,15.334182,2.6035156,5.6015625,3.8515625,1.1364125,3.4316406,47,76,54.0,12.389511693363866,48.0,EGFR,93,Genie3,SolubleMPNN,31,non_binder,0.7996240305900574,binder
cdd41e5c-3474-5a36-9323-164f06a2851d,0.00548,0.00602,0.0057480000000000005,0.00024386471659508277,0.00585,0.0,0.0,0.0,0.0,0.0,25.507,27.9049,26.726,0.9545829324893667,26.8788,69.7698,73.0949,71.1215,1.4951882774420084,70.394,0.0,0.010509651,0.0010509652,0.0033234435,0.0,0.0,0.065746464,0.0077507696,0.020710114,0.0,0.0,0.065746464,0.0077507696,0.020710114,0.0,0.0,0.010509651,0.0010509652,0.0033234435,0.0,0.53911364,0.66692775,0.6160122,0.04099546,0.6259328,0.6212619,0.722495,0.67356634,0.035201527,0.6765998,0.0,0.09412162,0.017940594,0.037879407,0.0,75.23951,84.757576,80.99237,2.6702564,81.45401,74.07463,80.02912,77.23596,2.0175247,77.01935,16.83534,27.93997,24.774784,3.882747,26.52191,7.2109375,23.390625,17.022655,6.0105176,20.117188,9,46,21.1,10.45041200676371,18.5,Latent GDF-8,85,PXDesign,SolubleMPNN,8,non_binder,0.36931748211383814,non_binder
ce31c07e-b1f3-5124-ba68-4bf78e5664e7,0.60008,0.79211,0.706268,0.07805961100338639,0.73899,0.5,0.71875,0.61875,0.09732757188998398,0.65625,0.9592,1.718,1.26206,0.2880991808388215,1.1699,1.9943,3.7587,2.6661799999999998,0.6863573172918025,2.4828,0.30226204,0.6195057,0.49384865,0.11864831,0.53284717,0.5222983,0.77301836,0.67922115,0.09408508,0.7096345,0.5222983,0.77301836,0.67922115,0.09408508,0.7096345,0.30226204,0.6195057,0.49384865,0.11864831,0.53284717,0.6916043,0.89299273,0.8240763,0.077999696,0.8547876,0.90814483,0.9471989,0.9323661,0.014526683,0.93629205,0.38656422,0.6084056,0.5206505,0.08221272,0.5459615,85.65604,87.8418,86.398964,0.8542664,86.291756,94.522446,95.13861,94.92328,0.24122816,94.958786,4.832925,7.5534296,5.9154754,1.005902,5.629077,1.7236328,3.7226562,2.3689454,0.7807727,2.0820312,29,39,34.8,3.768288736283355,35.0,MBP,85,PXDesign,Caliby (SolubleCaliby),17,non_binder,0.9578226280212401,binder
ce3c5cc7-a7c0-5f7b-8cbe-11aeeb967570,0.86743,0.93531,0.900258,0.026513582745453294,0.90251,0.67742,0.87097,0.774194,0.07213108088750647,0.77419,0.3719,0.4456,0.39346000000000003,0.03158311257618538,0.3751,0.7178,1.0038,0.79486,0.11944935328414301,0.7542,0.9147012,0.9256909,0.92035806,0.004672569,0.92121667,0.9364035,0.94430476,0.93938285,0.003226661,0.9385744,0.9364035,0.94430476,0.93938285,0.003226661,0.9385744,0.9147012,0.9256909,0.92035806,0.004672569,0.92121667,0.9651842,0.96964717,0.9668686,0.0018240772,0.9664088,0.9727928,0.97639924,0.974573,0.0015321377,0.9748893,0.8025464,0.81523705,0.80892134,0.0056652166,0.81145394,96.54438,96.79458,96.639725,0.09576747,96.61415,96.530075,96.685036,96.63302,0.059811793,96.647606,2.411974,2.6135104,2.5154788,0.089953154,2.4951577,0.43579102,0.46850586,0.45478517,0.014912976,0.45898438,48,51,50.0,1.224744871391589,50.0,PD-L1,100,PXDesign,SolubleMPNN,14,binder,0.9812998008728027,binder
ce754219-4a99-5a39-9cf2-1a0b09f7717e,0.00732,0.02338,0.013936,0.00596383582753397,0.015205,0.0,0.0,0.0,0.0,0.0,17.3887,29.8567,23.96464,4.903198715623189,21.67555,32.8473,60.37,46.427170000000004,11.458787553377732,41.238600000000005,0.0,0.0,0.0,0.0,0.0,0.0,0.0,0.0,0.0,0.0,0.0,0.0,0.0,0.0,0.0,0.0,0.0,0.0,0.0,0.0,0.16654028,0.84750736,0.5353965,0.3119837,0.5793157,0.6360001,0.88141274,0.7546584,0.11816735,0.74979126,0.0,0.019945549,0.001994555,0.0063073365,0.0,77.796875,85.750565,81.91844,3.18368,82.097855,83.892586,85.06588,84.55427,0.3572253,84.61153,21.037529,28.760645,24.568453,2.8412147,23.551523,11.15625,24.25,16.971874,5.087289,14.652344,11,54,33.7,14.765199325139877,29.5,Cas9,80,PXDesign,SolubleMPNN,22,non_binder,0.36035968363285065,non_binder
cea7eadf-09b3-59ac-bac4-84243f8571c2,0.82786,0.92888,0.897396,0.040110500246194905,0.90961,0.83333,1.0,0.966666,0.07453708996197798,1.0,0.7336,1.0049,0.85076,0.10133446106828613,0.8219,1.2008,1.7415,1.50542,0.27124497599033975,1.6254,0.68857133,0.73599833,0.70671034,0.017870642,0.70225465,0.8045526,0.84592265,0.82741785,0.01665347,0.82271206,0.68857133,0.73599833,0.70671034,0.017870642,0.70225465,0.8045526,0.84592265,0.82741785,0.01665347,0.82271206,0.919959,0.9392636,0.9308089,0.007729707,0.92884576,0.8489305,0.9008996,0.88034457,0.02170219,0.88472044,0.6310308,0.6627627,0.64741963,0.013904421,0.6447985,94.00564,94.63333,94.24605,0.25868216,94.16593,78.36366,87.33925,83.57301,3.4683757,84.059525,5.427079,6.7895255,6.0518017,0.5495876,5.8848333,0.71728516,0.86083984,0.79765624,0.05845687,0.8154297,21,29,24.8,2.9495762407505257,24.0,TREM2,88,FreeBindCraft (BindCraft),Caliby (SolubleCaliby),18,binder,0.9501696491241455,binder
cee006c3-45c2-58f4-bb46-c6670b3a8a95,0.62377,0.73046,0.6809040000000001,0.046244286998503914,0.66873,0.66667,0.83333,0.7333339999999999,0.09128344143381101,0.66667,1.5455,1.9163,1.65558,0.16121698731833434,1.5555,3.2162,3.9184,3.4779400000000003,0.2672007073343932,3.3861,0.62730074,0.6920673,0.6590837,0.026113743,0.65104914,0.66296446,0.7652045,0.70735866,0.039924715,0.7014205,0.62730074,0.6920673,0.6590837,0.026113743,0.65104914,0.66296446,0.7652045,0.70735866,0.039924715,0.7014205,0.8848776,0.9280331,0.9041265,0.016814232,0.90212893,0.81966513,0.8939073,0.8639919,0.034394003,0.880538,0.6069588,0.63996226,0.6200429,0.013478348,0.6130005,90.79728,91.59131,91.25882,0.3376869,91.41078,81.93027,83.41142,82.75084,0.6600134,82.69133,5.294441,7.200964,6.1527915,0.8205145,5.812519,0.7368164,0.9941406,0.87470704,0.10115003,0.89404297,17,27,22.0,3.7416573867739413,21.0,TREM2,64,BoltzGen,Caliby (SolubleCaliby),19,non_binder,0.9427084970474243,binder
ceed4905-b655-58a7-9237-397ad02384f8,0.54748,0.66813,0.598927,0.03279231144643513,0.598875,0.35294,0.58824,0.45882300000000004,0.07744637371182148,0.47059,1.5234,1.9592,1.75757,0.1393223444629994,1.7761,1.8538,2.9598,2.57775,0.3807357562813231,2.6471999999999998,0.48741734,0.7233291,0.5961517,0.09103062,0.5946402,0.7507307,0.8898271,0.8249341,0.052405372,0.8314445,0.7507307,0.8898271,0.8249341,0.052405372,0.8314445,0.48741734,0.7233291,0.5961517,0.09103062,0.5946402,0.8552489,0.930431,0.89100933,0.028427973,0.8924614,0.83446175,0.9616445,0.919524,0.049378943,0.94494474,0.48954836,0.63422817,0.5651098,0.053573415,0.5629215,92.31458,93.63457,93.11952,0.4589545,93.181526,84.56174,93.8586,89.90602,3.9948332,90.23073,5.008516,9.155577,6.679583,1.6598185,6.0785995,1.1875,2.2929688,1.7597656,0.4011167,1.7753906,31,47,40.2,5.533734925185902,41.0,Nipah-G,90,Genie3,ProteinMPNN,32,non_binder,0.9196008419990539,binder
cf15233c-a4d7-5395-9ec2-d2e4cbfa34ac,0.57654,0.71174,0.641761,0.05679667467769962,0.6379049999999999,0.67883,0.74419,0.714022,0.024696661402797825,0.71533,1.6517,2.8787,2.25896,0.5473177204431728,2.2438000000000002,2.1653,3.7475,3.01738,0.7180692581886203,3.04095,0.65228695,0.84659773,0.7701037,0.06576815,0.79070497,0.75505114,0.88802195,0.82977694,0.04064863,0.8306105,0.75505114,0.91895586,0.8672513,0.057846718,0.8901084,0.65228695,0.84659773,0.7701037,0.06576815,0.79070497,0.9420038,0.9688155,0.9605358,0.008792456,0.96260947,0.9488441,0.972043,0.96532565,0.0075831674,0.96790594,0.5647526,0.6872168,0.6330164,0.04504529,0.6447957,85.32539,88.55609,87.14644,1.1640594,87.150955,87.61087,89.307434,88.36858,0.5768574,88.29007,4.306407,6.105572,5.0038114,0.62911624,4.883971,0.6743164,1.5166016,0.9466797,0.286451,0.83325195,57,75,67.2,5.940445175985459,68.0,TNFa,91,RFdiffusion3,SolubleMPNN,35,non_binder,0.9617558956146239,binder
cf8533fe-36f5-56af-860a-bde56dff54c3,0.81342,0.84823,0.8291740000000001,0.012503444725354706,0.82904,0.63636,0.72727,0.690908,0.03802978398571309,0.68182,0.6858,0.8011,0.72528,0.04512047207199857,0.7056,0.8408,1.0915,1.00174,0.095223437241049,1.0181,0.6670734,0.77153254,0.72947675,0.04281839,0.7437414,0.71755,0.77228105,0.74964845,0.02305196,0.7608241,0.71755,0.77153254,0.7494987,0.022869948,0.7608241,0.6670734,0.77228105,0.7296265,0.043003097,0.7437414,0.93986,0.9627325,0.95367986,0.009256095,0.9565897,0.5960379,0.6334147,0.61328286,0.015165299,0.6097906,0.56543535,0.58384097,0.5750333,0.00742682,0.5742912,91.820786,92.78291,92.33219,0.4543951,92.456924,88.756836,90.30498,89.63808,0.70433617,89.87121,13.115283,13.970035,13.5297365,0.37239143,13.592587,0.93310547,1.2802734,1.0927734,0.15475704,1.0830078,30,42,34.6,5.176871642217914,32.0,EGFR,80,PXDesign,SolubleMPNN,10,non_binder,0.9516028594970702,binder
cf9ea481-5e46-4e9e-a09c-da23e01bfdff,0.53564,0.72408,0.630713,0.06661216990076883,0.624665,0.52857,0.90476,0.70381,0.1154206761758434,0.7071449999999999,1.8621,2.7249,2.28048,0.40245235963748277,2.24315,2.6208,3.7557,3.19254,0.35903983437310516,3.1468499999999997,0.68955386,0.8492016,0.7780035,0.05755169,0.782539,0.7981817,0.8923731,0.85490257,0.030305028,0.8571875,0.859865,0.92868364,0.89773494,0.024484303,0.8971251,0.68955386,0.8492016,0.7780035,0.05755169,0.782539,0.9615968,0.97369593,0.967519,0.00430823,0.9673206,0.9666939,0.97601765,0.9710827,0.0034634236,0.9706071,0.64094675,0.7185795,0.68026596,0.02863108,0.6801474,84.45871,91.007034,88.007286,2.8286486,88.19681,88.91267,89.984406,89.41023,0.40948626,89.40137,3.9776542,5.0702543,4.5040894,0.38783535,4.527892,0.63427734,1.1806641,0.8974121,0.20226483,0.8701172,47,69,55.9,6.261877602693231,55.5,TNFa,80,PXDesign,SolubleMPNN,48,non_binder,0.9762014365196227,binder
cfc2ccdf-7083-5eec-a4d8-51ea672ebc5d,0.78529,0.86337,0.8350010000000001,0.02342724977931087,0.837475,0.76,0.92308,0.854308,0.05101630846002957,0.85269,0.8063,1.4744,1.01445,0.20201729436417623,0.95425,1.2814,2.0812,1.6758199999999999,0.24734688103057936,1.67415,0.71992415,0.8952321,0.8156954,0.0660843,0.8236153,0.8210498,0.89760745,0.8590196,0.0229083,0.8607795,0.8210498,0.91519773,0.86784136,0.031476732,0.86814547,0.71992415,0.8952321,0.8156954,0.0660843,0.8236153,0.93135035,0.95162576,0.9393605,0.0055891536,0.9395658,0.9325086,0.95837533,0.94454515,0.008997775,0.94434494,0.69987416,0.7885975,0.74167776,0.03337266,0.7415081,92.50653,95.03788,93.819595,1.1096438,93.85271,95.12635,96.828125,96.06959,0.7454288,96.08324,2.767143,3.93934,3.3948445,0.4340578,3.4326725,0.41308594,0.9667969,0.6421875,0.19671966,0.6257324,32,40,35.9,2.4244128727957572,36.5,VEGF-A,66,BoltzGen,SolubleMPNN,18,non_binder,0.9770930457115173,binder
d0147fd4-ac6d-5c2f-8f98-edc71ae26793,0.43786,0.79475,0.6352599999999999,0.13968624574380967,0.68734,0.125,0.75,0.475,0.22360679774997896,0.5,0.9199,1.4493,1.1364800000000002,0.2745827598375397,0.9486,2.5695,6.2845,4.33288,1.7372634895144723,3.7741,0.55253565,0.72437733,0.63284695,0.06299221,0.6191263,0.5848801,0.79653937,0.68363893,0.08178253,0.66910106,0.55253565,0.72437733,0.63284695,0.06299221,0.6191263,0.5848801,0.79653937,0.68363893,0.08178253,0.66910106,0.80789036,0.92089176,0.8629881,0.0434413,0.8571961,0.8376507,0.92070866,0.87934095,0.031127196,0.87147176,0.53422165,0.6425144,0.58650506,0.039703045,0.5779366,90.79166,93.660355,91.96124,1.0514266,91.725174,81.9239,84.439415,83.15492,1.0775257,83.59716,5.21244,7.2802577,6.3316603,0.7875077,6.572983,0.75,1.4755859,1.1457031,0.27290633,1.1738281,20,30,25.0,3.807886552931954,25.0,TREM2,82,BoltzGen,Caliby (SolubleCaliby),14,non_binder,0.8824225378036498,binder
d01b2d08-3c58-5ed4-9cbf-501de0040a03,0.72926,0.78788,0.75883,0.0209590171525289,0.75913,0.53659,0.56098,0.546346,0.01335895317755105,0.53659,0.7122,1.0293,0.85876,0.1176132560555995,0.8405,0.9902,1.5302,1.2915800000000002,0.21363609713716458,1.254,0.7324172,0.80255324,0.7810627,0.027810376,0.7903045,0.76955307,0.82791436,0.8103037,0.023299016,0.8171526,0.76955307,0.82791436,0.8103037,0.023299016,0.8171526,0.7324172,0.80255324,0.7810627,0.027810376,0.7903045,0.90080905,0.93402267,0.92399913,0.013232039,0.92777216,0.93494505,0.9482153,0.94278604,0.0048534865,0.94380015,0.67246026,0.70993125,0.6959526,0.014137035,0.697881,93.38123,94.03236,93.610725,0.27004018,93.48734,96.26648,96.47173,96.35897,0.08020221,96.37601,3.7421007,4.2121773,3.9391727,0.1713382,3.9229283,0.7729492,1.0507812,0.89804685,0.100608096,0.8964844,51,62,57.0,4.0620192023179795,57.0,IL-7Ra,82,PXDesign,SolubleMPNN,17,non_binder,0.9574535775184632,binder
d043654d-5066-583f-9bce-3856c31fceed,0.69699,0.87142,0.806944,0.046783275311684726,0.809085,0.53846,0.84615,0.723076,0.09029135398499924,0.76923,0.741,1.219,0.9532,0.1552202020070555,0.9497,0.7499,1.945,1.0127700000000002,0.34945087732994273,0.8936999999999999,0.5716811,0.74366784,0.66774476,0.07070882,0.6756985,0.8079009,0.8933491,0.8528622,0.0373957,0.8555909,0.8079009,0.8933491,0.8528622,0.0373957,0.8555909,0.5716811,0.74366784,0.66774476,0.07070882,0.6756985,0.88041896,0.9300577,0.9094332,0.018862152,0.9121101,0.84973675,0.9614309,0.9129845,0.051564757,0.9272522,0.55862164,0.6674275,0.6153545,0.0427615,0.61455023,88.01656,93.17458,90.84463,2.1559734,91.26726,80.70219,93.24749,88.53948,4.9668894,89.769035,4.5875974,8.358664,6.3156714,1.695768,5.9124722,1.0058594,1.9248047,1.4003906,0.33856326,1.3364258,51,70,58.9,6.367451958550173,58.5,Nipah-G,100,PXDesign,SolubleMPNN,21,binder,0.9696625018119812,binder
d05d434f-b2a5-577e-ae94-d43ec7ed1f50,0.52181,0.60925,0.5583319999999999,0.026925547059334674,0.5589649999999999,0.48227,0.70455,0.568374,0.06749362837417404,0.55714,2.3858,2.6708,2.5229600000000003,0.08216598647453435,2.5135,3.5001,3.7609,3.6387500000000004,0.08152620914637074,3.6465,0.44593427,0.8697476,0.7241281,0.11433005,0.75146866,0.67836225,0.87389195,0.795254,0.06440153,0.81778944,0.67836225,0.90731585,0.82047415,0.060747016,0.83255947,0.44593427,0.8697476,0.7241281,0.11433005,0.75146866,0.92870724,0.97991574,0.9586589,0.013457069,0.9605435,0.9403329,0.9827176,0.96388686,0.011262954,0.9649249,0.48476616,0.71830136,0.6246323,0.060797025,0.635687,75.636665,85.77034,80.880554,4.0661707,81.62576,86.29107,87.077385,86.82006,0.22449705,86.879196,3.6019597,7.0959363,5.094369,0.88341004,4.9287434,0.79248047,2.4609375,1.3056152,0.4619111,1.1977539,60,74,66.8,4.442221666388716,66.5,TNFa,84,RFdiffusion3,Caliby (SolubleCaliby),28,non_binder,0.9541596937179565,binder
d0747c7e-c92f-451a-83cc-7952f892afcb,0.48795,0.85724,0.734301,0.1574657568736066,0.827685,0.48148,0.82474,0.694426,0.1410210718060721,0.7628900000000001,0.6549,2.5635,1.2278,0.8077313084601009,0.75455,2.5571,5.2046,3.4087000000000005,1.1262671984135126,2.7843,0.01071351,0.89113003,0.5998982,0.36675575,0.80023766,0.021572135,0.8998925,0.66355634,0.3447836,0.8699459,0.021572135,0.94528383,0.68779933,0.36281115,0.8933838,0.01071351,0.89113003,0.5998982,0.36675575,0.80023766,0.83988184,0.97584945,0.9332763,0.055167194,0.96055007,0.8807333,0.9772503,0.9454893,0.039275896,0.96336895,0.06783932,0.75894415,0.5374702,0.28062063,0.6874348,80.72096,94.32005,88.92588,5.9730234,91.65757,86.7957,90.394905,88.66304,1.4270549,88.79834,3.4772577,13.825517,6.5555496,3.960452,4.525274,0.4729004,8.0234375,2.5648682,3.0395198,0.7558594,50,63,57.1,5.021066730398143,58.0,TNFa,80,PXDesign,SolubleMPNN,40,binder,0.9493376207351684,binder
d082adc7-9a12-5a12-8743-7b9ded1fca60,0.83809,0.8618,0.8468220000000001,0.010733346169764577,0.84122,0.69231,0.73077,0.700002,0.0171998348829284,0.69231,0.5557,0.6643,0.62346,0.045713488162685646,0.6482,0.7664,1.1526,0.9263199999999999,0.1613211920362604,0.9079,0.9143596,0.9297241,0.92183685,0.0058627287,0.9212882,0.92354876,0.9418797,0.93223315,0.00700034,0.93200195,0.92354876,0.9418797,0.93223315,0.00700034,0.93200195,0.9143596,0.9297241,0.92183685,0.0058627287,0.9212882,0.9637229,0.9705649,0.9670804,0.0026181024,0.9668831,0.9742961,0.9788431,0.9766882,0.0017538881,0.9767017,0.80893373,0.8290913,0.8195876,0.007450439,0.8185611,96.41573,96.81256,96.53751,0.15974995,96.49731,96.034325,96.13943,96.09103,0.040270567,96.08618,2.1305342,2.396925,2.263571,0.095792964,2.2706647,0.40942383,0.46948242,0.44760743,0.02692507,0.46362305,39,45,43.0,2.3452078799117153,44.0,PD-L1,85,PXDesign,SolubleMPNN,10,binder,0.9834081435203552,binder
d082e957-3295-557d-983f-de92f777f740,0.01299,0.63326,0.30781000000000003,0.31096755704306733,0.295695,0.0,0.84615,0.399999,0.4229592004082663,0.365385,0.5038,13.3921,6.93711,6.719701680622106,6.92035,18.0056,51.5784,36.74628,15.35300755833274,38.07355,0.18505318,0.85985404,0.545451,0.31796718,0.551921,0.3342682,0.9173914,0.6637173,0.24961197,0.68334913,0.3342682,0.85985404,0.6388287,0.22369832,0.6648531,0.18505318,0.9173914,0.57033956,0.344286,0.57041705,0.80462563,0.9721832,0.8942599,0.074836306,0.8993248,0.7819499,0.8455198,0.81819135,0.018093338,0.8224933,0.2557599,0.7918506,0.5336021,0.25466245,0.53472203,88.066284,92.8152,90.448395,2.3123555,90.4456,79.31573,85.493416,81.93909,2.7223947,80.277374,6.8169336,12.681643,9.355298,2.3635573,8.908727,0.38208008,3.6738281,1.7571533,1.4138416,1.6052246,30,40,34.2,2.859681411936962,34.0,RBX1,66,Genie3,SolubleMPNN,13,non_binder,0.8118887972831725,binder
d090d15b-ffd2-544e-a1f1-42e6b0212c78,0.84137,0.8732,0.861302,0.013652218501034923,0.86529,0.71875,0.78125,0.75,0.02209708691207961,0.75,0.5665,0.7101,0.64466,0.057179261974950324,0.6383,0.6893,1.025,0.84032,0.1317894419139864,0.7896,0.94299185,0.95084774,0.94605035,0.0032330127,0.94642144,0.94886917,0.96272165,0.95520526,0.004972803,0.95527416,0.94886917,0.96272165,0.95520526,0.004972803,0.95527416,0.94299185,0.95084774,0.94605035,0.0032330127,0.94642144,0.98314244,0.98558164,0.9840983,0.0009989702,0.98420227,0.981681,0.9866927,0.98413295,0.0017900108,0.98410475,0.80907065,0.8327526,0.8190811,0.008622195,0.81720054,96.850624,97.2114,96.989845,0.15013722,96.949196,95.17296,95.52401,95.38469,0.14096637,95.37112,2.135819,2.4722483,2.3086956,0.12566495,2.3406274,0.29492188,0.3149414,0.30776367,0.00816613,0.3088379,60,72,67.8,4.711687595755899,70.0,BHRF1,72,BoltzGen,SolubleMPNN,17,binder,0.9809292316436767,binder
d105e275-e710-5cd5-acea-880a69746700,0.02651,0.02782,0.02701,0.00048790367901871824,0.02695,0.0,0.0,0.0,0.0,0.0,12.738,13.005,12.9158,0.10455694620636229,12.9579,30.9202,31.87,31.54162,0.3637105882429045,31.6655,0.38628882,0.68679345,0.51376784,0.11825989,0.52011836,0.5323606,0.8188656,0.6639999,0.11286101,0.6807425,0.5323606,0.8188656,0.6639999,0.11286101,0.6807425,0.38628882,0.68679345,0.51376784,0.11825989,0.52011836,0.6519043,0.8817401,0.76084214,0.090744056,0.77756375,0.81261784,0.9195579,0.8587718,0.04269736,0.86411864,0.5953052,0.75666445,0.6722363,0.06470019,0.68665093,92.618645,94.383316,93.35899,0.66571116,93.30338,89.56515,91.69117,90.73312,0.7725452,90.79075,3.1578796,5.0539327,4.1347322,0.7674436,3.9476955,1.0087891,2.203125,1.6539062,0.47962075,1.5488281,40,50,45.6,4.037325847637271,45.0,BBF-14,70,RFdiffusion3,SolubleMPNN,26,non_binder,0.7237324571609497,binder
d17e8e36-54ac-5742-ad0a-debf7acf2966,0.81402,0.85554,0.829936,0.016266380359502227,0.82533,0.55172,0.65517,0.606896,0.03931675698732029,0.62069,0.4323,0.5275,0.48672000000000004,0.036003985890453845,0.4932,0.9309,1.6101,1.24404,0.25316985997547187,1.1725,0.88675994,0.92510754,0.9082915,0.014605397,0.9100182,0.92265654,0.9444246,0.93606967,0.008505369,0.9380106,0.92265654,0.9444246,0.93606967,0.008505369,0.9380106,0.88675994,0.92510754,0.9082915,0.014605397,0.9100182,0.95763206,0.9699556,0.9652473,0.0048196996,0.96636415,0.9609709,0.9744354,0.9686562,0.005273012,0.9697459,0.74932295,0.7927435,0.7750586,0.016899018,0.7782444,93.10017,93.615295,93.476685,0.21640925,93.56562,95.735504,96.28723,96.07463,0.21906936,96.181305,2.6615248,3.2512517,2.9065413,0.23120329,2.8632874,0.43017578,0.5214844,0.46479493,0.034626853,0.45947266,35,41,37.6,2.302172886644268,38.0,PD-L1,102,FreeBindCraft (BindCraft),designed jointly by the structure model (native co-design),27,non_binder,0.9729928350448608,binder
d1d67f86-b242-5473-a502-7a6fa61ceee8,0.03165,0.33198,0.181982,0.1551644514557234,0.18198,0.0,0.0,0.0,0.0,0.0,9.5476,21.4488,15.184819999999998,5.915284194694283,14.935099999999998,1.4413,27.0256,13.66064,12.690588760022129,13.17525,0.0,0.57014346,0.2123528,0.232231,0.17831993,0.0,0.7357958,0.32335117,0.34071296,0.30495924,0.0,0.7357958,0.32226062,0.34183976,0.29950643,0.0,0.57014346,0.2123528,0.232231,0.17831993,0.53567964,0.9387342,0.7467851,0.17714347,0.764603,0.623436,0.95000935,0.79424316,0.14437102,0.8085577,0.0,0.5326557,0.22461513,0.22894645,0.20931302,84.051605,91.22874,87.69923,3.3254664,87.864,85.19599,89.78441,87.77032,1.4655809,87.72237,6.4020696,25.927711,14.163292,7.1900926,13.263592,2.2988281,18.25,8.061523,5.4603705,7.2685547,28,50,37.2,8.469553313683866,32.5,TNFa,109,RFdiffusion,SolubleMPNN,32,non_binder,0.5349524354934692,binder
d1fe008f-2ca7-5b35-a7d9-f5e6375bb745,0.8722,0.91908,0.897204,0.01844264839983675,0.90122,0.75758,0.84848,0.8,0.04065171583094617,0.81818,0.4639,0.5807,0.506,0.04760535684143121,0.4852,0.5197,0.8816,0.63978,0.14491751791967736,0.6297,0.9153842,0.92630374,0.91960204,0.004987148,0.917457,0.93846947,0.95088214,0.943686,0.005762544,0.94038,0.93846947,0.95088214,0.943686,0.005762544,0.94038,0.9153842,0.92630374,0.91960204,0.004987148,0.917457,0.9711867,0.97526675,0.97278863,0.0018529071,0.9720529,0.9753991,0.9806346,0.9778522,0.0023641046,0.9770717,0.7794483,0.797521,0.7880079,0.008675657,0.7849884,96.020515,96.21827,96.10918,0.07368228,96.11862,94.58027,94.916275,94.79323,0.12696004,94.825,2.6367114,3.0113907,2.8435702,0.17724077,2.894537,0.33666992,0.3552246,0.34638673,0.00878635,0.35131836,62,67,64.0,1.8708286933869693,64.0,BHRF1,79,BoltzGen,SolubleMPNN,15,non_binder,0.9747639036178588,binder
d2a78282-fb38-5677-8261-12f1c5fec2e2,0.01257,0.79293,0.290636,0.3056843627084062,0.23537,0.0,0.72727,0.318181,0.34617029786090997,0.227275,0.7105,14.6345,7.648269999999999,7.266673202757,7.5813,3.7558,50.9351,34.41034,17.751686939693617,36.58295,0.0,0.8514646,0.41830745,0.4409997,0.4110983,0.0,0.91308385,0.4426926,0.46704054,0.41914055,0.0,0.8514646,0.41830745,0.4409997,0.4110983,0.0,0.91308385,0.4426926,0.46704054,0.41914055,0.6934616,0.9609826,0.82495946,0.12926507,0.817661,0.67966497,0.8440644,0.7617327,0.07094346,0.75555587,0.0,0.7553072,0.3694513,0.389537,0.36208865,81.31725,95.08976,88.6336,6.4771967,88.754715,74.47515,85.91556,80.14607,4.437444,77.53429,7.756119,26.20119,17.045193,8.919756,16.84867,0.39892578,16.765625,8.227758,8.203661,7.652832,18,30,25.5,4.32691832858239,28.0,RBX1,92,PXDesign,SolubleMPNN,11,binder,0.7092689836025238,binder
d307b96e-49d5-55df-ac35-6b81c7259cc7,0.63433,0.84404,0.784224,0.08540381127326813,0.80657,0.69231,0.84615,0.799998,0.06879933953171354,0.84615,0.842,1.8988,1.11938,0.44219820442873803,0.9062,2.4108,3.8953,2.8714,0.5966169457868257,2.6009,0.14213309,0.4610376,0.3581715,0.12721182,0.3740794,0.24137232,0.60192966,0.49187368,0.14647064,0.51402104,0.24137232,0.60192966,0.49187368,0.14647064,0.51402104,0.14213309,0.4610376,0.3581715,0.12721182,0.3740794,0.3414559,0.7083162,0.6021255,0.1510288,0.63026166,0.6854977,0.8195584,0.7780768,0.054371964,0.7863722,0.32843935,0.5831634,0.5055292,0.10320541,0.5219453,80.37611,89.22606,86.81015,3.6661313,88.34279,84.062546,90.02472,88.04731,2.3385463,88.855835,5.309764,8.4294195,6.2905145,1.2579776,6.1155896,0.9941406,3.3574219,1.5972656,0.99414176,1.2607422,51,56,54.2,2.167948338867879,55.0,BBF-14,66,Genie3,SolubleMPNN,30,non_binder,0.8753298521041869,binder
d357fbbe-d896-5782-bb8e-ddc7dbc0d267,0.84415,0.89643,0.877758,0.020400048284256598,0.88439,0.75,0.82143,0.8,0.03194502621692462,0.82143,0.5536,0.7461,0.62514,0.08320131008583945,0.5944,0.9051,1.4863,1.13514,0.23175912711261232,1.1477,0.7594035,0.86230403,0.8273721,0.039798133,0.8410822,0.7923868,0.873448,0.8476741,0.032750595,0.8639669,0.7923868,0.873448,0.8476741,0.032750595,0.8639669,0.7594035,0.86230403,0.8273721,0.039798133,0.8410822,0.88249356,0.9378437,0.9195002,0.02156222,0.9271554,0.92809504,0.9571681,0.94846785,0.011849433,0.9540146,0.72861886,0.7863458,0.7679763,0.02289709,0.7770704,97.254395,97.51728,97.37932,0.0973774,97.36302,96.109215,96.615524,96.38649,0.21223192,96.42386,2.8031795,3.4323106,2.9819667,0.26816583,2.825518,0.60791016,0.92822266,0.72441405,0.12056276,0.69433594,30,34,32.6,1.9493588689617927,34.0,TrkA,81,BoltzGen,SolubleMPNN,11,non_binder,0.9781769490242004,binder
d38a1ab8-5b91-5127-bafe-8392285bd286,0.01214,0.44402,0.214648,0.2124040885670518,0.20657999999999999,0.0,0.76667,0.326667,0.35199671015034595,0.266665,2.3414,20.3773,11.14188,9.200938283530292,10.808349999999999,8.9491,47.4935,29.41863,16.868511675706436,31.167749999999998,0.0,0.84657574,0.41032633,0.43283755,0.39436728,0.010182545,0.9216604,0.4447456,0.4586038,0.40227306,0.010182545,0.84657574,0.41626406,0.42747244,0.40227306,0.0,0.9216604,0.43880787,0.46401393,0.39436728,0.69857955,0.9672787,0.8287077,0.12531291,0.81764495,0.68720305,0.8497366,0.76747847,0.068543196,0.7571065,0.05302929,0.78088486,0.41010714,0.3641388,0.39830935,64.07022,90.93015,78.21546,12.488679,79.52147,73.90321,84.48722,77.57427,4.684297,75.195526,6.6800294,22.004616,13.962099,7.024406,14.309839,0.41503906,9.859375,4.761963,4.5046134,4.491455,30,51,41.4,7.618690467819549,40.5,RBX1,85,PXDesign,SolubleMPNN,22,binder,0.6733450889587402,binder
d38b1fee-fa2b-566f-ad69-73e53f45005f,0.84226,0.87482,0.855354,0.015694883879787087,0.8468,0.69231,0.76923,0.7333339999999999,0.03439966976585678,0.71795,0.5897,0.6884,0.63422,0.039697191336415714,0.6217,0.8918,1.2426,1.0585799999999999,0.1345448326766955,1.0562,0.7779784,0.825831,0.80481404,0.018106852,0.8087213,0.8783581,0.8998281,0.88816214,0.008721649,0.89063,0.8783581,0.8998281,0.88816214,0.008721649,0.89063,0.7779784,0.825831,0.80481404,0.018106852,0.8087213,0.948707,0.9618963,0.9560342,0.005059929,0.95704967,0.9632447,0.9685805,0.9661088,0.0019397773,0.96644205,0.70360124,0.7237818,0.71460116,0.007341597,0.71560335,90.909134,91.8699,91.47273,0.45491385,91.65768,96.79864,97.24803,97.074554,0.17085354,97.105835,3.6336381,3.9088852,3.765691,0.10174404,3.780918,0.76416016,0.92578125,0.82490236,0.06564487,0.81689453,57,60,58.4,1.51657508881031,58.0,MBP,80,PXDesign,SolubleMPNN,13,non_binder,0.9776603484153747,binder
d3957b97-e2a9-5703-abba-946f369af464,0.85508,0.89626,0.8707139999999999,0.015285757423170102,0.86666,0.82759,0.86207,0.8551740000000001,0.015419924772838519,0.86207,0.6668,0.8781,0.82774,0.09022808875289336,0.862,0.6737,1.026,0.81774,0.1345769222415196,0.7758,0.9312258,0.93815756,0.93529165,0.002767928,0.9347966,0.95070803,0.95523846,0.9532112,0.0021130666,0.9535865,0.95070803,0.95523846,0.9532112,0.0021130666,0.9535865,0.9312258,0.93815756,0.93529165,0.002767928,0.9347966,0.9758132,0.97838914,0.97731173,0.0010306538,0.9771146,0.9796937,0.98167837,0.98093605,0.0007564658,0.98103434,0.79965407,0.80520433,0.8025177,0.0019762397,0.8025057,97.19302,97.53508,97.40557,0.12758946,97.439255,94.028694,94.75399,94.55106,0.29643443,94.65153,2.5694077,2.6804843,2.6374,0.057656962,2.67803,0.33447266,0.35375977,0.3456543,0.009286013,0.35107422,53,58,56.4,2.0736441353327715,57.0,BHRF1,85,BoltzGen,SolubleMPNN,13,non_binder,0.9786830353736877,binder
d447088e-3957-5ef2-be68-010594050041,0.00548,0.00573,0.0056,0.00010368220676663885,0.00558,0.0,0.0,0.0,0.0,0.0,28.6037,29.4151,29.030459999999998,0.3823053596276155,29.1779,70.2215,71.8165,70.9876,0.6371132709338281,71.0243,0.0,0.6249024,0.13371141,0.20695667,0.005690339,0.0,0.74108577,0.2294642,0.26309675,0.14130864,0.0,0.74108577,0.2294642,0.26309675,0.14130864,0.0,0.6249024,0.13371141,0.20695667,0.005690339,0.5106868,0.8681267,0.67691666,0.08962147,0.66784114,0.55353296,0.86410946,0.7101823,0.077782206,0.70700705,0.0,0.46143764,0.13260116,0.14806664,0.10673719,77.7385,90.86624,83.44955,5.076648,83.48984,71.68682,83.61752,76.80815,3.9975023,75.98163,8.333443,27.13916,17.920597,6.967834,15.518004,1.5273438,16.859375,8.638281,5.7633066,6.486328,36,71,49.2,10.695793565696752,47.5,Latent GDF-8,78,Genie3,ProteinMPNN,28,non_binder,0.3535723787546157,non_binder
d496f620-b07e-5353-b1df-6727c6b6ec0c,0.01119,0.65361,0.300977,0.3133500553002452,0.2065,0.0,0.93333,0.4,0.42975726712231926,0.3,0.4968,19.471,9.554359999999999,9.275629572666931,9.73295,13.1842,51.2933,34.70288,16.60522646737734,34.64315,0.011812714,0.846114,0.46163177,0.3976079,0.5229918,0.10694662,0.9185451,0.55857456,0.3708528,0.6592077,0.10694662,0.846114,0.52529705,0.3367289,0.6222595,0.011812714,0.9185451,0.4949093,0.43237197,0.55994,0.74049574,0.9635402,0.86211455,0.09959369,0.8767537,0.7322363,0.84461474,0.7973504,0.040032543,0.8158095,0.1164775,0.75221545,0.44632632,0.31335706,0.48385304,78.68003,93.75812,86.76921,6.9129,87.00786,77.57305,83.74125,79.98262,2.6601827,78.99484,7.7005687,16.056576,11.564341,3.337633,10.606321,0.4104004,6.625,3.1462646,2.8743234,2.5168457,11,33,23.4,7.919034733546201,25.0,RBX1,92,PXDesign,SolubleMPNN,11,binder,0.8025164449214935,binder
d498b2d5-2b90-5e26-a478-ce6ffaa746bd,0.78366,0.85876,0.8176059999999999,0.027924030511371357,0.81546,0.66667,0.85714,0.742858,0.07221469012604015,0.71429,0.7485,0.9177,0.80114,0.06868306195853528,0.7726,1.6373,2.8112,2.26066,0.5224944191089508,2.353,0.8147133,0.85059434,0.8301339,0.018252378,0.8209965,0.86014175,0.89554644,0.8760084,0.017002525,0.86703837,0.86014175,0.89554644,0.8760084,0.017002525,0.86703837,0.8147133,0.85059434,0.8301339,0.018252378,0.8209965,0.91969866,0.93797755,0.927512,0.009325645,0.92279637,0.94882727,0.96043754,0.9541707,0.005634242,0.95168895,0.7665528,0.79715526,0.78053445,0.013627644,0.77332693,96.64256,97.3717,97.089615,0.3108949,97.255394,96.424904,96.74003,96.60286,0.14308211,96.625694,2.5596797,3.0484154,2.8280337,0.21023962,2.9225972,0.5683594,0.67626953,0.6243164,0.04954984,0.6484375,24,29,26.0,1.8708286933869709,26.0,TrkA,73,RFdiffusion3,SolubleMPNN,13,binder,0.9740937948226928,binder
d4dc0c58-99b0-5185-aa51-470753372c58,0.84215,0.89643,0.879588,0.021462055353576957,0.88491,0.75862,0.86207,0.8275880000000001,0.042233285687949956,0.82759,0.6558,0.8142,0.70998,0.06326469789701043,0.6787,0.4587,0.9487,0.61334,0.19260714680405808,0.5527,0.93062484,0.94624764,0.93518895,0.006696565,0.9314968,0.9440618,0.9622728,0.9503001,0.0077634053,0.9457021,0.9440618,0.9622728,0.9503001,0.0077634053,0.9457021,0.93062484,0.94624764,0.93518895,0.006696565,0.9314968,0.9755334,0.9810269,0.9771477,0.0023579197,0.9758755,0.97730714,0.98420453,0.97961825,0.0028837752,0.9779835,0.7913072,0.8189597,0.7996739,0.011998555,0.7923032,96.82449,97.3169,97.17576,0.20238324,97.2238,94.585724,95.13742,94.901955,0.2051396,94.91588,2.4564226,2.8772724,2.7164538,0.17012501,2.7920067,0.31518555,0.36108398,0.34467775,0.019442087,0.35302734,54,58,55.6,1.5165750888103107,55.0,BHRF1,85,BoltzGen,SolubleMPNN,13,non_binder,0.9595285081863403,binder
d4e1d2d8-5238-5918-95cd-0cf40cf7923d,0.72635,0.80497,0.77686,0.02997096761868054,0.78083,0.55556,0.77778,0.7333360000000001,0.09937980519200065,0.77778,0.7167,0.8504,0.78362,0.049578140344309025,0.7748,3.8282,4.3886,4.09252,0.21657750806581935,4.1397,0.77303237,0.7793488,0.77635634,0.0029801074,0.77677244,0.8163317,0.8274078,0.82031476,0.004181719,0.81953806,0.8163317,0.8274078,0.82031476,0.004181719,0.81953806,0.77303237,0.7793488,0.77635634,0.0029801074,0.77677244,0.9583109,0.9600089,0.95910704,0.0007294156,0.95899844,0.9468883,0.9532003,0.9503868,0.002608695,0.95053256,0.6087815,0.6230414,0.61415017,0.0053548953,0.61353916,93.30691,93.61583,93.45278,0.11609175,93.45466,96.655495,96.875404,96.763794,0.078250796,96.76324,4.8164096,5.0147805,4.937255,0.074915335,4.943801,0.80029297,0.86865234,0.8232422,0.027282646,0.81591797,24,27,25.2,1.0954451150103324,25.0,MBP,65,PXDesign,SolubleMPNN,7,non_binder,0.9727373385429382,binder
d53a4521-641c-56ef-bacc-ed45132d1434,0.00736,0.04953,0.029899,0.015911395252739116,0.034445,0.0,0.0,0.0,0.0,0.0,13.0363,23.9918,17.88687,3.6805028895670096,17.3612,21.4691,62.4541,34.83637,16.584532227152035,26.1021,0.0,0.1020967,0.019713504,0.034763984,0.0,0.0,0.30992165,0.07519396,0.11540006,0.010797737,0.0,0.30992165,0.07519396,0.11540006,0.010797737,0.0,0.1020967,0.019713504,0.034763984,0.0,0.12677047,0.44145772,0.27646747,0.11939869,0.27131563,0.7047779,0.8602816,0.79043525,0.056984734,0.81492424,0.0,0.13263269,0.050723523,0.04908314,0.058370516,80.72909,85.13185,83.48799,1.4597406,83.877426,81.21044,91.759605,86.4941,4.750147,86.58174,11.696687,24.460684,17.626102,4.6181808,15.489148,5.921875,16.59375,10.410547,3.503247,9.339844,16,52,30.0,11.015141094572202,27.5,Nipah-G,99,Genie3,SolubleMPNN,31,non_binder,0.2744224655628204,non_binder
d53b8354-6fc5-52c9-9c39-b2945f5c69fb,0.38048,0.49254,0.45754400000000006,0.04454225555582025,0.47205,0.25,0.5,0.45,0.11180339887498948,0.5,2.5686,2.7648,2.69436,0.07918934903129343,2.6956,5.257,6.1289,5.7560199999999995,0.37001760363528646,5.8345,0.11064237,0.41713992,0.21036343,0.12667961,0.14599895,0.16785887,0.5390136,0.29963762,0.15414621,0.2304592,0.16785887,0.5390136,0.29963762,0.15414621,0.2304592,0.11064237,0.41713992,0.21036343,0.12667961,0.14599895,0.27906483,0.66292876,0.4151419,0.1620681,0.3374111,0.63443136,0.81433874,0.6937192,0.07771812,0.65095204,0.22782835,0.5996109,0.36360666,0.15879135,0.28734156,87.13316,91.49616,89.0545,1.7267935,89.0186,84.813965,90.62117,86.6995,2.3180728,86.238655,5.006116,9.838239,8.076497,2.0811062,9.062791,1.9707031,4.8671875,3.6796875,1.1817496,4.2382812,46,50,48.0,1.5811388300841898,48.0,BBF-14,75,RFdiffusion,SolubleMPNN,27,non_binder,0.5705333316326141,binder
d578d833-8bef-5858-8ac7-124ef579418f,0.83105,0.84324,0.8378500000000001,0.004855852139429304,0.8396,0.66667,0.71429,0.695242,0.02608254818839601,0.71429,0.611,0.6782,0.6444799999999999,0.028487400723828788,0.6332,1.2076,1.61,1.37672,0.15205016277531577,1.3818,0.80837077,0.83109957,0.81692773,0.008485209,0.8145803,0.85059786,0.866068,0.85622245,0.006117213,0.85577697,0.85059786,0.866068,0.85622245,0.006117213,0.85577697,0.80837077,0.83109957,0.81692773,0.008485209,0.8145803,0.9329936,0.9414573,0.9359685,0.003280519,0.9347472,0.9446681,0.9501105,0.9471711,0.0021055094,0.9474497,0.6863538,0.7028744,0.69418174,0.0060736197,0.6933409,93.96938,94.37974,94.16951,0.18354104,94.13067,95.96758,96.24755,96.11744,0.10138359,96.140144,3.8607366,4.1181927,3.9854379,0.10110402,3.9746401,0.69384766,0.7841797,0.74072266,0.033383943,0.7363281,31,35,33.8,1.6431676725154973,34.0,IL-7Ra,87,PXDesign,SolubleMPNN,9,binder,0.9773643136024475,binder
d5c03477-8333-5152-aad6-42b0aee8298b,0.04394,0.23004,0.171428,0.07409790361406994,0.18774,0.0,0.6087,0.417392,0.24324638028139287,0.47826,11.4175,21.0069,18.31614,4.043783038566733,20.5655,23.5961,29.705,27.497719999999997,2.7138386829360366,28.8486,0.010560069,0.65522987,0.5069152,0.27822557,0.6311721,0.11335769,0.7313312,0.598619,0.27142766,0.7160279,0.010560069,0.7313312,0.57805943,0.3173772,0.7160279,0.11335769,0.65522987,0.52747476,0.2324024,0.6311721,0.5074981,0.93553364,0.844427,0.18844417,0.9288849,0.6134704,0.63653195,0.627041,0.008738344,0.6265648,0.10570293,0.5331481,0.4423334,0.18828449,0.52549666,77.87532,90.26667,87.48049,5.3780146,89.898254,88.51184,91.13885,90.496704,1.113677,90.95325,13.111226,14.943299,13.808843,0.72170997,13.558122,1.3320312,7.9492188,2.7429688,2.912065,1.4472656,26,29,28.2,1.30384048104053,29.0,EGFR,82,PXDesign,SolubleMPNN,13,non_binder,0.7414576876163482,binder
d5de4a4f-b556-57e9-af9c-436dade773a7,0.39834,0.53049,0.4560700000000001,0.06568098012362486,0.41953,0.31579,0.47368,0.36842,0.07443005978769596,0.31579,1.8563,2.42,2.15992,0.2576505424019128,2.2495,4.5747,6.9161,5.9824,1.0024749074166397,6.4441,0.56836116,0.7405348,0.65381527,0.0689305,0.6666481,0.65159094,0.82658035,0.7452916,0.0707924,0.7745752,0.56836116,0.7405348,0.65381527,0.0689305,0.6666481,0.65159094,0.82658035,0.7452916,0.0707924,0.7745752,0.8673374,0.9439855,0.9096017,0.031070653,0.92358047,0.8111151,0.9000164,0.85005665,0.035877068,0.8434523,0.5819908,0.6745096,0.63114214,0.036566436,0.62487674,94.88844,95.68744,95.24644,0.30913144,95.2945,83.04254,84.96679,84.08049,0.77445966,84.129295,5.144868,7.448568,6.4380674,0.94666857,6.7939396,0.71533203,1.2177734,0.9398438,0.19433023,0.8701172,15,24,21.2,3.5637059362410923,22.0,TREM2,70,PXDesign,SolubleMPNN,7,binder,0.8480959928035735,binder
d61df2e7-5f13-5378-bfc4-520f44f8dde2,0.0605,0.825,0.48532000000000003,0.3896619911538717,0.71412,0.0,0.7619,0.447618,0.40907947103221887,0.71429,0.887,12.3471,5.62964,6.0897207081277545,1.5359,1.4381,19.0042,8.863560000000001,9.23978406555045,2.9535,0.1654877,0.41083243,0.25108248,0.11305967,0.17736019,0.2900907,0.57031393,0.38624,0.1238503,0.31675166,0.2900907,0.57031393,0.38624,0.1238503,0.31675166,0.1654877,0.41083243,0.25108248,0.11305967,0.17736019,0.4015215,0.68750995,0.5021311,0.12704128,0.43102667,0.73099977,0.8478596,0.77238834,0.055080306,0.7363938,0.34493315,0.6154173,0.448417,0.12426491,0.3767545,90.56204,93.56383,92.038826,1.4329408,92.07751,92.385826,94.12268,93.22931,0.7553885,92.94365,4.7643933,8.082453,6.8174186,1.5302439,7.703274,1.8671875,3.53125,2.791797,0.7150006,2.9648438,19,33,26.8,5.932958789676531,27.0,PD-L1,75,PXDesign,SolubleMPNN,14,non_binder,0.906302056312561,binder
d66b1efb-6753-5c7c-89bf-91b4d29333ca,0.04358,0.16407,0.093276,0.044413453254616445,0.08547,0.0,0.06667,0.013333999999999999,0.029815730411982194,0.0,4.808,9.5136,7.04378,1.7221669611277532,6.938,11.9265,24.6239,17.13438,4.698903703205673,16.4001,0.04053191,0.24789178,0.17084077,0.08453518,0.20488307,0.07636993,0.3438554,0.24357788,0.109876275,0.28579578,0.07636993,0.3438554,0.24357788,0.109876275,0.28579578,0.04053191,0.24789178,0.17084077,0.08453518,0.20488307,0.21031718,0.4766227,0.3709593,0.11182898,0.4169689,0.617297,0.73855025,0.6897453,0.05400808,0.7075941,0.15116037,0.43942317,0.33191657,0.12832329,0.38756907,88.28604,91.41156,89.825485,1.2968127,90.25133,88.424126,90.23608,89.25976,0.73261714,89.38837,6.854885,11.29617,8.419343,1.9256495,7.511791,3.0195312,6.2929688,4.105078,1.3616562,3.4121094,23,31,26.6,3.0495901363953815,26.0,BBF-14,73,RFdiffusion3,SolubleMPNN,16,non_binder,0.5028428220748902,binder
d672a4f1-fbd4-5668-9839-211942d02d1d,0.64997,0.73789,0.708804,0.03422250984366867,0.72146,0.66667,0.77778,0.755558,0.04968990259600034,0.77778,1.3258,1.7109,1.5482,0.1487761909715395,1.5873,2.4997,3.5897,3.05656,0.4076514785941543,3.1165,0.8674915,0.88482934,0.8757286,0.0061901617,0.87498426,0.88761777,0.9005511,0.8939341,0.00586711,0.895914,0.88761777,0.9005511,0.8939341,0.00586711,0.895914,0.8674915,0.88482934,0.8757286,0.0061901617,0.87498426,0.93816423,0.94567627,0.94192046,0.0034066562,0.9431292,0.95155805,0.9582152,0.9552225,0.00239738,0.9556642,0.7664237,0.7816668,0.7758721,0.0059770853,0.7760201,95.93475,96.34086,96.09468,0.16363594,96.03686,95.84434,96.19158,95.974304,0.13929944,95.95982,2.8508766,3.0462961,2.9289126,0.07719706,2.90884,0.43579102,0.50097656,0.4798828,0.027197639,0.49267578,40,48,43.0,3.0000000000000004,42.0,TrkA,90,RFdiffusion3,SolubleMPNN,33,non_binder,0.9721706199645996,binder
d68dd7d8-30e7-5408-9335-f8a931e603f6,0.35808,0.41976,0.380398,0.02323246048097362,0.37438,0.0,0.0,0.0,0.0,0.0,2.034,2.7544,2.46518,0.2673514017169164,2.5248,2.7214,3.6334,3.31844,0.3482773147938292,3.397,0.11099308,0.17995708,0.13595863,0.028268661,0.13689692,0.22484098,0.36573252,0.27100462,0.055284876,0.24779679,0.22484098,0.36573252,0.27100462,0.055284876,0.24779679,0.11099308,0.17995708,0.13595863,0.028268661,0.13689692,0.44566885,0.5460032,0.47942486,0.040790685,0.47582883,0.8653662,0.88706034,0.8745063,0.007966536,0.8731996,0.18327475,0.26096097,0.20987435,0.030278474,0.20382366,84.58981,85.48563,84.87056,0.3530259,84.74679,94.31295,94.845024,94.54949,0.1985487,94.53274,9.337499,10.772111,10.298777,0.5664514,10.491573,4.6679688,6.1054688,5.650781,0.58257234,5.7109375,23,34,30.4,4.335896677735759,31.0,MBP,80,PXDesign,SolubleMPNN,30,non_binder,0.7821757924556731,binder
d6d9bf70-edc3-5baa-ab6f-c0e284523339,0.00671,0.02109,0.010786,0.004716088774963141,0.009335,0.0,0.0,0.0,0.0,0.0,17.5518,34.2717,27.229129999999998,6.005286227622016,27.591549999999998,34.8905,62.4217,51.92256999999999,9.393034153036552,53.015150000000006,0.0,0.0,0.0,0.0,0.0,0.0,0.010909825,0.0010909825,0.0034499895,0.0,0.0,0.010909825,0.0010909825,0.0034499895,0.0,0.0,0.0,0.0,0.0,0.0,0.2145225,0.8555469,0.5482766,0.29018384,0.5616453,0.6227859,0.89289856,0.75223094,0.11858221,0.7440996,0.0,0.03813086,0.0063897087,0.013523102,0.0,81.873344,84.64082,83.15419,1.0928199,82.79286,84.819855,85.716125,85.20249,0.3403966,85.147354,17.832016,26.822645,23.174099,3.3644826,23.972343,9.4140625,19.703125,14.234375,3.3921888,13.859375,32,79,55.7,14.118939211018809,54.0,Cas9,79,Proteina-Complexa,SolubleMPNN,39,binder,0.39777628183364866,non_binder
d72057a4-304b-5b55-b76a-1e307e645ffa,0.88586,0.91873,0.9060520000000001,0.010417648273749445,0.90804,1.0,1.0,1.0,0.0,1.0,0.7992,0.9971,0.87177,0.06543746887933038,0.86325,1.1584,1.6595,1.47323,0.1446866195917538,1.462,0.7382941,0.87514144,0.8049599,0.056897677,0.8084314,0.8172357,0.8770734,0.8474213,0.018271033,0.8495298,0.8172357,0.9086963,0.863229,0.03311929,0.865563,0.7382941,0.87514144,0.8049599,0.056897677,0.8084314,0.9114068,0.9338357,0.92120516,0.007515088,0.9200526,0.9119422,0.9435726,0.92735386,0.0114801545,0.9275968,0.65968096,0.74622726,0.70002794,0.03334468,0.7010602,96.498184,96.75442,96.6168,0.08246287,96.63901,96.25312,96.551865,96.42955,0.09285155,96.44409,3.1849313,4.3581295,3.8117967,0.45740393,3.8098292,0.5053711,1.0166016,0.73476565,0.19105062,0.71240234,30,41,34.5,3.1710495984067406,34.5,VEGF-A,92,RFdiffusion,SolubleMPNN,24,binder,0.9816114902496337,binder
d74c3c62-a2e6-5b1a-a52e-117ad0379a19,0.60181,0.661,0.632298,0.023273293063079847,0.62699,1.0,1.0,1.0,0.0,1.0,3.0363,3.7789,3.3841,0.28292795019227057,3.4387,4.4244,5.9746,5.15982,0.6189991736666532,5.2859,0.46720913,0.6225649,0.51364565,0.06481472,0.48489046,0.7257245,0.8387412,0.7591586,0.048497166,0.7314947,0.7257245,0.8387412,0.7591586,0.048497166,0.7314947,0.46720913,0.6225649,0.51364565,0.06481472,0.48489046,0.8208767,0.8943552,0.8441666,0.030447615,0.8313085,0.932939,0.94857794,0.93896484,0.0065998477,0.9361914,0.5338805,0.62898207,0.56196386,0.040866345,0.5375134,84.21206,86.69936,85.78678,1.0008115,86.078026,95.57934,96.130226,95.77641,0.22728787,95.66868,4.848555,6.000845,5.662927,0.49682716,5.964146,1.2919922,2.0253906,1.7800782,0.2936267,1.8789062,42,53,48.6,4.61519230368573,48.0,MBP,80,PXDesign,SolubleMPNN,25,non_binder,0.9288177585601806,binder
d751ad75-e2d1-5bbc-a485-7a08179c7f4c,0.87646,0.94206,0.921542,0.027315303769132777,0.93643,0.86957,0.95652,0.9043479999999999,0.03637319713745276,0.91304,0.3089,0.565,0.39986,0.09954201625444402,0.3899,1.8702,3.0781,2.32672,0.4884781387124709,2.1763,0.86235106,0.90390825,0.8836001,0.015402121,0.88105905,0.8751985,0.9055916,0.8916796,0.010943368,0.8919986,0.8751985,0.90390825,0.8913428,0.01042183,0.8919986,0.86235106,0.9055916,0.88393676,0.015965115,0.88105905,0.9314505,0.95306814,0.94251955,0.007824768,0.9418985,0.9516622,0.96501565,0.9590267,0.0048580132,0.958862,0.76609343,0.7893723,0.776162,0.008538659,0.77552176,97.63746,97.888275,97.779854,0.09879271,97.762924,96.63072,97.19288,96.941635,0.20262335,96.96119,2.8509657,3.2992756,3.0711896,0.16390069,3.040057,0.49414062,0.59716797,0.5455078,0.037781738,0.5444336,28,32,29.8,1.7888543819998317,30.0,TrkA,95,RFdiffusion3,SolubleMPNN,6,binder,0.9751688194274901,binder
d76f556a-c155-58bb-aa90-90c59de18295,0.01799,0.90008,0.439363,0.44452174870053074,0.420915,0.0,1.0,0.5,0.5270462766947299,0.5,0.9084,15.866,8.41896,7.643779240401962,8.4426,1.4865,39.1624,20.34259,19.541407964425467,20.3574,0.014433329,0.8690239,0.45796856,0.39214405,0.45705706,0.055083472,0.9396502,0.5432932,0.39577383,0.5475273,0.055083472,0.8690239,0.4994254,0.35044023,0.50885534,0.014433329,0.9396502,0.5018364,0.43777496,0.49572903,0.7849643,0.9798717,0.8955034,0.08101361,0.893063,0.7689604,0.93789726,0.8341179,0.0474183,0.8238735,0.13973877,0.79447705,0.47002357,0.31252506,0.46800047,83.967354,94.26739,90.05501,4.1391187,90.55262,74.30512,83.013214,79.570015,2.5484018,80.10918,3.4394226,16.478907,9.955721,4.6286826,10.211641,0.36791992,6.1953125,2.6881592,2.4237278,2.4736328,22,59,43.3,14.810281713878517,44.5,RBX1,67,PXDesign,SolubleMPNN,19,non_binder,0.8212598061561583,binder
d7744f64-cde8-50a0-b2b5-7a7bdb78ebb5,0.0475,0.05466,0.051566,0.002672074100768913,0.05212,0.0,0.0,0.0,0.0,0.0,11.5308,12.5124,12.00766,0.35778860797962814,11.9518,20.4487,22.1539,21.14718,0.643662603387832,21.002,0.23020002,0.5353692,0.31910843,0.12681782,0.27417865,0.34637678,0.6439001,0.44441953,0.12617815,0.3903026,0.34637678,0.6439001,0.44441953,0.12617815,0.3903026,0.23020002,0.5353692,0.31910843,0.12681782,0.27417865,0.4711553,0.7733416,0.57233024,0.12638924,0.52953815,0.74020755,0.87075067,0.7847783,0.05334749,0.76536304,0.4095627,0.63572234,0.4887897,0.09501181,0.45746118,91.92247,93.383736,92.64657,0.56083345,92.763885,86.800095,89.003624,87.80113,0.9583699,87.99877,4.426178,7.300491,6.2810044,1.2040004,6.6437354,1.4794922,3.4863281,2.7580078,0.85002524,3.0351562,28,45,38.6,7.021395872616784,38.0,BBF-14,68,RFdiffusion,SolubleMPNN,15,non_binder,0.6585453927516937,binder
d774f61d-3081-554c-8eb3-246e1629f6b0,0.76297,0.78584,0.772936,0.008434745402203934,0.77103,0.57447,0.61702,0.595744,0.021275000117508807,0.59574,0.7958,0.9412,0.86822,0.06709766761967215,0.8407,1.2293,1.5664,1.38388,0.13716051545543267,1.3434,0.92408717,0.9355294,0.928202,0.0043563116,0.92664295,0.9397167,0.9502739,0.94305116,0.004309688,0.94105405,0.9397167,0.9502739,0.94305116,0.004309688,0.94105405,0.92408717,0.9355294,0.928202,0.0043563116,0.92664295,0.9710733,0.9756798,0.9727365,0.0017521713,0.97210234,0.97567326,0.98041797,0.9773766,0.0018195566,0.9766503,0.76673603,0.78571784,0.77227396,0.008116214,0.7678598,93.85402,94.74336,94.270615,0.33333516,94.32556,92.729195,93.4199,93.18337,0.2841854,93.33041,2.7778265,3.1298308,3.003124,0.1359635,3.0603685,0.34033203,0.35791016,0.35009766,0.006387439,0.35131836,61,68,63.6,2.6076809620810595,63.0,BHRF1,93,Proteina-Complexa,Caliby (SolubleCaliby),16,non_binder,0.9775959777832031,binder
d7a152e9-4190-49c7-873b-fa227bbd3a93,0.68262,0.80759,0.742286,0.04772221919027285,0.7386900000000001,0.48387,0.77778,0.601703,0.10753435007268868,0.5906499999999999,0.9142,1.2051,1.09886,0.08342476584057973,1.1164999999999998,0.819,1.8181,1.36513,0.2863846017353432,1.3694,0.6637369,0.88592845,0.82181656,0.0687806,0.8390366,0.8243011,0.90344256,0.8764976,0.024034478,0.8800777,0.8243011,0.93458635,0.9007661,0.03360865,0.90727806,0.6637369,0.88592845,0.82181656,0.0687806,0.8390366,0.9453151,0.9764165,0.9635574,0.010023319,0.962402,0.9509417,0.9786492,0.9663471,0.009069447,0.9655599,0.5971136,0.74267185,0.693331,0.045069028,0.69801915,87.80569,91.89531,90.235886,1.6271418,90.742645,86.475914,88.160995,87.58223,0.45904204,87.585785,3.6095133,5.850408,4.4725347,0.7032421,4.57845,0.49804688,1.1953125,0.6837891,0.20794836,0.6347656,49,63,56.5,3.9791121287711064,55.0,TNFa,80,PXDesign,SolubleMPNN,12,non_binder,0.9717214274406433,binder
d7aca66a-baa9-55de-8ffe-29d0c707fb1f,0.01091,0.77215,0.373792,0.38299562625294936,0.34894499999999995,0.0,1.0,0.488462,0.5153946280451299,0.46154,0.5396,16.5978,8.56942,8.413234818070872,8.5555,9.0355,53.5438,32.26068,22.06758617096326,33.31815,0.0,0.87644696,0.43542594,0.4566207,0.43493825,0.010041458,0.9461066,0.49163026,0.4763228,0.5497667,0.010041458,0.87644696,0.45529613,0.43823168,0.5138223,0.0,0.9461066,0.4717601,0.4949174,0.47088268,0.7173016,0.9789478,0.8535756,0.13037944,0.86133564,0.7018048,0.8466003,0.77955186,0.06694327,0.7892547,0.038702153,0.79365724,0.42052394,0.38582247,0.43723232,81.96953,93.73811,88.31382,5.508204,88.95532,76.860695,84.3093,80.45386,3.5350266,80.19496,6.8627844,17.855738,12.076139,5.1972594,11.2990055,0.32373047,9.8671875,4.770752,4.7267756,3.885254,39,53,46.1,4.77144282860716,47.5,RBX1,80,PXDesign,SolubleMPNN,12,non_binder,0.7819216394424439,binder
d7d1b0e5-13ae-50c8-b9e9-57419273199c,0.76636,0.83548,0.8063359999999999,0.027954408060268384,0.80313,0.58974,0.71795,0.671794,0.0638485068736928,0.71795,0.7267,0.9057,0.80238,0.07853825182673725,0.761,1.2575,1.7661,1.48434,0.2521214449427101,1.3585,0.9236491,0.93686485,0.9309311,0.0049316166,0.93187654,0.9243958,0.94361424,0.9362458,0.0072685303,0.93732274,0.9243958,0.94361424,0.9362458,0.0072685303,0.93732274,0.9236491,0.93686485,0.9309311,0.0049316166,0.93187654,0.9685582,0.97429156,0.9717256,0.0021364847,0.9721421,0.973648,0.9804386,0.97724485,0.0024480422,0.9772466,0.75329113,0.77823246,0.7677921,0.009273948,0.76907593,94.810646,95.228386,95.10586,0.1681379,95.15444,95.10164,95.388176,95.294205,0.12335153,95.3568,2.7911696,3.3060625,3.0277143,0.18493949,3.0315757,0.35668945,0.39575195,0.3708008,0.015905157,0.36279297,62,67,63.8,1.9235384061671335,63.0,BHRF1,102,Proteina-Complexa,Caliby (SolubleCaliby),15,binder,0.9752255964279175,binder
d7d22cbf-4601-4e12-abc7-3ce5cb0d3ca6,0.57246,0.76262,0.6604,0.07096598042567848,0.6313150000000001,0.5,1.0,0.9083349999999999,0.14932988174954578,0.91667,1.4011,2.66,2.0152,0.4659117799183303,1.9513500000000001,4.0697,7.5428,5.5978,1.1840761668443833,5.3751,0.643663,0.8509816,0.78620875,0.059230212,0.80504316,0.81468904,0.9110017,0.85665476,0.03481149,0.85853696,0.82127464,0.9383255,0.9010495,0.035264276,0.91247416,0.643663,0.8509816,0.78620875,0.059230212,0.80504316,0.95377547,0.9758706,0.9677676,0.006552255,0.9684408,0.96066177,0.9784076,0.9716913,0.005512385,0.9721179,0.588301,0.71075445,0.6616396,0.03458761,0.66827685,91.3915,93.77669,92.67068,0.9414133,92.80582,89.71039,90.89517,90.13694,0.37316683,90.0739,3.9020042,5.725123,4.666233,0.5484495,4.556814,0.6245117,1.4609375,0.85317385,0.25932807,0.7858887,30,40,34.6,3.4058772731852804,35.0,TNFa,89,RFdiffusion,SolubleMPNN,29,non_binder,0.9449777078628538,binder
d80332d0-8d1b-4dd0-ac5c-400a53498a61,0.03124,0.70808,0.589559,0.20194201744560245,0.6484650000000001,0.0,0.80645,0.623262,0.23451991745786635,0.68053,1.791,16.7315,3.4986800000000002,4.656587607727835,2.0472,2.4369,27.7573,5.27513,7.904113878938121,2.78665,0.1862155,0.733268,0.59375715,0.16479899,0.6433095,0.2128637,0.8791253,0.7119339,0.20387883,0.7822435,0.3849575,0.8791253,0.7905685,0.14801833,0.8339919,0.1862155,0.733268,0.59375715,0.16479899,0.6433095,0.8244644,0.9675256,0.9407877,0.042644326,0.9540303,0.8586683,0.9724992,0.9501875,0.033705056,0.9602542,0.24211441,0.6614684,0.57633716,0.12440542,0.611725,80.561195,87.04844,82.78187,1.8924608,82.29272,85.92158,88.76979,87.63169,1.1251243,87.95412,4.5594654,10.076047,5.710793,1.6342344,5.178097,1.1484375,4.8710938,1.7763672,1.125421,1.3427734,42,67,51.7,7.37940075856811,49.0,TNFa,80,PXDesign,SolubleMPNN,40,non_binder,0.9200816941261291,binder
d83337d7-d6c6-59b0-83d1-b181f2a9b797,0.55338,0.71406,0.642953,0.05240390656557331,0.654455,0.6,0.86667,0.74,0.09135495826718988,0.766665,1.8286,2.4275,2.07988,0.18988338994703508,2.04415,3.215,4.6596,3.6457900000000003,0.462527427294858,3.5126,0.4855935,0.8529058,0.6854705,0.1742327,0.7068198,0.59328383,0.94712615,0.8068923,0.14801186,0.8475692,0.4855935,0.8529058,0.6854705,0.1742327,0.7068198,0.59328383,0.94712615,0.8068923,0.14801186,0.8475692,0.72382206,0.97872204,0.87714636,0.107384816,0.8931956,0.7043511,0.8625592,0.81029683,0.05792758,0.8272662,0.27163658,0.7897719,0.5720603,0.23585911,0.64156836,68.463104,89.16548,79.58413,8.998482,79.96846,75.00112,81.19124,78.094635,2.202141,77.318344,6.127819,15.114583,9.497749,3.6201475,8.68889,0.37231445,1.2636719,0.7566406,0.3884306,0.666626,57,83,69.1,7.665941994736633,69.0,RBX1,83,Genie3,SolubleMPNN,24,non_binder,0.9146198868751525,binder
d8532fc3-7c26-564d-9110-62ac694ad858,0.32904,0.36694,0.345586,0.015707379794224086,0.34922,0.8125,0.9375,0.8625,0.05229125165837973,0.875,6.6805,6.8813,6.7892600000000005,0.07655588155066875,6.7994,21.6114,23.2418,22.232300000000002,0.632329099441107,22.1246,0.62785214,0.6719163,0.6453533,0.016687378,0.64518034,0.7098204,0.7164598,0.711885,0.0027582443,0.7103311,0.7098204,0.7164598,0.711885,0.0027582443,0.7103311,0.62785214,0.6719163,0.6453533,0.016687378,0.64518034,0.9286231,0.94066685,0.9335211,0.0044823745,0.93301266,0.6534913,0.73903924,0.6885036,0.032440502,0.683015,0.40743765,0.55110914,0.50970286,0.058881328,0.5309408,86.419586,87.36085,86.83765,0.33750552,86.79721,84.2443,85.28072,84.58745,0.41615397,84.42767,9.907485,11.704083,11.067341,0.7363211,11.338812,1.2353516,1.4121094,1.3486328,0.0712991,1.3525391,52,56,53.6,1.5165750888103102,53.0,EGFR,80,PXDesign,SolubleMPNN,14,non_binder,0.8268594670295716,binder
d91a53b3-bba7-5099-9ed3-016628886c5f,0.10492,0.7639,0.413554,0.2438978251850557,0.34759,0.0,1.0,0.3,0.4472135954999579,0.0,1.741,6.7992,3.6598600000000006,1.8876818370689483,3.1476,2.8877,14.0348,5.57056,4.750577908318103,3.509,0.22342354,0.29584774,0.25540805,0.028673612,0.25359845,0.32755372,0.4038566,0.36363506,0.031522207,0.36879164,0.32755372,0.4038566,0.36363506,0.031522207,0.36879164,0.22342354,0.29584774,0.25540805,0.028673612,0.25359845,0.46176997,0.5538041,0.506017,0.039067782,0.5207308,0.7380882,0.767962,0.7510432,0.011209026,0.7479227,0.42764434,0.49309114,0.46776733,0.028323296,0.48422992,85.81878,88.135704,86.677475,1.0076939,86.18271,83.097755,87.65757,85.61736,1.914035,85.25311,6.1771994,6.9971795,6.5063105,0.3450916,6.3231177,2.2050781,2.8769531,2.5214844,0.2637189,2.5273438,27,39,32.4,5.683308895353129,30.0,BBF-14,68,Genie3,SolubleMPNN,21,non_binder,0.5757003307342529,binder
d9281c1d-c9a6-53a2-9337-6f94e1afeb6e,0.69278,0.82155,0.76416,0.05069997386587099,0.76284,0.55224,0.67164,0.620896,0.04427487357407136,0.62687,0.7204,1.2771,0.97664,0.24690184891976813,1.0252,1.085,2.0238,1.5235800000000002,0.380732415220979,1.6156,0.8660786,0.8994912,0.8851222,0.015643422,0.890625,0.9311858,0.9449447,0.9359752,0.0052766395,0.9345746,0.9311858,0.9449447,0.9359752,0.0052766395,0.9345746,0.8660786,0.8994912,0.8851222,0.015643422,0.890625,0.9646646,0.9751219,0.9703388,0.0049038967,0.9717168,0.97083235,0.97318685,0.9721306,0.0010328891,0.97232556,0.7448001,0.7640003,0.75466275,0.007937596,0.75252026,86.13707,87.91114,86.978516,0.7977361,86.72377,95.47824,95.88779,95.67483,0.19047801,95.66263,3.06033,3.3885596,3.2213159,0.12761042,3.2601094,0.5131836,0.6352539,0.5751953,0.057428602,0.57958984,72,102,86.2,10.756393447619885,87.0,MBP,99,RFdiffusion3,SolubleMPNN,29,non_binder,0.9681024193763732,binder
d957ca40-9a21-40cc-a9df-16fb45de61fe,0.66947,0.72668,0.696548,0.01970892679867564,0.69154,0.48571,0.67669,0.617142,0.06669503926246856,0.64812,1.1537,1.6094,1.47129,0.12737374969400536,1.47785,1.21,2.2903,1.66424,0.4330927388498269,1.4824,0.7762811,0.8894649,0.8389698,0.04178454,0.8426246,0.87059027,0.90027374,0.8876268,0.010887528,0.8895602,0.8787488,0.93552035,0.91111106,0.021114344,0.9116176,0.7762811,0.8894649,0.8389698,0.04178454,0.8426246,0.96160585,0.9784012,0.9724275,0.004796296,0.9737797,0.9645227,0.97998786,0.9750762,0.004587085,0.97672904,0.6671592,0.74780285,0.7085299,0.02815757,0.71132517,86.979126,90.42057,88.737755,1.6329134,88.9281,88.55638,89.028465,88.771935,0.15364224,88.74922,3.5382247,4.639487,3.999905,0.36476994,3.9963565,0.5205078,1.0058594,0.7138184,0.18982951,0.670166,45,56,51.3,3.591656999213594,50.5,TNFa,80,PXDesign,SolubleMPNN,17,non_binder,0.9786782455444335,binder
d97fc3bb-6dab-5a7d-afdb-d15b238e7a63,0.03269,0.68509,0.21155,0.27665913539950204,0.046685,0.0,0.75,0.17253,0.2795220153921492,0.0,1.8411,17.6175,11.50755,6.6683965386073965,14.732199999999999,2.7111,26.9027,18.15368,10.734758672317179,23.324599999999997,0.0,0.67639905,0.29086864,0.2938059,0.17774096,0.0,0.74396914,0.3532298,0.31468496,0.30451953,0.0,0.75916314,0.3650381,0.3211613,0.3067311,0.0,0.67639905,0.29086864,0.2938059,0.17774096,0.5138318,0.8970075,0.7004594,0.16548878,0.6534702,0.6675046,0.91871434,0.78241986,0.10917149,0.7470413,0.0,0.6615165,0.31568182,0.28367808,0.26458442,82.44526,95.31908,85.99799,4.0530066,84.58302,89.014626,96.10908,91.65068,2.1491039,91.043045,4.276308,24.898767,11.927932,8.164539,9.581053,1.2226562,14.7265625,6.3203125,5.648477,4.486328,25,59,43.4,9.99110715697826,40.5,VEGF-A,82,BoltzGen,SolubleMPNN,28,non_binder,0.6399479460716246,binder
d98ac6c4-2d5d-529c-a5e8-f4ef0d8b36ee,0.5369,0.73656,0.602494,0.07798786912078058,0.57217,0.0,0.5,0.1,0.223606797749979,0.0,0.708,1.1221,0.9234199999999999,0.1466757205538804,0.9264,0.777,1.5074,1.12002,0.30258409079130383,1.0208,0.7614733,0.85557646,0.8213974,0.03583516,0.8346788,0.8873462,0.9236557,0.9114019,0.014224008,0.91770804,0.7614733,0.85557646,0.8213974,0.03583516,0.8346788,0.8873462,0.9236557,0.9114019,0.014224008,0.91770804,0.94653296,0.9649525,0.95884097,0.007281076,0.96215916,0.90571445,0.95415854,0.93669766,0.018438026,0.94070715,0.68321115,0.7185621,0.706789,0.01448273,0.71443754,93.33954,94.54239,93.92714,0.52127725,94.105255,82.300835,86.366,84.6432,1.487593,85.04712,4.148792,5.7233205,4.712882,0.63693327,4.6643796,0.5126953,0.59716797,0.54072267,0.033170078,0.5292969,15,50,24.2,14.686728703152381,20.0,TREM2,115,FreeBindCraft (BindCraft),SolubleMPNN,24,binder,0.8363115525245666,binder
d98fa753-1241-562d-9786-a3c0d6faf101,0.03464,0.05105,0.046343999999999996,0.006638371788322798,0.04855,0.0,0.0,0.0,0.0,0.0,11.5358,14.7964,12.350060000000001,1.374281542479561,11.8167,21.377,26.4278,22.7474,2.079127225544411,22.01,0.01992186,0.073742084,0.04055843,0.021448739,0.04212829,0.09379651,0.20653538,0.13459149,0.044056784,0.12550607,0.09379651,0.20653538,0.13459149,0.044056784,0.12550607,0.01992186,0.073742084,0.04055843,0.021448739,0.04212829,0.31980255,0.39447534,0.35443014,0.02769142,0.35888538,0.8276495,0.8453126,0.8356763,0.006648241,0.8359465,0.13883096,0.16151597,0.14969583,0.009816499,0.15377325,84.132385,86.17295,84.89372,0.7731558,84.77005,94.70196,95.187744,94.935486,0.22198342,94.82453,11.746809,13.984745,12.956148,0.80716604,12.9452715,4.6835938,6.53125,5.4390626,0.7439002,5.4492188,11,32,22.2,9.364827814754525,22.0,MBP,99,RFdiffusion3,SolubleMPNN,23,non_binder,0.3869128322601318,non_binder
d996a541-e95b-5ccf-83c9-af83e892e985,0.87715,0.91589,0.901868,0.014802449797246391,0.90669,0.73684,0.84211,0.8,0.04403819819202416,0.78947,0.3921,0.5042,0.46251999999999993,0.0456779706204205,0.4711,0.581,1.0445,0.70146,0.19360251289691466,0.6283,0.8957846,0.9286444,0.91026866,0.01375326,0.91395247,0.9016489,0.93327516,0.9162897,0.013790876,0.92156214,0.9016489,0.93327516,0.9162897,0.013790876,0.92156214,0.8957846,0.9286444,0.91026866,0.01375326,0.91395247,0.96150345,0.97446257,0.967268,0.005415791,0.96874374,0.9646328,0.976215,0.96975535,0.0047977827,0.97107285,0.7742151,0.8141983,0.79134357,0.016755516,0.7963707,95.16715,95.59727,95.4139,0.15806554,95.44718,92.42866,92.99921,92.816414,0.23447624,92.87224,2.2768078,2.804346,2.583239,0.22340567,2.5167556,0.4423828,0.5498047,0.50161135,0.043276154,0.49072266,23,28,25.8,2.280350850198276,26.0,PD-L1,71,RFdiffusion3,SolubleMPNN,21,binder,0.9823875594139099,binder
d9e709c3-2e60-5f70-856c-11abadfe4d3b,0.76893,0.83372,0.806696,0.0294005498247907,0.82396,0.60714,0.78571,0.7071419999999999,0.07742596864101862,0.75,0.4491,0.5286,0.48622,0.03305536265116446,0.4855,4.0976,4.2151,4.14062,0.045588233130929634,4.1296,0.8216642,0.84842455,0.83208466,0.010353346,0.8296427,0.8350637,0.8604463,0.8459026,0.009958811,0.843301,0.8350637,0.8604463,0.8459026,0.009958811,0.843301,0.8216642,0.84842455,0.83208466,0.010353346,0.8296427,0.9533348,0.9616962,0.9566156,0.0031835067,0.95566374,0.94667584,0.9537516,0.9498536,0.0027109215,0.9497029,0.7139281,0.7364015,0.7223348,0.009271846,0.7221412,95.79863,96.303276,96.09816,0.1872133,96.11704,96.79086,97.10422,96.965805,0.11675736,96.98756,3.42609,3.76548,3.6291938,0.13836527,3.6077461,0.66552734,0.74560547,0.69980466,0.032565832,0.68847656,64,69,66.0,2.345207879911715,65.0,IL-7Ra,65,BoltzGen,SolubleMPNN,29,non_binder,0.9685627102851867,binder
da767205-a1be-5d63-92ef-afd917068810,0.46715,0.95417,0.676886,0.1535693508339329,0.67943,0.35294,1.0,0.517647,0.18236184999731841,0.47059,0.4331,2.6844,1.30657,0.9074552882159601,1.0743,1.18,4.5292,2.93525,1.0407541979524058,3.1515,0.66543156,0.8130137,0.7398873,0.058900602,0.73398244,0.71237105,0.8243729,0.7703088,0.04199945,0.7704847,0.71237105,0.86835027,0.78453624,0.05637262,0.78706485,0.66543156,0.8130137,0.7398873,0.058900602,0.73398244,0.8670195,0.9092819,0.8809541,0.012708643,0.8789132,0.8948163,0.92566556,0.9048807,0.009422665,0.90308106,0.5802697,0.70262927,0.6355492,0.045179892,0.6367842,92.63399,96.707924,94.9153,1.6563319,95.25392,96.960106,97.318985,97.16908,0.12057479,97.16193,3.7662163,5.3929906,4.658646,0.6230764,4.6161823,0.7636719,1.2871094,0.9932617,0.1640116,0.98828125,10,12,11.1,0.875595035770913,11.0,VEGF-A,80,FreeBindCraft (BindCraft),SolubleMPNN,4,binder,0.9210235381126404,binder
da905cca-dd9d-573e-b3d3-d23c6af110ae,0.54103,0.67715,0.608785,0.05329170714098018,0.6033550000000001,0.4086,0.61765,0.51518,0.06374440873084043,0.526885,1.3852,2.2298,1.8111000000000002,0.3546982911965854,1.81035,2.496,3.4308,2.93394,0.31409582826477234,2.9533,0.75757,0.91063035,0.8620027,0.043452144,0.8762738,0.7754168,0.9130691,0.88486326,0.04024823,0.8952422,0.87602174,0.9397062,0.9081154,0.020977486,0.90697557,0.75757,0.91063035,0.8620027,0.043452144,0.8762738,0.9410455,0.9758941,0.9635261,0.01037196,0.96636593,0.9488629,0.9777313,0.96706736,0.008818638,0.9691168,0.6196922,0.73339987,0.68548477,0.032819156,0.689561,85.43619,89.30621,87.82308,1.229698,88.12253,87.118195,87.88316,87.55471,0.21393971,87.54837,3.6550002,5.1561036,4.4037323,0.48083135,4.299592,0.5410156,0.94628906,0.6881836,0.11696036,0.6557617,56,71,62.7,4.595891885393108,63.0,TNFa,106,PXDesign,SolubleMPNN,35,non_binder,0.9450181293487548,binder
daaf968f-e2ca-577b-a2fb-b362c7ec817b,0.65821,0.7111,0.681424,0.023801315719934508,0.67088,0.47619,0.57143,0.514286,0.039841750463552664,0.52381,1.0038,1.3151,1.1674,0.11103861940784385,1.1702,2.5269,3.0578,2.7282,0.20622533791947098,2.6931,0.7452964,0.8225214,0.80379045,0.032810833,0.81691563,0.91632986,0.941899,0.93517876,0.0106134685,0.93879557,0.91632986,0.941899,0.93517876,0.0106134685,0.93879557,0.7452964,0.8225214,0.80379045,0.032810833,0.81691563,0.9406692,0.9621657,0.9569832,0.00914911,0.9606449,0.96179104,0.96825314,0.96655655,0.0026814067,0.96765,0.7048442,0.74050605,0.73193705,0.015199658,0.73800254,94.76406,95.46082,95.21285,0.26495332,95.30647,97.24043,97.50698,97.394424,0.10175938,97.43311,3.2913063,3.7669067,3.4184296,0.1987845,3.338534,0.71728516,0.9794922,0.7772461,0.11325304,0.7294922,23,27,25.2,1.4832396974191324,25.0,MBP,80,PXDesign,Caliby (SolubleCaliby),10,non_binder,0.972418406009674,binder
db05f7d6-fa06-557e-8a4a-015d36b75075,0.0117,0.72329,0.394312,0.33093178759375774,0.54954,0.0,0.58929,0.308929,0.27626403065224076,0.410715,1.2025,18.627,7.5815399999999995,7.861156278422264,1.9487,1.4472,49.4914,18.18555,21.044762527804078,3.44155,0.0,0.67010736,0.27018854,0.20657727,0.31048703,0.0,0.8705776,0.476588,0.2972481,0.61190164,0.0,0.8705776,0.476588,0.2972481,0.61190164,0.0,0.67010736,0.27018854,0.20657727,0.31048703,0.19642007,0.9052455,0.59845215,0.24927458,0.71776325,0.8180872,0.955252,0.86314505,0.04327962,0.8682919,0.0,0.62780684,0.30219692,0.2024902,0.3833514,81.45057,91.9792,87.45363,3.8787231,89.11948,81.43506,91.81238,87.55415,3.7955418,89.10246,5.0376463,18.55886,11.006063,4.0559,10.356457,1.125,13.0859375,5.103125,3.8066514,3.131836,17,73,60.7,16.00729000591085,66.0,Nipah-G,99,Genie3,SolubleMPNN,30,non_binder,0.8730668330192566,binder
db2ec3cb-ac23-53d8-9edd-b3c0016a91ee,0.65022,0.71275,0.686488,0.022269945267607248,0.6931799999999999,0.47059,0.52941,0.48235400000000006,0.024800689596147223,0.47059,1.0126,1.436,1.20345,0.15051605488378236,1.2314500000000002,1.1929,2.0425,1.55413,0.2823588931759642,1.579,0.55667436,0.75533134,0.68052375,0.059463322,0.69728255,0.7733649,0.8986077,0.84799975,0.040553447,0.8490105,0.7733649,0.8986077,0.84799975,0.040553447,0.8490105,0.55667436,0.75533134,0.68052375,0.059463322,0.69728255,0.87160826,0.9332406,0.9135334,0.017242635,0.9167253,0.8209095,0.96456236,0.9261767,0.04614163,0.9421493,0.5416504,0.6778315,0.6136051,0.047783945,0.61754584,88.37906,92.80747,90.59634,1.3497161,90.45097,82.69849,93.14938,89.326645,3.9610996,90.22647,4.4584627,9.931716,6.1164083,1.6938919,5.65959,0.97314453,2.1542969,1.3156738,0.37236974,1.1640625,46,56,51.8,3.2930904093942583,52.5,Nipah-G,100,PXDesign,SolubleMPNN,23,binder,0.946896560192108,binder
dc457274-adc5-52a8-b6dd-3877c48297a3,0.00619,0.88277,0.536412,0.34842173180723895,0.694265,0.0,1.0,0.7,0.48304589153964794,1.0,0.7756,30.8565,7.544,10.70822579338997,2.841,2.5899,66.2167,16.04251,23.000515272365824,4.948650000000001,0.0,0.2380891,0.08384652,0.099523745,0.026274014,0.0,0.5348022,0.20436998,0.21425664,0.15764466,0.0,0.5348022,0.20436998,0.21425664,0.15764466,0.0,0.2380891,0.08384652,0.099523745,0.026274014,0.18029125,0.87036234,0.63993347,0.26308218,0.71553254,0.6116213,0.90212435,0.7749368,0.12438804,0.7875235,0.0,0.22020082,0.093589574,0.08319701,0.08424291,83.505264,87.92368,85.91383,1.4651713,85.51335,85.02257,85.81181,85.4545,0.23306486,85.438736,12.478034,28.281078,18.202188,5.545942,17.63102,5.0429688,23.828125,10.365234,6.1946335,8.074219,5,58,33.2,15.483324363111864,34.5,Cas9,95,RFdiffusion3,SolubleMPNN,26,non_binder,0.757298412322998,binder
dc803ad2-1b89-572a-8f10-024df771db27,0.39019,0.62534,0.55322,0.09700888567548853,0.60083,0.32075,0.62264,0.5320739999999999,0.12472987404787998,0.56604,1.9133,3.042,2.23166,0.48069851570397,1.9661,3.2459,6.1795,4.180619999999999,1.1988231445880582,3.6621,0.6136391,0.76667434,0.71952736,0.061359383,0.7403889,0.7700819,0.8743573,0.8381279,0.0414091,0.85062045,0.7700819,0.8743573,0.8381279,0.0414091,0.85062045,0.6136391,0.76667434,0.71952736,0.061359383,0.7403889,0.8788425,0.93820584,0.92047167,0.023947056,0.92866516,0.9394359,0.9596281,0.95399475,0.008452056,0.9583273,0.57877845,0.6713116,0.6388659,0.036866188,0.6517751,81.865715,85.47863,83.75685,1.3351116,83.70813,93.23311,93.96788,93.668175,0.27120665,93.682274,4.3018017,5.5333796,4.739011,0.4840462,4.6216726,1.0537109,1.7255859,1.2806641,0.26416114,1.1923828,35,58,48.6,8.473488065725943,50.0,MBP,91,BoltzGen,SolubleMPNN,21,non_binder,0.8768071055412292,binder
dc8b57b6-fa6c-5442-b152-e9ce174a5c53,0.78178,0.81905,0.8052759999999999,0.01445184521090646,0.8069,0.54545,0.63636,0.599998,0.03802978398571313,0.59091,0.5912,0.7464,0.6534199999999999,0.062170346629241174,0.6426,0.949,1.4891,1.32938,0.22179884354973547,1.3915,0.9020316,0.92603976,0.91608953,0.009954028,0.9157943,0.9298911,0.9428737,0.9370931,0.005582948,0.93690425,0.9298911,0.9428737,0.9370931,0.005582948,0.93690425,0.9020316,0.92603976,0.91608953,0.009954028,0.9157943,0.95938456,0.9680838,0.96442115,0.003570485,0.9636017,0.9693558,0.97742504,0.9738455,0.0030634766,0.9742773,0.7897961,0.8213313,0.8068485,0.01231402,0.80778146,95.111946,95.903046,95.51059,0.33444977,95.51468,96.04195,96.54892,96.318695,0.21004085,96.390015,2.3173478,2.7498116,2.5064933,0.16992362,2.4985495,0.4453125,0.52001953,0.47993165,0.02910828,0.48413086,30,35,32.4,1.9493588689617927,33.0,PD-L1,88,FreeBindCraft (BindCraft),SolubleMPNN,13,binder,0.9721865081787109,binder
dca05653-71d0-5b6c-b13f-afaf773213aa,0.70588,0.79363,0.753132,0.03276641985325831,0.74778,0.71429,0.85714,0.82857,0.06388446211716904,0.85714,1.2758,1.5763,1.4390399999999999,0.12403996533375841,1.3986,2.0805,3.3091,2.6746,0.4501426273971396,2.7174,0.43728575,0.73562855,0.549513,0.11685326,0.54592025,0.56016916,0.74693114,0.62962025,0.07424725,0.6092851,0.56016916,0.74693114,0.62962025,0.07424725,0.6092851,0.43728575,0.73562855,0.549513,0.11685326,0.54592025,0.69571567,0.88099164,0.76191616,0.07584904,0.76234436,0.80259925,0.894392,0.83952963,0.03711796,0.83287156,0.5735332,0.700863,0.6245197,0.051125117,0.6146264,91.31809,92.45112,91.821655,0.45677635,91.70695,88.94053,90.76677,89.701706,0.7754845,89.83358,3.767621,5.466085,4.763855,0.6803244,4.8475537,0.94433594,1.5195312,1.3072265,0.23337045,1.2871094,41,56,49.0,5.5226805085936315,50.0,BBF-14,75,RFdiffusion,SolubleMPNN,26,non_binder,0.9554959392547606,binder
dcbc1784-5be2-5d28-8c60-8ab1e4ee82f8,0.06566,0.07968,0.07107,0.005801163676367007,0.06964,0.13953,0.18605,0.15348599999999998,0.020804376462658047,0.13953,18.4333,21.8872,20.37068,1.2857622357963392,20.5862,32.8325,37.7193,35.58236,1.7808569869588062,35.8217,0.67594033,0.7646894,0.7439033,0.03806394,0.7600058,0.7124587,0.78914636,0.7651253,0.030426038,0.77438116,0.7124587,0.7646894,0.751207,0.021786084,0.7600058,0.67594033,0.78914636,0.7578216,0.046412405,0.77438116,0.94060695,0.9664086,0.9594568,0.010655236,0.9633645,0.59461784,0.6269025,0.61461407,0.012728331,0.6199799,0.52875364,0.5825349,0.5666217,0.02159329,0.5738821,89.70845,90.34682,89.96825,0.24690002,89.972305,87.13274,87.59694,87.34589,0.17302507,87.35992,13.116131,14.4949,13.655375,0.5335442,13.512423,0.9238281,1.2949219,1.028125,0.15263988,0.98535156,31,35,33.4,1.8165902124584952,34.0,EGFR,82,PXDesign,SolubleMPNN,13,non_binder,0.5993528580665588,binder
dcf8b130-bd97-5829-ae39-66b80b48d919,0.11239,0.56129,0.250678,0.1794524323323593,0.2018,0.16129,0.41935,0.225806,0.10939013611839048,0.19355,1.7803,12.5717,6.778440000000001,4.05625914827936,5.627,3.5799,19.343,11.9358,6.007309265802785,10.9092,0.011747181,0.34639707,0.10213832,0.14394489,0.020995885,0.015931249,0.3778715,0.12363799,0.14899544,0.053767577,0.015931249,0.3778715,0.12363799,0.14899544,0.053767577,0.011747181,0.34639707,0.10213832,0.14394489,0.020995885,0.16996028,0.570886,0.2806157,0.1681471,0.1963742,0.587388,0.76570064,0.6384119,0.07417138,0.5995991,0.12320012,0.47162613,0.21919978,0.14571035,0.14236803,76.28471,80.065926,78.29521,1.352791,78.239075,83.80606,84.97988,84.23864,0.47336087,84.1045,6.7823987,13.271237,11.125873,2.6455443,12.395832,2.4140625,6.6679688,5.239844,1.7690065,6.2539062,40,59,50.4,7.436396977031283,53.0,BBF-14,80,BoltzGen,SolubleMPNN,15,non_binder,0.4623913121223449,non_binder
dd12c7ae-2da9-5860-a145-40c2c170654b,0.91007,0.95386,0.937022,0.017565658826243866,0.94444,0.89474,0.94737,0.936844,0.02353685153116282,0.94737,0.4208,0.5833,0.50916,0.07118674736213199,0.4971,0.9694,1.6136,1.24112,0.27620538010690515,1.1224,0.82906884,0.8636681,0.83965826,0.014240629,0.8354884,0.89568967,0.91505456,0.901492,0.0077337334,0.89860564,0.89568967,0.91505456,0.901492,0.0077337334,0.89860564,0.82906884,0.8636681,0.83965826,0.014240629,0.8354884,0.9365861,0.94899863,0.9403223,0.0049499795,0.9384949,0.95747447,0.96647674,0.9601674,0.0037206393,0.95835876,0.791948,0.81107724,0.7969528,0.0080336435,0.7930587,97.71468,97.87355,97.756836,0.06694305,97.72242,96.92033,97.10065,97.013214,0.06837789,97.01557,2.3951826,2.6528294,2.5754638,0.10323743,2.6136692,0.4711914,0.5551758,0.52675784,0.035423785,0.54296875,29,31,30.6,0.8944271909999155,31.0,TrkA,69,BoltzGen,SolubleMPNN,12,non_binder,0.9845633101463317,binder
dd1c9dcb-4213-5a63-a4f5-eb36927daf91,0.00902,0.65715,0.304415,0.31325248276926887,0.26357,0.0,1.0,0.447059,0.4740074005388054,0.411765,1.2682,16.0142,8.49667,7.5094430530351435,7.8322,8.3995,62.1558,36.63626,26.288005810686105,37.55035,0.040704057,0.85766536,0.5319632,0.3353441,0.5615824,0.050237667,0.9218515,0.63031447,0.31570983,0.6931111,0.050237667,0.85766536,0.59763753,0.2840393,0.6592122,0.040704057,0.9218515,0.56464016,0.36907864,0.59548134,0.75271475,0.9664788,0.88147557,0.08682935,0.9014256,0.7328275,0.8474784,0.8093454,0.0373934,0.82088685,0.16728109,0.774582,0.5020009,0.27736652,0.52573323,84.938934,96.82025,91.921005,5.011305,92.294815,77.2351,86.30504,81.59233,4.2331915,81.34063,7.2273407,16.827374,10.386652,3.0179353,9.718385,0.3713379,5.1757812,1.9880615,1.7769136,1.5726318,15,35,30.4,5.621387729022079,32.0,RBX1,87,RFdiffusion,SolubleMPNN,10,non_binder,0.739857417345047,binder
dd4ea467-3428-5abb-b9da-2c2710577e09,0.01448,0.04509,0.023270000000000002,0.011443860071380344,0.018009999999999998,0.0,0.0,0.0,0.0,0.0,8.0143,14.9982,11.4703,1.9359961541513682,11.95515,23.0111,48.3595,39.79804,8.672459205272235,43.53345,0.0,0.53519934,0.20950904,0.2134395,0.16347295,0.0,0.56647164,0.22131863,0.22514011,0.17328149,0.0,0.53519934,0.21177995,0.21494578,0.16828422,0.0,0.56647164,0.21904771,0.22381003,0.1684702,0.36451623,0.7354788,0.6389663,0.105312295,0.66991585,0.6381019,0.7747074,0.7060939,0.04600958,0.7057085,0.0,0.6092879,0.27305245,0.261967,0.26020068,82.05926,94.101974,88.28268,5.250803,89.24588,71.23669,80.05239,76.40871,2.5257628,76.66828,9.273786,28.07838,17.159718,7.5147514,15.013549,1.6289062,20.09375,8.621875,7.6345444,4.580078,5,18,12.7,3.743141876967945,13.0,RBX1,106,PXDesign,SolubleMPNN,12,non_binder,0.3232011812925338,non_binder
dd7da1a7-cb64-5656-bf77-11a808223ea8,0.67055,0.84664,0.768612,0.08466605264213041,0.81304,0.5,1.0,0.8,0.2738612787525831,1.0,0.3744,0.6363,0.45924,0.1041246032405406,0.4306,6.3588,8.2445,7.05674,0.7647274534106908,6.9612,0.31295046,0.47658056,0.39207214,0.065707065,0.39565074,0.6344436,0.7314121,0.68726796,0.0389223,0.6911469,0.6344436,0.7314121,0.68726796,0.0389223,0.6911469,0.31295046,0.47658056,0.39207214,0.065707065,0.39565074,0.7617192,0.8630937,0.814232,0.04064264,0.8197456,0.9278702,0.9460785,0.9371549,0.007506993,0.9391012,0.4486565,0.5474074,0.50047505,0.039587803,0.50720084,89.8866,91.916336,91.08862,0.79500985,91.12412,96.26534,96.71986,96.58177,0.18353358,96.65219,5.8698936,7.1652846,6.469863,0.51451784,6.390148,1.9023438,2.859375,2.4054687,0.3963896,2.3535156,15,20,17.6,1.8165902124584954,18.0,MBP,65,PXDesign,SolubleMPNN,16,non_binder,0.9410370802879332,binder
ddb5c8b5-9443-5f02-9dbb-cae67c85f8ca,0.0129,0.31147,0.138215,0.13369877779296763,0.119455,0.0,0.81818,0.34545400000000004,0.36877615827972876,0.295455,6.997,16.9054,12.31493,4.719441815170284,12.5022,29.3105,47.6125,40.10419,7.763600342832068,41.8487,0.6117336,0.8618958,0.72123235,0.10118639,0.7304336,0.6819733,0.91743195,0.7845229,0.10185897,0.7700467,0.6819733,0.8618958,0.7507264,0.06971666,0.7407212,0.6117336,0.91743195,0.7550289,0.13404709,0.75975907,0.84745216,0.9713403,0.9072593,0.052479457,0.90300655,0.8031679,0.8986521,0.8434908,0.027278675,0.837603,0.45826146,0.8029639,0.6127882,0.15561737,0.6051553,86.25,94.36092,90.22218,3.9368434,90.02539,75.60521,82.98941,79.03316,2.3459854,78.0208,4.4044056,9.101596,7.6259522,1.6841801,8.422666,0.37426758,1.3085938,0.86774904,0.41541064,0.91015625,39,43,40.8,1.6865480854231376,40.5,RBX1,69,BoltzGen,SolubleMPNN,13,non_binder,0.8539447832107544,binder
ddcc436f-7e8a-4562-9709-64be5ffd6cde,0.60789,0.73605,0.66046,0.03621855724471764,0.65961,0.31034,0.51724,0.38643700000000003,0.06171131537696759,0.37537,0.9831,1.3996,1.1656,0.12373741013398758,1.187,0.7914,2.0265,1.4517099999999998,0.36554221355253746,1.5173999999999999,0.13366766,0.8670651,0.5887918,0.30445784,0.7168255,0.38058227,0.873293,0.73845136,0.17377527,0.84224,0.38058227,0.9434371,0.7718638,0.20184602,0.8750478,0.13366766,0.8670651,0.5887918,0.30445784,0.7168255,0.87576365,0.98034996,0.94770133,0.0360744,0.966558,0.907298,0.9829578,0.9578366,0.025432026,0.97051257,0.19281283,0.7301152,0.56155515,0.19326416,0.6512553,80.734604,88.819534,85.18529,3.3673465,85.65217,86.5507,89.1248,87.237495,0.7225094,86.95923,3.4347565,10.54399,5.84827,2.437856,4.7497582,0.6123047,4.9453125,1.9876465,1.7049445,1.0327148,34,41,38.6,2.2211108331943583,39.0,TNFa,80,PXDesign,SolubleMPNN,17,non_binder,0.9411313581466675,binder
de3849fc-4243-5770-a1f8-9608e53b0cef,0.05394,0.21002,0.088312,0.06808516703364986,0.05948,0.0,0.0,0.0,0.0,0.0,4.7469,10.0298,8.43592,2.114787551268448,9.2164,7.8567,21.0724,17.86856,5.614091590186253,20.0284,0.011412129,0.17800023,0.07772921,0.07099149,0.048584722,0.01384507,0.23960474,0.1033756,0.09474386,0.06891553,0.01384507,0.23960474,0.1033756,0.09474386,0.06891553,0.011412129,0.17800023,0.07772921,0.07099149,0.048584722,0.13271992,0.3868542,0.2521549,0.09683315,0.22504772,0.5895238,0.6912801,0.6430133,0.042623255,0.6281691,0.117745414,0.32997522,0.21481463,0.080845974,0.19399068,85.327675,87.11707,86.54315,0.73417854,86.82272,84.454254,86.68061,85.78612,0.86570036,85.83348,8.156041,14.933308,11.1124935,2.594217,11.304834,3.1835938,7.25,4.8398438,1.5686573,4.9570312,26,39,33.6,5.319774431308155,34.0,BBF-14,68,Genie3,SolubleMPNN,15,non_binder,0.325696769952774,non_binder
de5d0ffd-1a88-588d-a711-aeb4f17912de,0.93236,0.97661,0.9498899999999999,0.016453002765452897,0.94736,0.88235,1.0,0.9411780000000001,0.04159555649345252,0.94118,0.3872,0.4993,0.44532,0.04262525073240041,0.4479,0.7359,1.0101,0.8545400000000001,0.11455868801623038,0.8702,0.8996875,0.90850264,0.9030994,0.003305479,0.9020828,0.934832,0.9444926,0.9385704,0.003885851,0.93848443,0.934832,0.9444926,0.9385704,0.003885851,0.93848443,0.8996875,0.90850264,0.9030994,0.003305479,0.9020828,0.9668087,0.96992385,0.9680522,0.0011559157,0.9677124,0.97611976,0.97879183,0.97740984,0.0009859861,0.97718686,0.82832235,0.8386213,0.8336582,0.0040052184,0.83369505,96.72276,96.810356,96.75651,0.034465767,96.75716,96.79518,96.94151,96.846535,0.06266707,96.823944,2.1552322,2.2684119,2.2090392,0.044042137,2.2127876,0.35668945,0.39160156,0.37319335,0.014465821,0.3779297,31,33,31.6,0.8944271909999156,31.0,PD-L1,64,FreeBindCraft (BindCraft),SolubleMPNN,13,binder,0.9693128442764282,binder
de9cc828-48da-5c9d-b847-f11b8d175425,0.82928,0.90597,0.884868,0.03140405340079526,0.89591,0.78571,0.78571,0.78571,0.0,0.78571,0.3558,0.7268,0.47628000000000004,0.14559370522107057,0.4207,0.8251,2.9536,1.49338,0.864012275375761,1.064,0.75422025,0.8325246,0.7979375,0.03712804,0.8074083,0.85790324,0.90294534,0.8863121,0.018645223,0.8912447,0.75422025,0.8325246,0.7979375,0.03712804,0.8074083,0.85790324,0.90294534,0.8863121,0.018645223,0.8912447,0.9546367,0.9704377,0.96463394,0.006540031,0.9664169,0.83484787,0.94420856,0.9078635,0.043881346,0.91508573,0.6786162,0.7476062,0.7123596,0.031469084,0.7280176,95.389496,96.527466,96.13794,0.44951773,96.33735,83.48553,88.33274,86.283875,1.9955006,86.91812,4.00785,7.12744,5.0289893,1.2649366,4.8159213,0.44873047,0.62109375,0.52016604,0.075214654,0.49560547,14,20,15.6,2.60768096208106,14.0,TREM2,71,PXDesign,SolubleMPNN,5,binder,0.9650662517547607,binder
dea14c18-e759-4442-b94c-30f142430864,0.61315,0.73794,0.669522,0.047402035071174846,0.6564650000000001,0.57143,0.74725,0.646474,0.07327128104971735,0.61414,1.2067,1.8138,1.5067499999999998,0.2415715226502403,1.5223,3.3291,3.7784,3.4483800000000002,0.13603229845232426,3.41835,0.5012429,0.84394425,0.69227487,0.14779086,0.7048826,0.76156336,0.8582412,0.81231797,0.032524243,0.8151145,0.76156336,0.92510855,0.85156405,0.0711555,0.85861945,0.5012429,0.84394425,0.69227487,0.14779086,0.7048826,0.943406,0.9775292,0.96307135,0.0126261795,0.96435237,0.95183074,0.9804231,0.9685832,0.0102211265,0.9698715,0.51885563,0.7015389,0.61965024,0.07614435,0.62651074,77.109215,88.0056,82.68987,5.025555,82.74697,87.60259,90.16998,88.91769,0.9530956,88.99039,3.8580854,6.4855437,5.0519466,1.069703,4.9386554,0.58496094,1.9794922,1.1581542,0.56195354,1.0625,44,49,46.9,1.7919573407620817,47.5,TNFa,80,PXDesign,SolubleMPNN,42,non_binder,0.9697699809074402,binder
df7398f9-b4be-5dd0-a950-bfc888b0a84b,0.0462,0.10103,0.072541,0.02668862489692732,0.07196,0.0,0.04386,0.017983000000000002,0.019224495398666084,0.01535,10.067,13.1026,11.57179,1.5478660618556266,11.56805,15.1964,22.4306,18.7074,3.599947385726629,18.6889,0.01074806,0.81996834,0.4586795,0.3586811,0.48721385,0.011189511,0.828495,0.53569794,0.30926642,0.6363541,0.011189511,0.898196,0.57747144,0.34973115,0.6862619,0.01074806,0.81996834,0.4586795,0.3586811,0.48721385,0.826745,0.9676487,0.9090735,0.057435457,0.9156434,0.86850744,0.9708327,0.927008,0.041635055,0.92952514,0.061093494,0.67010474,0.4131175,0.26203164,0.45665947,77.999916,85.60987,81.94176,3.3010848,82.35979,84.50516,86.452095,85.408226,0.6961723,85.49771,4.557921,14.385448,8.34194,3.8211782,7.5945754,0.7285156,8.5859375,3.5785155,3.0908527,2.7653809,23,34,29.5,3.24037034920393,30.0,TNFa,84,BoltzGen,SolubleMPNN,30,non_binder,0.5349182641506195,binder
e0077267-94d9-5b77-ba5a-0e47cdcd94ed,0.01387,0.15366,0.060072,0.053698449967283866,0.033530000000000004,0.0,0.08333,0.013736000000000002,0.029008337575409056,0.0,6.9093,31.0238,17.33737,8.963309875393874,16.4605,12.0397,42.0386,26.51359,12.047754076401313,27.0702,0.0,0.011549171,0.0033546402,0.005406388,0.0,0.0,0.052832834,0.007672213,0.016627027,0.0,0.0,0.045659307,0.006765654,0.014411591,0.0,0.0,0.052832834,0.007611102,0.016609812,0.0,0.5697235,0.8210033,0.7074243,0.09821227,0.7296627,0.65496737,0.8609678,0.76922524,0.08361404,0.7884478,0.0,0.100398414,0.03137055,0.039134603,0.014017943,69.43196,76.67274,74.37492,2.097882,75.06352,81.848724,85.530045,83.84499,1.4728392,84.40212,13.76702,23.935947,18.510746,3.7242513,17.888397,7.8007812,15.3671875,11.636328,2.8227403,11.542969,19,85,39.4,20.35354187031502,33.5,TNFa,94,BoltzGen,SolubleMPNN,27,non_binder,0.34588257074356077,non_binder
e017eaee-7587-51b7-b753-6607079eb797,0.90021,0.93085,0.917006,0.011804271684436948,0.9192,0.8,0.92,0.8560000000000001,0.05366563145999493,0.88,0.3717,0.4365,0.40149999999999997,0.02402082429892864,0.3943,0.8006,2.0031,1.63742,0.49062037972346806,1.8339,0.8824713,0.90687996,0.8947979,0.011302951,0.89320207,0.91122985,0.9322518,0.9218961,0.009262765,0.91800857,0.91122985,0.9322518,0.9218961,0.009262765,0.91800857,0.8824713,0.90687996,0.8947979,0.011302951,0.89320207,0.95231354,0.96482223,0.9589733,0.0053226845,0.95684755,0.963997,0.9723565,0.9681634,0.003724227,0.9670157,0.77525145,0.7996988,0.7873411,0.010537259,0.7858202,97.81927,98.002464,97.91354,0.065705955,97.92037,96.34503,96.90278,96.72497,0.23306695,96.80684,2.6874764,3.0465813,2.8670888,0.1469483,2.911234,0.3881836,0.4543457,0.42719728,0.029290974,0.44335938,36,39,37.4,1.1401754250991383,37.0,TrkA,102,RFdiffusion3,SolubleMPNN,12,binder,0.9799133205413818,binder
e0b0b2e5-c8c5-5a7e-9c1e-5696d38b840c,0.6641,0.77914,0.746045,0.03241396929651718,0.7521599999999999,0.51429,0.77586,0.680887,0.07133267181157434,0.696305,0.96,1.2242,1.06487,0.08303984385020641,1.04025,2.8704,3.1713,2.95791,0.11350803642620788,2.91665,0.5504989,0.90231824,0.798041,0.118636385,0.8404535,0.76765966,0.90838045,0.8740999,0.041763563,0.89044553,0.76765966,0.9491795,0.8953382,0.05777634,0.9144131,0.5504989,0.90231824,0.798041,0.118636385,0.8404535,0.94134057,0.98315936,0.96800107,0.013874788,0.9699553,0.94940996,0.98493266,0.9714882,0.012051187,0.9733658,0.55439675,0.7593843,0.6914331,0.067771636,0.7114414,83.36499,89.28824,86.99213,2.3084545,87.681305,86.947586,88.708534,87.631134,0.53217447,87.58274,3.254618,6.4463077,4.4095206,1.0174547,4.177297,0.52490234,1.9042969,0.87114257,0.44533187,0.7043457,66,102,87.5,9.28858319539518,88.5,TNFa,79,RFdiffusion3,SolubleMPNN,30,non_binder,0.9672344088554382,binder
e0b0c2e2-245b-514f-b0a4-a00282641e0c,0.75662,0.84267,0.794346,0.03282438925555206,0.79723,0.58824,0.76471,0.658826,0.06443818960833707,0.64706,0.7324,0.9243,0.82316,0.0897749575327107,0.8095,1.4904,2.1763,1.8176400000000001,0.2433156550655958,1.8053,0.7195062,0.7815769,0.7453911,0.028284328,0.73696226,0.7430438,0.8018586,0.7706341,0.027317522,0.760446,0.7430438,0.8018586,0.7706341,0.027317522,0.760446,0.7195062,0.7815769,0.7453911,0.028284328,0.73696226,0.85794187,0.89396155,0.87499416,0.016808737,0.8687423,0.9103854,0.93210983,0.92128897,0.010097208,0.9171802,0.69310504,0.72221947,0.7069082,0.013958937,0.70329505,96.267166,96.53798,96.40257,0.112565026,96.40305,96.06192,96.24685,96.11052,0.07746747,96.07617,3.6210845,3.9711404,3.8009956,0.1608352,3.8385234,0.9790039,1.2431641,1.1245117,0.111834526,1.1503906,18,22,19.6,1.6733200530681513,20.0,TrkA,107,RFdiffusion3,SolubleMPNN,9,non_binder,0.9704989695549011,binder
e14af3d3-df6b-51a6-a39d-1900dcb76252,0.01697,0.85325,0.412907,0.41002365576878613,0.40458500000000003,0.0,0.85,0.41476199999999996,0.4284328675481791,0.39881,0.9383,22.6605,10.87667,10.41496144763228,8.0472,0.8102,38.5296,18.282490000000003,18.41963258955871,13.28735,0.0,0.50665474,0.24038756,0.210652,0.33896536,0.0,0.7569326,0.3932367,0.3434303,0.5192345,0.0,0.7569326,0.415413,0.35154566,0.6292871,0.0,0.50665474,0.24038756,0.210652,0.33896536,0.69829744,0.9545347,0.85745776,0.105812885,0.9209212,0.7957789,0.96610117,0.9006866,0.072078094,0.9444076,0.0,0.52217996,0.2945209,0.20642407,0.3906756,77.37793,88.857834,83.29033,4.4405036,83.52659,93.736244,95.9953,94.91984,0.98589724,94.942924,6.0831695,24.523218,11.80558,6.635183,7.67573,2.4257812,18.4375,6.233789,5.111792,3.1923828,30,47,40.4,5.777350411544875,42.5,15-PGDH,92,RFdiffusion3,SolubleMPNN,14,non_binder,0.8422583591938018,binder
e1a36592-f2e6-55b8-963c-916b73d0705f,0.72597,0.75863,0.74234,0.014332473617627912,0.74707,0.41379,0.51724,0.44827399999999995,0.048767386950707155,0.41379,0.661,0.7885,0.7468199999999999,0.049765670898722976,0.7594,0.8536,1.5989,1.26784,0.2719251422726482,1.3226,0.7657838,0.78408194,0.777163,0.0072244895,0.77816135,0.7980695,0.8216158,0.81280404,0.009021465,0.81598294,0.7980695,0.8216158,0.81280404,0.009021465,0.81598294,0.7657838,0.78408194,0.777163,0.0072244895,0.77816135,0.9191457,0.9266721,0.9238818,0.002992193,0.92433983,0.93606156,0.9426416,0.93947065,0.0024064332,0.9397297,0.664395,0.6822233,0.6754629,0.0070712036,0.67635185,94.58178,94.799866,94.64421,0.088179365,94.61475,95.43803,95.54555,95.50661,0.0408807,95.51369,4.136166,4.4142857,4.2592025,0.10427845,4.2702537,0.8564453,0.98046875,0.90957034,0.04643732,0.90283203,44,51,46.6,2.9664793948382657,46.0,IL-7Ra,82,PXDesign,SolubleMPNN,11,binder,0.9643809556961059,binder
e1e53790-4299-50aa-b799-9ffb011bfbaa,0.57815,0.73227,0.6264350000000001,0.04640310939054735,0.61623,0.5,0.6,0.547528,0.027540327925103258,0.54086,0.9654,2.0017,1.6001100000000001,0.36190730688641487,1.6127500000000001,2.9928,4.0429,3.5422,0.34779578938093997,3.5198,0.63666004,0.87207705,0.7788427,0.08308665,0.79626703,0.7500066,0.87485874,0.8242973,0.037676822,0.8281968,0.7500066,0.8968619,0.8338245,0.04630405,0.8394604,0.63666004,0.87207705,0.7788427,0.08308665,0.79626703,0.9003951,0.9439639,0.9270709,0.012257022,0.9280696,0.9092748,0.9530154,0.93475974,0.012790389,0.9360701,0.6102389,0.7466489,0.6842176,0.042868964,0.68784404,92.547905,94.66406,93.85746,0.62798357,93.94367,94.4029,95.95146,95.40998,0.42808592,95.48404,3.4120893,5.200375,4.182507,0.56646085,4.102035,0.45117188,1.2148438,0.73779297,0.2627424,0.67822266,27,30,28.9,1.1972189997378648,29.0,VEGF-A,76,FreeBindCraft (BindCraft),SolubleMPNN,17,non_binder,0.9476846623420715,binder
e2593bf2-7666-521e-a6ae-b38239d0904d,0.74536,0.80427,0.78381,0.023557021246329093,0.7855,0.54167,0.66667,0.6083339999999999,0.04750760181276255,0.625,0.7653,0.937,0.8455999999999999,0.06361623220531064,0.8512,0.8368,1.3581,1.05576,0.22744125175526098,0.9961,0.85320413,0.8916793,0.8745607,0.015776126,0.8710718,0.91787034,0.93587846,0.92791194,0.008301799,0.9295459,0.91787034,0.93587846,0.92791194,0.008301799,0.9295459,0.85320413,0.8916793,0.8745607,0.015776126,0.8710718,0.9482282,0.96007603,0.9548168,0.005486756,0.95590615,0.9587861,0.9682872,0.9638282,0.0040718676,0.9637577,0.7242705,0.745341,0.7376844,0.009488513,0.74244183,92.83742,94.04689,93.71238,0.4972498,93.885284,92.95753,94.3931,93.76786,0.53955585,93.750755,3.3821762,3.7848141,3.5581257,0.19685021,3.4832602,0.43139648,0.4958496,0.463916,0.030864919,0.46533203,27,37,31.4,4.722287581247038,29.0,BHRF1,110,FreeBindCraft (BindCraft),SolubleMPNN,10,non_binder,0.9738518500328064,binder
e2c2f0f8-bdf1-53f4-8be3-ea846ed2d9fa,0.53236,0.73712,0.636463,0.09472245223106651,0.63826,0.44286,0.72059,0.560356,0.10072551306507313,0.553255,1.2199,2.8262,1.9749700000000001,0.7166289045090057,1.9539499999999999,1.6704,2.4484,2.09667,0.32170228490191216,2.1098500000000002,0.8328901,0.93569016,0.8896763,0.038853846,0.8953819,0.9029674,0.9390236,0.9191557,0.012797945,0.92136747,0.9052496,0.95417845,0.9299781,0.019405868,0.93237853,0.8328901,0.93569016,0.8896763,0.038853846,0.8953819,0.96270967,0.9832182,0.9737396,0.00718922,0.97353464,0.9663664,0.984785,0.9760313,0.0064626685,0.97579336,0.6469999,0.76105666,0.70342106,0.04121569,0.70094585,85.4586,89.63366,86.97026,1.230981,86.755806,87.05905,88.546844,87.84525,0.5037163,87.83474,3.1193168,4.9888678,4.053737,0.6812371,4.045899,0.42773438,0.6933594,0.536792,0.09439136,0.5390625,81,112,97.8,11.419281938896157,98.0,TNFa,95,RFdiffusion3,SolubleMPNN,43,non_binder,0.9663756275177001,binder
e3112708-77e7-5fef-8c98-5fa4308765d5,0.01162,0.6526,0.284671,0.2905738085792011,0.25143,0.0,0.7,0.3,0.3205897343611891,0.25,0.5266,14.4927,7.4968,7.309030105135549,7.4692,8.7194,54.0884,37.02861,18.322464110390708,39.94335,0.40358987,0.85669184,0.6779684,0.18099491,0.7004246,0.56485033,0.9287087,0.7766305,0.14511953,0.791066,0.56485033,0.85669184,0.7406809,0.11055335,0.7406427,0.40358987,0.9287087,0.7139179,0.21588601,0.7508479,0.8567134,0.9695511,0.919994,0.044144817,0.9192356,0.836037,0.88758296,0.85514176,0.019178374,0.84581554,0.35653263,0.780086,0.581528,0.18935156,0.5861766,91.02155,96.34462,93.711624,2.4835546,93.83806,79.51111,86.03767,82.16043,2.2553842,81.06804,6.6534142,10.104449,8.18294,1.1546874,8.113895,0.39379883,2.2480469,1.0737305,0.72335774,0.8774414,26,36,32.7,2.8693785622209784,33.5,RBX1,87,RFdiffusion,SolubleMPNN,11,non_binder,0.7174282240867614,binder
e34eb416-52b4-589d-92e3-6aeaf714ffd0,0.40862,0.43211,0.41956800000000005,0.010410075407988165,0.41491,1.0,1.0,1.0,0.0,1.0,4.7061,5.5437,5.224200000000001,0.37682806424150495,5.4241,16.7841,19.6493,18.11916,1.2736673890776982,18.4173,0.54422474,0.6781656,0.6155135,0.05234258,0.6091401,0.5747759,0.6877509,0.62817365,0.043936796,0.61320764,0.5747759,0.6877509,0.62817365,0.043936796,0.61320764,0.54422474,0.6781656,0.6155135,0.05234258,0.6091401,0.88481516,0.9314941,0.9104992,0.01817336,0.90911573,0.6250964,0.66055137,0.6395584,0.015915167,0.6346764,0.47265628,0.516978,0.49216762,0.017212545,0.4922139,80.14528,81.937904,81.16175,0.74445254,81.10662,87.09803,87.54731,87.28235,0.1885428,87.203964,13.220316,14.3847,13.788198,0.5038543,13.759173,1.59375,2.1464844,1.8164062,0.21382147,1.8134766,36,43,40.4,2.701851217221259,41.0,EGFR,97,Genie3,SolubleMPNN,32,binder,0.6348841035366058,binder
e384ee2a-cd0a-45d8-9347-ee011774f17d,0.675,0.71588,0.696551,0.011686258264398482,0.696215,0.53774,0.66038,0.6073470000000001,0.0388377860251242,0.610175,1.3253,1.4332,1.3979,0.038237764927708216,1.4055,1.8546,2.2859,2.0079599999999997,0.13554332804597116,1.9585499999999998,0.6345511,0.887052,0.7738236,0.10780477,0.8001152,0.8157285,0.88799745,0.8566648,0.02832059,0.8644377,0.8157285,0.93463236,0.87987405,0.04920254,0.89435697,0.6345511,0.887052,0.7738236,0.10780477,0.8001152,0.9481328,0.97769046,0.96312714,0.009996056,0.96290946,0.9537578,0.97949666,0.9666565,0.0084277345,0.96624404,0.60801744,0.7452195,0.6788138,0.05659523,0.68647236,89.501526,92.754166,91.23256,1.4348758,91.274536,87.904655,88.7431,88.21702,0.2816913,88.14154,3.6124094,5.549587,4.5343747,0.7506893,4.449332,0.54541016,1.3271484,0.8940918,0.33173323,0.84814453,48,60,53.9,4.25440947723653,54.0,TNFa,80,PXDesign,SolubleMPNN,37,non_binder,0.9718041396141052,binder
e3855725-5e96-5c35-9a93-50e707bbdeaf,0.51551,0.66868,0.633728,0.0663098893077043,0.66509,0.19231,0.84615,0.661538,0.26840333291522295,0.76923,1.3425,1.7406,1.50922,0.15516901108146558,1.4714,2.3664,6.3552,4.9956000000000005,1.5537079085207746,5.6075,0.41663232,0.88161784,0.781848,0.20428832,0.8728491,0.59279215,0.9031261,0.8377215,0.13695426,0.8965481,0.59279215,0.9031261,0.8377215,0.13695426,0.8965481,0.41663232,0.88161784,0.781848,0.20428832,0.8728491,0.7969829,0.9763578,0.938955,0.0793814,0.9743845,0.9316465,0.9616409,0.9538559,0.012508993,0.9583784,0.48925415,0.71381855,0.66234744,0.09692456,0.70257944,87.4233,93.95686,92.29309,2.7865252,93.626564,96.160446,97.23929,96.81953,0.42213985,97.01287,3.6681724,6.408607,4.2893496,1.1864564,3.7822843,0.5498047,2.5078125,0.9669922,0.8616091,0.58496094,31,53,46.6,8.905054744357274,50.0,MBP,80,PXDesign,SolubleMPNN,14,non_binder,0.9511874294281005,binder
e3932c20-642e-5bb6-8e68-5113b8b552e6,0.91843,0.97505,0.934708,0.024376024491290674,0.91992,0.86667,1.0,0.906668,0.05962642971032224,0.86667,0.4021,0.5167,0.48263999999999996,0.046641590881958545,0.504,0.6267,0.9702,0.7674799999999999,0.14610296711566126,0.755,0.8601161,0.87468755,0.8682022,0.0058594043,0.8692915,0.8833801,0.8901945,0.88595545,0.002851585,0.885047,0.8833801,0.8901945,0.88595545,0.002851585,0.885047,0.8601161,0.87468755,0.8682022,0.0058594043,0.8692915,0.9527823,0.95856255,0.9559328,0.0022908028,0.95655656,0.9527355,0.95841086,0.9554661,0.0024159409,0.95462245,0.7328091,0.7413084,0.7360853,0.0033747945,0.7346102,96.619896,97.017456,96.780266,0.15758888,96.79019,96.38967,96.493454,96.44881,0.04399118,96.45344,3.3618572,3.4413793,3.4123585,0.029832361,3.4203978,0.5883789,0.6435547,0.6100586,0.0237372,0.6015625,54,55,54.6,0.547722557505166,55.0,IL-7Ra,87,BoltzGen,SolubleMPNN,29,binder,0.9786039447784423,binder
e39be01d-c9e0-5cd7-9d5f-53bc5651b4cb,0.76833,0.94725,0.883466,0.06850088196512512,0.89124,0.63636,1.0,0.836362,0.1348413208923733,0.81818,0.5729,0.9678,0.66374,0.17057647258634465,0.5899,0.8763,1.6767,1.2091999999999998,0.29678438301231425,1.13,0.725055,0.78196424,0.7534463,0.025949031,0.7523614,0.7521796,0.789227,0.76964927,0.017764155,0.76000714,0.7521796,0.78196424,0.76471883,0.013985554,0.76000714,0.725055,0.789227,0.7583767,0.030533072,0.7583758,0.9504963,0.96464604,0.9580482,0.0067454576,0.95875776,0.61150306,0.6855919,0.63750124,0.028672881,0.6325123,0.5513715,0.5846383,0.569629,0.013852811,0.57052666,86.489296,89.60125,88.45139,1.212615,88.93529,87.85798,89.54532,89.02298,0.6667332,89.26231,11.249146,14.133019,13.22541,1.144591,13.621479,0.89746094,1.1259766,0.9790039,0.110535055,0.9013672,37,64,45.2,11.38859078200635,39.0,EGFR,84,RFdiffusion3,SolubleMPNN,32,binder,0.9217500734329224,binder
e39ec69c-622f-5491-a859-d2a087fe4562,0.85358,0.88936,0.875542,0.01343157920722653,0.87621,0.83871,0.87097,0.851614,0.017669529705116694,0.83871,0.6916,0.8512,0.75588,0.06569042548195285,0.724,1.0865,1.6048,1.27208,0.2079023015745617,1.2578,0.60647964,0.75193435,0.71817046,0.06273685,0.7435034,0.6974733,0.7637078,0.74905795,0.028858626,0.7615911,0.6974733,0.7637078,0.74905795,0.028858626,0.7615911,0.60647964,0.75193435,0.71817046,0.06273685,0.7435034,0.90502346,0.9486436,0.93863726,0.01886378,0.94620824,0.6266176,0.6413363,0.63340515,0.0058208825,0.6322609,0.50267565,0.5539144,0.54158,0.021821352,0.5499853,81.42262,81.6418,81.57292,0.08759604,81.59142,82.822365,84.97305,84.40261,0.8901655,84.73508,12.86204,14.052957,13.67688,0.47200558,13.764751,1.0136719,1.8291016,1.1939453,0.35528937,1.0439453,31,56,38.2,10.183319694480774,34.0,EGFR,99,FreeBindCraft (BindCraft),SolubleMPNN,15,non_binder,0.9655087852478027,binder
e3e3934f-ecdf-5991-9a7f-597d5b8935fe,0.00504,0.02253,0.010064,0.005230553826635697,0.0077,0.0,0.0,0.0,0.0,0.0,17.7799,36.9834,27.84459,5.588141673510274,29.2114,33.493,72.6991,54.827819999999996,11.299073914735965,58.7712,0.0,0.0,0.0,0.0,0.0,0.0,0.0,0.0,0.0,0.0,0.0,0.0,0.0,0.0,0.0,0.0,0.0,0.0,0.0,0.0,0.16654833,0.8472744,0.49767905,0.33981186,0.48480183,0.6226397,0.88147146,0.7507104,0.11635159,0.74499667,0.0,0.0,0.0,0.0,0.0,75.59054,82.81051,77.34692,2.407645,76.324615,84.33619,85.65591,84.9683,0.36721292,84.992035,23.52327,29.076597,27.01015,2.0454552,27.379845,15.0859375,23.828125,20.702343,2.908924,21.382812,14,57,35.9,15.125034435222506,35.5,Cas9,80,PXDesign,SolubleMPNN,22,non_binder,0.2160347682237625,non_binder
e3ff4985-5983-56c4-9c51-5af5bcf7cc54,0.00438,0.00881,0.007198,0.002000179991900729,0.00844,0.0,0.0,0.0,0.0,0.0,20.0629,30.9278,23.3736,4.513044282964662,21.1041,58.2043,81.37,66.02166,10.505540302050152,59.4318,0.0,0.0,0.0,0.0,0.0,0.0,0.0,0.0,0.0,0.0,0.0,0.0,0.0,0.0,0.0,0.0,0.0,0.0,0.0,0.0,0.5260734,0.6559799,0.5933045,0.050176527,0.59668005,0.5782649,0.71406174,0.6524324,0.04707862,0.6617203,0.0,0.008984375,0.00089843746,0.0028411087,0.0,74.47863,82.93388,78.150986,2.5972657,78.478226,74.777115,78.653564,76.196724,1.4119409,75.73258,21.33931,28.33303,26.175564,2.3461795,27.371641,11.7734375,23.796875,18.536718,3.422842,19.007812,9,57,27.1,13.97974725570292,27.5,Latent GDF-8,79,RFdiffusion,SolubleMPNN,30,non_binder,0.3294059669971466,non_binder
e40dc0e2-9fc4-5daf-a15e-539136b17878,0.00862,0.84071,0.5337609999999999,0.29271147339051207,0.68455,0.0,1.0,0.4,0.31622776601683794,0.5,0.9975,22.2325,4.950270000000001,7.614934737015152,1.2506,1.1843,57.5711,10.123470000000001,18.319938369744104,1.59055,0.0,0.68986404,0.34943256,0.2715541,0.24843818,0.0,0.8961293,0.57793415,0.33410707,0.6128961,0.0,0.8961293,0.57793415,0.33410707,0.6128961,0.0,0.68986404,0.34943256,0.2715541,0.24843818,0.16213597,0.9246145,0.66636074,0.2713001,0.68357253,0.7167486,0.9642005,0.8555253,0.10135533,0.84824324,0.0,0.6504014,0.39085287,0.23534667,0.36232692,78.569115,89.02976,83.5804,3.7688289,82.069305,80.408806,92.27499,86.78986,5.403019,87.63277,4.711037,22.871647,10.764795,6.2641153,10.441952,1.2246094,13.5390625,4.6211915,3.9924762,4.022461,28,71,53.2,14.195460933379763,53.0,Nipah-G,85,PXDesign,Caliby (SolubleCaliby),37,non_binder,0.9083408880233764,binder
e4343749-38f3-5f8f-b90d-81d1ec6cfb4b,0.01233,0.8107,0.26892299999999997,0.35508968375921907,0.01518,0.0,0.7,0.21000000000000002,0.3178049716414141,0.0,0.763,16.5413,10.10499,7.618704293520723,15.5171,1.4737,49.3391,28.90596,21.44338490528023,43.80655,0.0,0.2025349,0.05605621,0.090771005,0.0,0.0,0.5329979,0.15326905,0.24716787,0.0,0.0,0.5329979,0.15326905,0.24716787,0.0,0.0,0.2025349,0.05605621,0.090771005,0.0,0.16915272,0.8466166,0.67834604,0.25989076,0.78675324,0.6242033,0.8854256,0.76996076,0.10125962,0.77874744,0.0,0.2645459,0.07732184,0.11884184,0.0,73.527245,81.52965,77.30549,2.908252,76.30406,85.287865,87.11861,86.16637,0.67983717,86.290695,16.37106,28.259827,23.090595,4.667845,25.56657,4.140625,19.265625,12.981641,6.3920646,16.25,32,54,44.1,6.9992063042097055,45.5,Cas9,78,BoltzGen,SolubleMPNN,30,non_binder,0.42928436279296867,non_binder
e45ace30-3013-5fe7-9577-5ebbacaee863,0.01873,0.02961,0.022997999999999998,0.004916764179823963,0.02062,0.0,0.0,0.0,0.0,0.0,11.2578,11.8026,11.50132,0.20408419096049546,11.4631,30.3054,42.3291,37.11258,5.366501593869139,39.0024,0.090954214,0.506438,0.25550947,0.15404777,0.22035247,0.104720004,0.550921,0.2955512,0.16526327,0.24998797,0.104720004,0.506438,0.25826263,0.15045264,0.22035247,0.090954214,0.550921,0.29279804,0.16930245,0.24998797,0.23794371,0.7279873,0.46355134,0.18051416,0.42316544,0.5755936,0.8090918,0.68075144,0.08374614,0.6765755,0.16287343,0.59915143,0.36785132,0.15977672,0.3449495,86.77685,90.28424,88.7087,1.2844092,88.77185,80.57433,92.083145,85.28347,5.7535186,82.0428,5.142169,11.974123,8.64641,2.4265492,8.710073,1.8027344,6.1757812,3.978125,1.6018443,4.296875,6,57,23.8,19.639246421387966,17.0,TrkA,92,FoldCraft,SolubleMPNN,24,non_binder,0.38707632899284355,non_binder
e4772cb3-d2a2-56f0-b7af-f453bd8e8165,0.56717,0.74711,0.626154,0.06472540892107212,0.602045,0.59259,0.77778,0.692592,0.05534952750977696,0.7037,0.4829,0.9145,0.63703,0.14616840401856113,0.5952500000000001,5.5838,24.6797,13.61634,5.7621691951710154,14.081900000000001,0.42486164,0.8576122,0.64421606,0.18711723,0.62942034,0.44966137,0.9247707,0.70395815,0.21090962,0.7092663,0.44966137,0.8576122,0.64929783,0.18140619,0.6315747,0.42486164,0.9247707,0.6988764,0.21726665,0.7092663,0.7264631,0.9671591,0.8554015,0.10744257,0.860994,0.7133831,0.8925732,0.7924935,0.05827999,0.7938132,0.25283974,0.7805469,0.552487,0.21634059,0.5940871,73.95174,94.10173,84.478775,9.464112,84.80376,77.64999,83.498825,79.745514,2.2366335,78.64023,4.982563,15.217548,10.670001,3.3799465,10.606913,0.39697266,1.7011719,0.98515624,0.5613515,0.97558594,31,40,35.0,2.538591035287969,34.5,RBX1,90,Genie3,SolubleMPNN,15,non_binder,0.8908421230316161,binder
e47b9b9d-82c7-5d45-8afb-d7c105abcff4,0.88137,0.91442,0.8970480000000001,0.013222835172533887,0.89476,0.82759,0.93103,0.889654,0.037770947565556226,0.89655,0.6326,0.891,0.73568,0.09888754724433205,0.7009,0.4091,0.6361,0.5460200000000001,0.08670961307721305,0.5576,0.9304993,0.9444329,0.9369097,0.0057725194,0.9355596,0.94728386,0.95909864,0.9518601,0.0054335766,0.948531,0.94728386,0.95909864,0.9518601,0.0054335766,0.948531,0.9304993,0.9444329,0.9369097,0.0057725194,0.9355596,0.9755239,0.9806926,0.9779104,0.0021409504,0.9774212,0.9782248,0.9833801,0.9803215,0.002314878,0.97890407,0.79668707,0.81203157,0.8026145,0.0068539367,0.79888606,97.17212,97.360565,97.29094,0.07395512,97.31829,94.2542,94.40081,94.33714,0.06334928,94.36019,2.429229,2.7184038,2.6012015,0.13783112,2.6846082,0.32348633,0.35205078,0.3390625,0.014017797,0.3466797,57,60,58.0,1.2247448713915894,58.0,BHRF1,85,BoltzGen,SolubleMPNN,13,non_binder,0.9807041096687317,binder
e4ed358c-6d57-5319-9509-57f10050d4fd,0.57194,0.58686,0.5812480000000001,0.00639029889754776,0.58486,0.0,0.0,0.0,0.0,0.0,0.7584,0.8114,0.7801,0.02445577641376372,0.7677,1.5419,2.106,1.8018399999999999,0.20789659208366057,1.7765,0.74272615,0.7751933,0.75984925,0.014320683,0.7651162,0.8978809,0.91363364,0.9073185,0.0061723525,0.90835154,0.74272615,0.7751933,0.75984925,0.014320683,0.7651162,0.8978809,0.91363364,0.9073185,0.0061723525,0.90835154,0.95959467,0.9666579,0.9634117,0.0028886201,0.9636938,0.84639335,0.90069264,0.87798405,0.021329205,0.8772492,0.6610327,0.678805,0.6721805,0.0071630594,0.6735217,95.6212,96.17554,95.97955,0.21530077,96.027596,84.605896,86.88963,85.750404,0.99807405,86.2038,5.6306887,7.115318,6.241895,0.5769482,6.206448,0.47338867,0.52490234,0.49746093,0.019659461,0.4946289,13,16,13.8,1.30384048104053,13.0,TREM2,91,FreeBindCraft (BindCraft),SolubleMPNN,16,binder,0.8552729678153991,binder
e5053b77-2748-51e0-935f-b5ab4afcd733,0.3377,0.57775,0.500896,0.09742013462318762,0.54618,0.55,0.8,0.67,0.09746794344808965,0.7,3.3182,11.2437,6.83352,3.7939004147446993,4.6015,1.6526,9.4806,4.918740000000001,2.864751533379466,4.5811,0.7257852,0.8044375,0.7624923,0.030702112,0.76894104,0.8988915,0.9078708,0.90343046,0.0036760422,0.90418637,0.7257852,0.8044375,0.7624923,0.030702112,0.76894104,0.8988915,0.9078708,0.90343046,0.0036760422,0.90418637,0.9609989,0.9647815,0.96290934,0.0015415896,0.96319646,0.853974,0.9190151,0.8783506,0.02851223,0.8636354,0.6352301,0.69120115,0.66424334,0.022597833,0.6691316,93.02186,94.64828,93.70885,0.63105077,93.72757,77.28175,85.7294,80.62804,3.3913257,80.59062,4.6670656,6.72312,5.912488,0.7823999,6.1912093,0.4663086,0.49487305,0.48442382,0.0109447455,0.48754883,12,32,22.8,9.67987603226405,26.0,TREM2,91,FreeBindCraft (BindCraft),SolubleMPNN,10,binder,0.9065684175491332,binder
e50b3d8e-6414-5f75-817e-8e052ec087d5,0.44456,0.78552,0.644717,0.12234708079430782,0.663395,0.27778,0.625,0.504167,0.12161843144761313,0.5,0.6408,2.7565,1.3998899999999999,0.8203853016858739,1.0342,2.5022,4.8937,3.68337,0.7305247171268973,3.7152000000000003,0.66712475,0.7953459,0.72883713,0.041627347,0.7339573,0.71715623,0.80562806,0.7569182,0.030498758,0.7601754,0.71715623,0.8375741,0.78087485,0.040783696,0.77721,0.66712475,0.7953459,0.72883713,0.041627347,0.7339573,0.8555602,0.88794875,0.8715056,0.010311711,0.8712091,0.8847338,0.9088817,0.89698637,0.0076942216,0.8975843,0.5808402,0.67229766,0.62831074,0.02975407,0.62488663,87.04199,93.10274,90.843605,2.31802,91.46807,95.40359,96.48493,96.0893,0.42549837,96.26262,4.1918716,5.50856,4.8141336,0.422897,4.837387,0.7763672,1.1279297,0.9866699,0.11006505,1.0185547,12,14,13.3,0.6749485577105531,13.0,VEGF-A,80,FreeBindCraft (BindCraft),SolubleMPNN,5,binder,0.9360218954086302,binder
e51ec8a4-e63d-59d5-ad07-1fa37ca8d936,0.25857,0.40267,0.347512,0.05971905910176415,0.36764,0.60714,0.64286,0.6357160000000001,0.01597446963125848,0.64286,9.2817,15.4154,11.77674,2.2360517554385897,11.344,7.707,19.5358,11.71632,4.934973192125768,9.5417,0.7569117,0.8452888,0.7942472,0.037824325,0.78758,0.9034587,0.9214297,0.9093536,0.007266062,0.9064562,0.7569117,0.8452888,0.7942472,0.037824325,0.78758,0.9034587,0.9214297,0.9093536,0.007266062,0.9064562,0.97605854,0.9808866,0.9776284,0.0019605905,0.976772,0.8056977,0.9415448,0.8796134,0.05367725,0.88379204,0.69218504,0.7649638,0.7219571,0.029198272,0.71491843,96.841064,97.54161,97.30625,0.29256773,97.46627,83.08794,85.48803,84.41707,0.9591071,84.64041,3.8153315,8.093786,5.4524913,1.6541309,5.079815,0.41723633,0.47875977,0.45498046,0.024550159,0.46069336,30,42,33.4,4.878524367060187,32.0,TREM2,59,BoltzGen,SolubleMPNN,11,non_binder,0.879464292526245,binder
e5d8aeb0-6f66-5b54-8abd-85e9612e43c9,0.64661,0.71974,0.69257,0.03538608271623184,0.71501,0.33333,0.5,0.39999799999999996,0.09128891865938604,0.33333,0.6238,0.6682,0.64582,0.017283142075444513,0.6401,1.2165,6.9254,3.5546999999999995,2.381300213118875,4.1625,0.6385618,0.7174528,0.68162763,0.0334876,0.6745816,0.71837723,0.75334686,0.7388841,0.014492033,0.7382463,0.71837723,0.75334686,0.7388841,0.014492033,0.7382463,0.6385618,0.7174528,0.68162763,0.0334876,0.6745816,0.94240755,0.95955753,0.95189846,0.007172997,0.9506073,0.6121109,0.65123737,0.62964064,0.015970504,0.6296394,0.52774113,0.5614458,0.54996383,0.013700762,0.55038923,88.105255,88.75786,88.36091,0.25679147,88.24697,85.44731,85.97846,85.63798,0.20177533,85.56892,12.404905,13.586377,13.041052,0.5147834,12.977109,1.21875,1.4628906,1.3365234,0.11327199,1.3505859,22,25,23.0,1.2247448713915887,23.0,EGFR,70,PXDesign,SolubleMPNN,34,non_binder,0.8547751176357269,binder
e6290d6b-d342-556c-aea2-b661723ce9ab,0.84784,0.90347,0.869218,0.023952275883514677,0.85512,0.70833,0.83333,0.7666660000000001,0.04750760181276256,0.75,0.5322,0.6835,0.6007399999999999,0.06279126531612499,0.5919,0.8482,1.6079,1.18932,0.33964573749717514,1.115,0.86876523,0.9007413,0.88458365,0.013060606,0.8857762,0.8957724,0.91741854,0.90518296,0.009657121,0.9043641,0.8957724,0.91741854,0.90518296,0.009657121,0.9043641,0.86876523,0.9007413,0.88458365,0.013060606,0.8857762,0.94757783,0.9617144,0.95471925,0.005754249,0.95533496,0.9632313,0.9741214,0.96879494,0.004167044,0.96962446,0.79646826,0.82814693,0.81083024,0.013109853,0.8116614,95.24171,96.08576,95.53907,0.3734626,95.30798,95.91387,96.439026,96.12062,0.23433152,95.99003,2.3061574,2.7567806,2.5298843,0.18823051,2.495622,0.45483398,0.52197266,0.48740235,0.030952275,0.48388672,25,28,26.4,1.1401754250991383,26.0,PD-L1,75,PXDesign,SolubleMPNN,15,binder,0.9825938725471496,binder
e63890eb-2e7c-5078-922a-c6f5ab5ed6c8,0.57242,0.66385,0.606604,0.04246130273554972,0.57841,0.52941,0.67647,0.582352,0.056575683557514356,0.55882,0.8278,1.1568,1.02034,0.14352065356595894,1.0386,5.7473,10.3033,7.76892,1.764464430641774,7.7234,0.0,0.0,0.0,0.0,0.0,0.0,0.011327622,0.0033373982,0.005374438,0.0,0.0,0.011327622,0.0033373982,0.005374438,0.0,0.0,0.0,0.0,0.0,0.0,0.5022983,0.65128267,0.5825495,0.059484467,0.6110246,0.54801553,0.69961464,0.63755006,0.057815135,0.66556656,0.0,0.06174202,0.022401135,0.028452989,0.0029296875,77.71044,86.691475,82.24237,4.0467033,82.064926,71.93868,82.36987,77.17997,3.598454,75.979904,19.696095,27.98238,23.008997,2.6488461,22.528877,8.609375,20.421875,12.7125,3.956004,12.0234375,19,50,35.3,9.978309810116475,38.0,Latent GDF-8,90,Genie3,ProteinMPNN,44,non_binder,0.5476269662380219,binder
e6443804-9de8-502c-9eda-ea44a79a9c60,0.88947,0.94225,0.920316,0.01481607400389489,0.920265,1.0,1.0,1.0,0.0,1.0,0.6382,0.9829,0.78811,0.09484810605500887,0.7946500000000001,0.9852,1.5247,1.2802099999999998,0.16019563352351393,1.2496,0.6863024,0.85235405,0.76788384,0.078451484,0.7713128,0.75935495,0.8542916,0.8085092,0.04192703,0.8137451,0.75935495,0.877075,0.81917465,0.05280498,0.82733226,0.6863024,0.85235405,0.76788384,0.078451484,0.7713128,0.8960096,0.9239704,0.90914476,0.010120018,0.9084635,0.8995941,0.9375157,0.9173764,0.015142436,0.9168957,0.6257051,0.72114927,0.6741072,0.04178126,0.6733361,95.6081,96.214294,95.96037,0.16273242,96.01101,96.360176,96.82841,96.72347,0.13934094,96.76092,3.4799035,4.787649,4.125383,0.556741,4.1281633,0.6816406,1.3291016,0.9993164,0.29829016,0.9707031,32,40,35.2,2.8205594401741556,34.5,VEGF-A,92,RFdiffusion,SolubleMPNN,26,non_binder,0.9775481963157654,binder
e6a6cf67-0dd2-5db7-98ed-92d0496145f1,0.82108,0.89995,0.8764200000000001,0.033470631156283855,0.8929,0.77143,0.88571,0.822856,0.0511075696937352,0.82857,0.5902,0.9321,0.6685,0.1480839289051989,0.599,1.078,1.958,1.37416,0.36424562179935666,1.2463,0.8874422,0.92323446,0.89987814,0.014378139,0.8981508,0.9124947,0.93584985,0.9196638,0.009450317,0.9172025,0.9124947,0.93584985,0.9196638,0.009450317,0.9172025,0.8874422,0.92323446,0.89987814,0.014378139,0.8981508,0.9520651,0.96819466,0.95765674,0.0065155216,0.9569304,0.9645275,0.9759304,0.96882284,0.0043863435,0.9688275,0.7967768,0.8282808,0.80720556,0.012309103,0.80360156,94.87733,95.52291,95.12755,0.24593656,95.130325,93.49222,94.7522,94.01288,0.48705935,94.06741,2.1843216,2.603901,2.4471488,0.1628945,2.475567,0.40820312,0.5332031,0.48486328,0.047953285,0.4934082,49,51,50.2,0.8366600265340757,50.0,TrkA,77,RFdiffusion3,SolubleMPNN,15,non_binder,0.9823088192939757,binder
e7f63768-ef80-5801-ab4f-b7b5816b9254,0.01368,0.03364,0.023052,0.009150670467238999,0.01821,0.0,0.0,0.0,0.0,0.0,12.7538,20.3774,16.19888,3.294010195339414,17.2481,27.4868,44.2096,35.39996,7.266219248894161,38.2241,0.0,0.0,0.0,0.0,0.0,0.0,0.0,0.0,0.0,0.0,0.0,0.0,0.0,0.0,0.0,0.0,0.0,0.0,0.0,0.0,0.098482,0.19458938,0.12160976,0.040985167,0.103970096,0.7536768,0.77185667,0.7636298,0.00734599,0.7658541,0.0,0.037434895,0.007486979,0.016741393,0.0,86.48588,89.22115,88.033066,1.1523675,88.48699,92.78263,94.19917,93.73606,0.553147,93.88199,17.551693,24.728174,22.796152,2.9687884,24.05462,11.5078125,18.828125,16.05,2.8250403,16.03125,10,26,20.0,7.842193570679061,25.0,MBP,110,PXDesign,SolubleMPNN,22,non_binder,0.4548291647434235,non_binder
e803ccc6-244d-4e2f-b6c9-3d09acd8c9dc,0.8237,0.88842,0.8483789999999999,0.01945255678710526,0.844985,0.80412,0.92593,0.8368439999999999,0.040522143795433396,0.819775,0.6627,0.8784,0.7400800000000001,0.0632073800191788,0.7423,2.5774,2.9088,2.76434,0.12157652551194069,2.79885,0.74080235,0.88919365,0.8459797,0.049759075,0.85973537,0.8735174,0.92099375,0.89396536,0.019126413,0.88655007,0.877224,0.9413881,0.920005,0.0234138,0.9246518,0.74080235,0.88919365,0.8459797,0.049759075,0.85973537,0.9649054,0.9744281,0.97029626,0.0032337068,0.970137,0.9669515,0.97593385,0.9725019,0.0030735177,0.97333705,0.6604216,0.75150037,0.71860135,0.030451631,0.72520673,86.64995,94.479164,92.42131,2.5327847,93.14156,88.184906,89.9446,89.49623,0.51140845,89.63883,3.6023765,4.5856547,4.0065055,0.32643563,3.9611402,0.51904297,1.0878906,0.677832,0.18399988,0.63183594,54,67,59.2,4.34101882562659,60.5,TNFa,80,PXDesign,SolubleMPNN,40,binder,0.9668384885787963,binder
e83866cc-44be-5ece-9f90-1de92fb44266,0.88109,0.90411,0.8894040000000001,0.009690427235163569,0.88403,0.78947,0.84211,0.799998,0.0235413236671178,0.78947,0.4406,0.5073,0.48738000000000004,0.02673007669274447,0.4984,1.4105,1.8792,1.6399000000000001,0.1767824793354816,1.6127,0.76196843,0.810758,0.7780868,0.019602625,0.7741156,0.9039445,0.91740596,0.9088828,0.0053295316,0.90896106,0.76196843,0.810758,0.7780868,0.019602625,0.7741156,0.9039445,0.91740596,0.9088828,0.0053295316,0.90896106,0.961877,0.96759576,0.96399164,0.0022876852,0.96404207,0.8617332,0.9159162,0.88918,0.024367953,0.8997212,0.67147243,0.6924388,0.67883384,0.008472863,0.67589164,95.7091,96.231,96.0387,0.220141,96.14225,80.47046,86.064766,84.35885,2.3939376,85.57422,5.280541,6.462651,5.8369665,0.57399106,5.5851436,0.45825195,0.5126953,0.48784178,0.019581083,0.48999023,19,20,19.6,0.5477225575051664,20.0,TREM2,93,Proteina-Complexa,SolubleMPNN,18,binder,0.973408498764038,binder
e88e375b-6f2c-5363-b387-057b7200f0c7,0.01301,0.34048,0.159362,0.15516567688907376,0.143165,0.0,0.90909,0.409091,0.43387351370980104,0.363635,7.6882,16.8831,12.34449,4.638416302396037,12.4599,29.709,47.3774,39.95349,7.836422995708352,41.5428,0.38745365,0.8465693,0.652563,0.20220163,0.6916443,0.57350504,0.8887829,0.7500759,0.12967494,0.76118994,0.57350504,0.8465693,0.73467624,0.11361139,0.7536495,0.38745365,0.8887829,0.66796255,0.21818243,0.6991848,0.82889825,0.96042824,0.9021565,0.05443575,0.908512,0.80185664,0.86145025,0.82437676,0.0204486,0.8205582,0.3706331,0.78420186,0.59230757,0.19531748,0.6041728,86.409424,92.7668,89.56614,3.0617101,89.45926,76.58749,81.8589,78.983086,2.170082,78.9416,7.5423985,10.515028,8.824549,0.8687795,8.65053,0.45922852,2.5195312,1.2998779,0.8803618,1.0883789,39,51,43.6,3.949683531626298,42.5,RBX1,69,BoltzGen,SolubleMPNN,13,non_binder,0.8395353996753693,binder
e8b2b029-a12c-41af-977a-0a333d55a90c,0.81174,0.90405,0.8514079999999999,0.028003467563063617,0.8491150000000001,0.65789,0.84,0.739052,0.06306761359401863,0.72,0.5111,0.762,0.63339,0.07622941179244545,0.62985,1.1706,2.0551,1.5437100000000001,0.30265162389196654,1.5381,0.81982297,0.88537574,0.85404617,0.02367602,0.8476149,0.8476719,0.9183854,0.8929858,0.020546986,0.89327556,0.8967427,0.9448755,0.9211667,0.017428642,0.9147953,0.81982297,0.88537574,0.85404617,0.02367602,0.8476149,0.962877,0.9804226,0.97264326,0.0059226304,0.9746027,0.965915,0.98287016,0.9749034,0.005659706,0.97663367,0.6977777,0.7455306,0.7230913,0.018578362,0.72135395,92.592224,93.322136,93.05366,0.23809303,93.069885,88.477325,89.852776,89.192566,0.4137181,89.20018,3.2936914,4.3263407,3.8841934,0.37019178,3.8710399,0.5473633,0.8535156,0.695459,0.11433408,0.7133789,34,51,42.9,5.258854966202773,43.5,TNFa,80,PXDesign,SolubleMPNN,31,non_binder,0.9738339757919311,binder
e9b30317-0db7-5af0-aefb-c7e84c7e7df4,0.72153,0.76996,0.741204,0.018634527898500647,0.73861,0.57143,0.64286,0.592858,0.031943908182938414,0.57143,0.9932,1.085,1.04608,0.03794175799827951,1.0603,1.4476,2.2108,1.7628799999999998,0.3208991227784831,1.7119,0.7511775,0.8326275,0.78709817,0.038597405,0.7680862,0.9103349,0.9279801,0.91630536,0.0073650177,0.9122078,0.7511775,0.8326275,0.78709817,0.038597405,0.7680862,0.9103349,0.9279801,0.91630536,0.0073650177,0.9122078,0.9704226,0.97691554,0.97263813,0.0027298906,0.97104234,0.86542654,0.93284416,0.90188915,0.02907812,0.89303005,0.6848686,0.7202413,0.6971103,0.0154380845,0.68852246,94.90809,95.853485,95.44788,0.3915577,95.415474,81.69398,90.03119,84.60489,3.4087305,83.83449,4.1999273,5.9491725,4.993743,0.76750255,5.1847835,0.41918945,0.4724121,0.45566407,0.022950258,0.46801758,23,31,26.6,2.9664793948382653,27.0,TREM2,76,RFdiffusion3,SolubleMPNN,12,binder,0.9475408506393431,binder
e9ed5bbb-e7fd-59a4-b9ae-eaffa5c2bb36,0.68285,0.71843,0.7063740000000001,0.013821247411142051,0.71033,0.5,0.69444,0.616666,0.07189998630041589,0.63889,1.0457,1.3871,1.26892,0.1402474670002991,1.3047,1.7789,2.8583,2.51788,0.4309425680992769,2.6344,0.18804196,0.49685436,0.34126726,0.11598991,0.36740017,0.4381086,0.72111213,0.5962783,0.10603525,0.62815714,0.4381086,0.72111213,0.5962783,0.10603525,0.62815714,0.18804196,0.49685436,0.34126726,0.11598991,0.36740017,0.6093646,0.8676487,0.7588953,0.09869373,0.79525024,0.90640146,0.9434041,0.92665863,0.0151462825,0.932836,0.3231909,0.56455004,0.46222538,0.09262617,0.49965706,85.244705,88.009605,86.71934,1.1475366,86.98679,95.23638,95.74233,95.49342,0.22104093,95.49602,5.525213,8.4985,6.777443,1.1428069,6.3135514,2.1230469,4.4375,3.0890625,0.8884246,2.7871094,31,40,34.0,3.5355339059327373,33.0,MBP,68,Genie3,SolubleMPNN,16,non_binder,0.9521161890029907,binder
eabd8486-54cd-52b0-9a40-69e2fe190106,0.00843,0.06293,0.016545999999999998,0.016332285816749594,0.01171,0.0,0.0,0.0,0.0,0.0,11.0712,20.5077,16.41209,2.2618164310276527,16.596899999999998,18.7317,59.5456,48.53286,10.825293280317576,51.0347,0.0,0.358655,0.12916842,0.1200784,0.12932684,0.0,0.6877022,0.30984548,0.24866231,0.36379117,0.0,0.6877022,0.30984548,0.24866231,0.36379117,0.0,0.358655,0.12916842,0.1200784,0.12932684,0.21232678,0.7809857,0.46787062,0.18153054,0.48125708,0.77308375,0.88787335,0.844138,0.03597548,0.8539423,0.0,0.43684202,0.17552185,0.1485313,0.16149016,85.44628,89.521416,87.62988,1.081649,87.67839,82.20263,91.91949,87.807884,4.1792827,89.100235,8.581516,17.059305,12.535662,3.1786385,11.566318,3.3320312,12.328125,7.190625,3.2260978,6.4726562,27,59,48.0,10.033277962194942,47.5,Nipah-G,89,RFdiffusion3,SolubleMPNN,15,binder,0.4133032727241515,non_binder
eb60e6d7-effc-5b80-8ef1-fcac434f71d0,0.0052,0.10119,0.069694,0.03876720430982868,0.08093,0.0,0.04348,0.008695999999999999,0.01944484713233817,0.0,7.1715,26.849,11.78336,8.473422505280851,8.2621,14.8368,75.5497,28.350900000000003,26.427373304019454,16.9406,0.0,0.0,0.0,0.0,0.0,0.0,0.0,0.0,0.0,0.0,0.0,0.0,0.0,0.0,0.0,0.0,0.0,0.0,0.0,0.0,0.5324903,0.65473855,0.61208355,0.04531847,0.62578714,0.5734158,0.70333785,0.6596216,0.04944968,0.67745644,0.0,0.0,0.0,0.0,0.0,76.624306,82.06186,79.410934,1.7287796,78.996796,71.882095,81.609474,76.40363,3.3425987,76.27286,25.57865,28.825317,27.098276,1.1498922,26.733208,16.15625,22.609375,19.28125,2.2469115,19.007812,25,47,37.8,8.638415492567036,41.5,Latent GDF-8,71,RFdiffusion3,SolubleMPNN,8,non_binder,0.2963396143913269,non_binder
eb91d3eb-5de5-501a-afdd-5f4475556978,0.38109,0.47319,0.430232,0.03669591830163132,0.43484,0.42424,0.51515,0.47878799999999994,0.03319609495106314,0.48485,2.0545,2.3031,2.1965,0.10838692264290925,2.2164,6.9305,11.3187,8.80702,2.0130131077566285,7.7153,0.0,0.259918,0.100756966,0.11087424,0.06745611,0.0,0.49700224,0.22329004,0.23842928,0.18517454,0.0,0.49700224,0.22329004,0.23842928,0.18517454,0.0,0.259918,0.100756966,0.11087424,0.06745611,0.57134604,0.78816456,0.68782765,0.067411065,0.68972856,0.6141184,0.8033031,0.71516925,0.057364427,0.7193783,0.0,0.29751232,0.1372472,0.13329609,0.13092889,71.56746,92.28191,82.01555,9.913403,82.484985,74.795525,82.53498,78.51084,3.1269667,77.09682,13.545587,24.844044,18.441082,4.3458886,18.022938,3.2363281,13.3359375,8.068164,4.2926445,7.6171875,37,58,47.3,6.412661087428698,48.5,Latent GDF-8,68,RFdiffusion3,SolubleMPNN,16,binder,0.690577142238617,binder
eb947dbb-841e-58cc-9c14-edabed2a114e,0.02638,0.03685,0.031428,0.004596884935596183,0.03139,0.0,0.0,0.0,0.0,0.0,13.3594,19.4271,16.30921,2.9279669759256355,16.192149999999998,25.7747,30.242,28.018610000000002,1.9200616613073176,27.96855,0.011207767,0.49908298,0.25270525,0.1604893,0.21688315,0.12685303,0.5125561,0.3194742,0.13060382,0.3444814,0.12685303,0.56921315,0.3522188,0.15353952,0.3444814,0.011207767,0.49908298,0.25270525,0.1604893,0.21688315,0.5765298,0.8110166,0.68561995,0.086820416,0.68012536,0.67673045,0.849607,0.76112264,0.061044157,0.7592258,0.119316265,0.54186153,0.3255092,0.1538804,0.30231977,90.90147,94.147156,92.16778,1.2560139,91.529816,91.652596,94.35396,92.96782,1.0461943,92.541824,5.7524943,12.281098,8.737118,2.2836287,8.867795,2.0664062,6.9296875,4.1435547,1.662413,4.0683594,10,19,14.0,2.7080128015453195,14.0,VEGF-A,98,RFdiffusion3,SolubleMPNN,16,binder,0.370594555735588,non_binder
eba7e44e-0bba-5dc3-9ce9-e9c39d90e041,0.01678,0.22675,0.07439799999999999,0.07153839121603013,0.044855,0.0,0.44444,0.122221,0.15225629068923374,0.055555,6.7648,14.0458,10.91868,3.0814102939328865,11.257,17.6112,42.2437,33.19624,9.42725205091895,35.20665,0.0,0.7014692,0.31071848,0.25393692,0.21628225,0.0,0.7049008,0.3830931,0.24205244,0.39668423,0.0,0.7014692,0.3806938,0.23966137,0.39668423,0.0,0.7049008,0.31311777,0.2569219,0.21628225,0.4495547,0.8564831,0.74681604,0.12104617,0.78985846,0.62386566,0.83488554,0.75755274,0.061962556,0.76077545,0.011346726,0.7001642,0.3592548,0.26529777,0.30656433,79.66868,92.09041,86.437164,4.9196153,86.73385,66.256584,77.37319,72.46123,3.208687,73.2048,8.655882,18.90407,12.294172,3.1218388,11.424883,1.0947266,11.671875,4.521875,3.6097772,3.5898438,12,33,25.7,7.134423592694788,28.0,RBX1,83,RFdiffusion3,Caliby (SolubleCaliby),21,non_binder,0.7533913719654083,binder
ec91041e-3a1e-57ca-a8fa-6c6c7b104a02,0.04552,0.70834,0.40125599999999995,0.30709995116320754,0.608045,0.0,0.5,0.27142900000000003,0.2343156001090078,0.4375,1.0181,15.1441,6.87423,7.024445188063688,1.61905,2.0046,22.3313,10.21312,10.298123575659574,2.4280999999999997,0.0,0.8809716,0.5069363,0.41695887,0.70982957,0.0,0.8832995,0.54650635,0.4025365,0.7981924,0.0,0.89885193,0.552767,0.40829727,0.8034487,0.0,0.8809716,0.5069363,0.41695887,0.70982957,0.56455666,0.9422663,0.8051861,0.1673621,0.9164632,0.7009721,0.95276576,0.858436,0.112340875,0.92847407,0.0,0.75679266,0.47811717,0.33315265,0.6856201,83.53262,93.35498,89.7433,3.7402701,90.83148,92.617455,95.81516,94.67192,1.0999423,94.97389,3.093178,19.836134,7.8599176,6.2027297,4.0793853,0.5629883,12.765625,4.0289063,4.6611114,0.99316406,22,30,25.4,3.204163957519444,24.0,VEGF-A,64,BoltzGen,SolubleMPNN,18,binder,0.8618805956840514,binder
ecd9f15d-222e-56b5-9dcc-c990b8f32c37,0.49893,0.83734,0.707864,0.1490768980425874,0.78758,0.42857,0.64286,0.57143,0.10101727476031015,0.64286,0.5391,1.9545,1.08266,0.6015406411872767,0.7908,1.0994,5.597,2.97874,1.9123920578688882,2.1971,0.42706767,0.4887844,0.46187654,0.024587933,0.4698976,0.5866186,0.6347808,0.6124957,0.018892992,0.61971897,0.5866186,0.6347808,0.6124957,0.018892992,0.61971897,0.42706767,0.4887844,0.46187654,0.024587933,0.4698976,0.7828248,0.8276441,0.80972165,0.01767803,0.81555706,0.9089686,0.9215085,0.9157294,0.0051792488,0.91736674,0.5706995,0.6100527,0.5918792,0.01621915,0.5994819,90.80593,94.16636,93.0142,1.3625177,93.46229,95.71375,96.680725,96.28042,0.39334562,96.42096,4.9852376,5.4662232,5.222767,0.19471437,5.2062397,1.6630859,1.9550781,1.8380859,0.1081505,1.8544922,21,25,23.0,1.4142135623730951,23.0,IL-7Ra,59,RFdiffusion3,SolubleMPNN,5,non_binder,0.9135549092292785,binder
ed22e9eb-854a-557a-9885-3ea1af51670a,0.45419,0.54322,0.507582,0.03283070468326871,0.51547,0.59091,0.81818,0.7454560000000001,0.08860708143258081,0.77273,3.9299,5.1367,4.60742,0.4779164906131615,4.8185,5.255,6.147,5.8418399999999995,0.3833832195075834,6.0165,0.7923263,0.8451978,0.8156891,0.020465344,0.81634444,0.9153259,0.9316281,0.922101,0.006776676,0.9227029,0.7923263,0.8451978,0.8156891,0.020465344,0.81634444,0.9153259,0.9316281,0.922101,0.006776676,0.9227029,0.96841156,0.9750947,0.97120154,0.0028080498,0.9716523,0.92297965,0.951626,0.9345684,0.011956058,0.9355026,0.6946837,0.72748864,0.71133226,0.013625024,0.712896,94.34857,95.142586,94.80319,0.28617203,94.84777,82.0045,87.08128,85.3084,1.9520787,86.004005,3.8627043,4.641215,4.306767,0.29206938,4.3233337,0.41503906,0.46923828,0.45424804,0.022507064,0.46533203,26,27,26.4,0.547722557505166,26.0,TREM2,87,PXDesign,SolubleMPNN,13,binder,0.9368986678123473,binder
ed662453-a496-40c6-b161-10781828353b,0.52839,0.67338,0.591939,0.045335707891241736,0.593025,0.42857,0.60714,0.545681,0.05264332488022049,0.5581400000000001,1.6217,4.2212,2.91878,1.005701696219002,2.39795,0.6472,1.6602,1.07981,0.2807091830426009,1.0216500000000002,0.5371483,0.889354,0.73484856,0.14450704,0.75050485,0.7698113,0.8933384,0.83639395,0.04207623,0.83814144,0.7698113,0.9406725,0.86395246,0.06903782,0.8673404,0.5371483,0.889354,0.73484856,0.14450704,0.75050485,0.94025064,0.9809073,0.9613385,0.014300947,0.9600774,0.9483421,0.98336184,0.9656954,0.012075772,0.9650109,0.5678222,0.7542792,0.6662762,0.07040834,0.6641785,88.893715,92.87839,90.93753,1.8792576,91.00728,88.39762,89.55486,88.966225,0.30329904,88.958984,3.3684702,6.1633058,4.708666,0.9995447,4.8174143,0.5258789,1.9824219,1.1146972,0.59584564,0.94970703,41,48,44.5,2.798809270624444,44.5,TNFa,80,PXDesign,SolubleMPNN,41,non_binder,0.9638363170623779,binder
ed8888dd-6fbe-5ff1-841c-e760fbe8b410,0.00557,0.00675,0.006006,0.0005142275760789184,0.0058,0.0,0.0,0.0,0.0,0.0,20.8882,25.4804,22.37302,1.8933910113867127,21.6927,67.7572,78.1465,73.04782,4.346744501003024,73.3401,0.0,0.0,0.0,0.0,0.0,0.0,0.010757898,0.0010757898,0.003401946,0.0,0.0,0.010757898,0.0010757898,0.003401946,0.0,0.0,0.0,0.0,0.0,0.0,0.4645973,0.6424848,0.5515488,0.062134165,0.547902,0.52577925,0.69653505,0.61267257,0.05925074,0.6050108,0.0,0.052073278,0.0052073277,0.016467016,0.0,69.33718,83.89628,78.367294,4.792591,79.90625,72.57567,81.33424,76.91172,2.6194983,76.554344,16.781704,28.420137,25.462029,3.475748,26.493828,8.984375,23.5,18.332813,4.273372,19.390625,3,24,12.4,6.915361322607969,11.0,Latent GDF-8,94,Genie3,SolubleMPNN,26,non_binder,0.1830774426460266,non_binder
ee6a1bf7-32d6-5aa3-874d-ff6d87692909,0.59988,0.69161,0.6489,0.03304127317966631,0.6548400000000001,0.46541,0.57143,0.5401360000000001,0.030234263197754786,0.549095,1.2481,1.8979,1.51287,0.19719122726711522,1.4631500000000002,1.9539,3.4255,2.70457,0.4010145246746058,2.7548500000000002,0.8366121,0.9073761,0.876873,0.025163481,0.88044924,0.87494254,0.90954363,0.8955218,0.010086129,0.89861673,0.87494254,0.9340659,0.9088187,0.022686196,0.9121777,0.8366121,0.9073761,0.876873,0.025163481,0.88044924,0.9591896,0.9768556,0.9690221,0.0056474633,0.9703133,0.96279335,0.97848374,0.971461,0.004854438,0.97281706,0.6439104,0.7157341,0.683464,0.026445407,0.6866964,85.314285,89.83563,87.67807,1.8083689,87.50279,86.38979,88.11786,87.36112,0.48571742,87.40657,3.8537698,5.0580406,4.3911543,0.40517965,4.308361,0.4645996,0.8198242,0.61901855,0.124867015,0.6113281,67,83,73.8,4.589843860815601,73.0,TNFa,95,RFdiffusion3,Caliby (SolubleCaliby),27,non_binder,0.9563414025306701,binder
ee6a5a8e-063a-5dff-805d-202ebdfeb9aa,0.53136,0.71338,0.6377360000000001,0.06715318312965099,0.630485,0.64935,0.77922,0.70909,0.059183322162769975,0.6980500000000001,1.8401,3.7507,2.5324999999999998,0.6959957103954658,2.45255,1.4556,4.1587,2.38555,0.9126826979965282,2.2622,0.6803248,0.91501015,0.8157136,0.08947287,0.8327471,0.84090453,0.9155466,0.8793801,0.023341598,0.87809634,0.84090453,0.941945,0.8957609,0.036835343,0.90105665,0.6803248,0.91501015,0.8157136,0.08947287,0.8327471,0.963721,0.98573107,0.97458184,0.007332356,0.9736432,0.9695031,0.98746914,0.9780019,0.005901584,0.97662807,0.60115075,0.75007296,0.6824763,0.05286525,0.6888531,85.99003,94.76919,89.8789,3.1496859,88.54579,95.32281,97.54612,96.24153,0.77656764,96.32202,3.2186067,5.5818486,4.368035,0.8029047,4.3557014,0.42016602,1.3359375,0.7938965,0.35475168,0.7199707,113,145,126.2,11.28223776069663,124.5,15-PGDH,76,Proteina-Complexa,SolubleMPNN,35,non_binder,0.9648343539237975,binder
ee72b6fd-6004-5236-a033-7a5c7c85dc63,0.70828,0.75639,0.734814,0.020051832335225648,0.73554,0.92308,1.0,0.938464,0.03439966976585677,0.92308,1.7291,1.9093,1.8462800000000001,0.07192177695246407,1.8753,2.5622,3.981,3.29726,0.5533850404555583,3.4711,0.3471729,0.44258538,0.39733323,0.037991844,0.4015863,0.4270378,0.49605647,0.46349972,0.028252514,0.45871764,0.4270378,0.49605647,0.46349972,0.028252514,0.45871764,0.3471729,0.44258538,0.39733323,0.037991844,0.4015863,0.609077,0.69851696,0.6574885,0.035719518,0.662401,0.74770445,0.79881877,0.77582455,0.02152122,0.77456146,0.48573974,0.5480258,0.5227712,0.025819218,0.53023624,92.1418,92.90775,92.467224,0.30913964,92.54264,90.253685,91.87567,90.791,0.6425531,90.72014,5.8033423,6.7747016,6.232915,0.39059725,6.1933517,1.5830078,2.1367188,1.8351562,0.2052773,1.8349609,40,49,44.2,4.086563348340509,43.0,BBF-14,69,RFdiffusion3,SolubleMPNN,26,non_binder,0.9452351903915405,binder
eeccf6d4-1380-5f77-9f64-b56791edc474,0.01086,0.59349,0.184112,0.2693922917646721,0.01866,0.0,0.5,0.15,0.24152294576982397,0.0,1.4282,19.8705,12.30534,8.094506696684281,16.33925,4.3098,51.1003,31.431670000000004,19.367135809524225,38.02315,0.0,0.722167,0.2377431,0.28721008,0.13316196,0.0,0.7585996,0.30791172,0.285204,0.2648024,0.0,0.7585996,0.30791172,0.285204,0.2648024,0.0,0.722167,0.2377431,0.28721008,0.13316196,0.4843692,0.88231134,0.7216035,0.13376199,0.7522038,0.63510936,0.79381967,0.73271203,0.058968373,0.7430494,0.0,0.692887,0.3184165,0.2876438,0.28100306,80.387764,90.75544,86.2121,3.6861875,86.32033,71.76091,81.54217,78.39818,2.6611378,79.40839,8.225787,24.710321,13.941416,5.476341,12.647375,0.8618164,15.0625,5.6487303,4.898882,4.4960938,12,37,26.5,8.631338250816034,28.5,RBX1,71,RFdiffusion,SolubleMPNN,24,non_binder,0.5710098612308503,binder
ef04a004-da91-566a-9a0d-70445e0634bd,0.02467,0.75362,0.310045,0.35310738112584894,0.040154999999999996,0.0,0.85714,0.328571,0.4261830752270671,0.0,1.5834,22.8794,13.798760000000001,10.513328127794104,19.9132,2.3183,31.8507,16.1386,11.861907506055772,23.455350000000003,0.23306541,0.70599097,0.5305398,0.1696295,0.5904355,0.5126008,0.7660756,0.6862831,0.08148485,0.7078054,0.5126008,0.8757668,0.752418,0.13055144,0.79802835,0.23306541,0.70599097,0.5305398,0.1696295,0.5904355,0.8969761,0.96367854,0.9415768,0.022577489,0.94920313,0.918402,0.9690996,0.95135224,0.017004132,0.9565387,0.30558798,0.64134556,0.52943736,0.11692345,0.57507527,71.45553,83.97214,78.52983,5.160653,79.2796,86.48389,88.015396,87.47791,0.4730861,87.593185,4.7388244,9.180746,6.2717047,1.5781996,5.6763344,1.1464844,4.5429688,2.1154296,1.1243178,1.671875,51,81,68.8,9.354737361952557,68.0,TNFa,83,Genie3,ProteinMPNN,59,non_binder,0.8465244030952452,binder
ef464769-d3d5-5486-be28-abe9cc6b2d25,0.24886,0.34709,0.29948199999999997,0.038859555066933026,0.31264,0.03704,0.22222,0.125926,0.07680175082639719,0.11111,3.885,4.4353,4.1828199999999995,0.2060467107235638,4.1823,5.3949,6.8407,6.1350999999999996,0.5818399908909666,6.273,0.65789086,0.78774047,0.7232801,0.04757263,0.7294577,0.79520035,0.88129056,0.8388316,0.0330358,0.8482691,0.79520035,0.88129056,0.8388316,0.0330358,0.8482691,0.65789086,0.78774047,0.7232801,0.04757263,0.7294577,0.9109376,0.9529067,0.93300545,0.015343761,0.935476,0.94653547,0.95771277,0.95200765,0.0047428533,0.9525304,0.60752577,0.69064265,0.64686346,0.031386282,0.65335184,92.99796,93.59121,93.29866,0.26585582,93.287964,95.206635,95.54125,95.34572,0.14493842,95.30449,3.9820104,4.952049,4.4699616,0.3651703,4.39223,1.0068359,1.3916016,1.1966797,0.15448003,1.1367188,42,54,47.2,5.403702434442518,44.0,MBP,80,PXDesign,SolubleMPNN,32,non_binder,0.8308677363395691,binder
ef5eb126-d474-5bf7-9279-034d92d89922,0.59472,0.71868,0.6542250000000001,0.04508750559868123,0.6412599999999999,0.47059,0.70833,0.5916669999999999,0.09582862365818591,0.60784,1.3391,2.0947,1.6831299999999998,0.3314200659451854,1.6501000000000001,1.4001,3.5232,2.44065,0.8960110629897379,2.4555,0.6713732,0.8971145,0.8080352,0.07811789,0.830433,0.71402067,0.8987471,0.82502985,0.065165706,0.84183526,0.71402067,0.8971145,0.8216094,0.06212892,0.8389517,0.6713732,0.9064207,0.8190487,0.08827572,0.8424044,0.8916087,0.9361564,0.91815555,0.01291249,0.9189081,0.89552265,0.9432197,0.9231591,0.015263675,0.9275801,0.5895292,0.7434283,0.6765668,0.052012295,0.68773496,94.803024,95.7207,95.36576,0.28412363,95.46062,95.70911,96.33477,96.15859,0.20219617,96.21542,3.2534845,5.2264214,4.087571,0.701619,3.9388292,0.56347656,1.453125,0.9105469,0.3267938,0.86816406,39,46,42.1,2.1317702607092643,42.0,VEGF-A,96,RFdiffusion3,SolubleMPNN,19,binder,0.9531381750106811,binder
ef8f7274-6195-53b4-a55d-5cdf120f9b50,0.01222,0.029,0.017358000000000002,0.004346732617086592,0.01677,0.0,0.04,0.004,0.01264911064067352,0.0,14.9588,24.4433,18.191499999999998,3.4618646282667447,16.77185,39.5481,46.604,41.36361,1.929917615081016,40.8769,0.010150674,0.8311926,0.42536053,0.36828193,0.5632895,0.011848299,0.8795404,0.47075957,0.3966973,0.6737101,0.011848299,0.8311926,0.45471185,0.38182333,0.66189075,0.010150674,0.8795404,0.44140825,0.38504285,0.5751089,0.7197834,0.9436658,0.8253478,0.084240794,0.8380884,0.7180672,0.93727833,0.8258257,0.08591267,0.85675,0.066846415,0.7777917,0.42905265,0.30289555,0.49979392,82.491356,90.50178,86.03457,2.806235,87.260925,70.91551,80.93915,76.66608,3.9002767,78.60286,3.4353719,19.82272,11.063948,7.054687,8.343609,0.63134766,8.1171875,3.4367676,3.246718,1.4870605,15,61,31.6,15.378195241603903,26.0,RBX1,94,RFdiffusion,SolubleMPNN,16,non_binder,0.37495073020458225,non_binder
ef9f33d8-dfbe-568a-983d-fb89cd4aeef4,0.014,0.02974,0.016921,0.004965591494362871,0.01456,0.0,0.02326,0.002326,0.00735545783755165,0.0,11.2771,19.1757,17.15976,2.8877550262367393,18.7228,37.6189,44.0487,41.8421,2.610025019888595,43.37325,0.020401124,0.6639354,0.33702862,0.19897562,0.41087347,0.095659174,0.69511753,0.43106064,0.2206161,0.5541578,0.020401124,0.6639354,0.41806245,0.23386683,0.5541578,0.062083088,0.69511753,0.35002685,0.18949863,0.41087347,0.30428907,0.83805007,0.6480052,0.23490119,0.8076552,0.55371493,0.8769239,0.745788,0.11620037,0.80035836,0.15933342,0.63461226,0.3448445,0.1283853,0.34113804,84.84624,90.04183,86.89798,1.4666373,87.13054,63.426952,78.32443,73.14543,5.809177,76.81853,4.7349644,14.348667,10.546937,2.6440456,10.993391,1.34375,6.015625,3.2601562,1.4565803,2.7089844,23,46,36.0,7.0395706939809575,36.5,RBX1,96,PXDesign,SolubleMPNN,22,binder,0.5111231517791748,binder
efb31554-1294-50fe-b728-88f34b098e2c,0.26798,0.78955,0.55228,0.18632588454103738,0.56774,0.0,1.0,0.2,0.447213595499958,0.0,0.7192,0.9245,0.82288,0.09555107011436342,0.8374,1.6691,40.8287,10.917739999999998,16.810725687578152,2.9862,0.2230737,0.52196175,0.43321243,0.120827824,0.46758047,0.36606959,0.6332931,0.56113625,0.111370094,0.59478676,0.36606959,0.6332931,0.56113625,0.111370094,0.59478676,0.2230737,0.52196175,0.43321243,0.120827824,0.46758047,0.6440558,0.87178373,0.8121088,0.09499742,0.845155,0.57621884,0.6134227,0.5980177,0.015589315,0.604644,0.2720994,0.47643536,0.42236215,0.08535097,0.44560477,85.67655,86.83841,86.46983,0.46139744,86.54993,84.872185,87.1893,86.65528,0.9982842,87.07061,14.54631,15.879029,15.142131,0.57786095,14.933012,2.4921875,5.2148438,3.1683593,1.151743,2.7441406,22,52,32.6,11.349008767288886,30.0,EGFR,100,PXDesign,SolubleMPNN,31,non_binder,0.6172933971881865,binder
efd489b8-43ce-57ee-b87c-f64d50e16d30,0.69663,0.81368,0.75686,0.04609163101909065,0.76961,0.55882,0.76471,0.6705880000000001,0.07323733760862693,0.67647,0.9487,1.3253,1.1002800000000001,0.162475942834624,1.0388,1.6884,2.3953,1.9729199999999998,0.3017968306659301,1.8128,0.6839367,0.78858954,0.7392082,0.049472235,0.7445723,0.834693,0.896238,0.8669526,0.027851801,0.85698557,0.834693,0.896238,0.8669526,0.027851801,0.85698557,0.6839367,0.78858954,0.7392082,0.049472235,0.7445723,0.9173637,0.9505538,0.9349778,0.015970163,0.9375912,0.9584922,0.96476924,0.9610224,0.002416434,0.9601808,0.66658545,0.71316206,0.6900402,0.018302765,0.6883679,88.392044,91.498985,90.279976,1.1906416,90.660286,95.18231,95.73601,95.50169,0.21697885,95.55883,3.5635884,4.2173157,3.8709865,0.24928942,3.8702862,0.8984375,1.3193359,1.0722656,0.17195821,1.0458984,38,47,40.8,3.7013511046643504,40.0,MBP,85,PXDesign,SolubleMPNN,18,non_binder,0.9657501459121703,binder
f024f34e-b881-5f10-a437-e1416340d234,0.02175,0.62111,0.30251,0.29815696075128695,0.25215,0.0,0.7619,0.36666699999999997,0.3868917367099541,0.357145,2.5801,17.5659,10.23734,7.485589138575237,11.1389,3.5749,34.2539,19.12661,15.79333093045219,19.951050000000002,0.10691821,0.7805206,0.48866376,0.24613999,0.50318456,0.17642488,0.80252355,0.58442956,0.1970364,0.61164534,0.17642488,0.80252355,0.5827974,0.19522998,0.61164534,0.10691821,0.78714424,0.49029595,0.24826379,0.50318456,0.7307834,0.9038793,0.8350151,0.05236741,0.85105824,0.7307754,0.84128714,0.79552686,0.03656744,0.8031833,0.16424969,0.7105611,0.47962722,0.2127779,0.51138484,73.63987,91.18894,85.21794,5.1893277,85.48862,75.49176,80.49176,77.946236,1.5018204,77.500694,7.6549883,15.402884,10.624811,2.3235774,10.366046,0.67041016,5.3828125,2.2625,1.5658714,1.7192383,42,87,70.5,17.443559779407927,80.5,RBX1,83,Genie3,SolubleMPNN,20,non_binder,0.8315948557853697,binder
f02fd55c-6c2f-5478-b489-993b7e2f726f,0.68216,0.72367,0.703104,0.016464732814918923,0.70636,0.44444,0.57778,0.5114810000000001,0.04046606931190074,0.512965,0.9912,1.4031,1.14504,0.11492702225518783,1.12935,1.0323,2.2242,1.57657,0.42093145140007987,1.6017000000000001,0.84844744,0.9170609,0.88390464,0.02734918,0.88738185,0.8578086,0.9191904,0.8901089,0.023110937,0.89234006,0.8578086,0.9170609,0.8892518,0.022193354,0.8918221,0.84844744,0.9171106,0.88590384,0.029305395,0.8895868,0.941971,0.95265746,0.9466049,0.003542953,0.94578207,0.936628,0.95638853,0.9477955,0.0064119715,0.9490361,0.7060223,0.77527976,0.74386364,0.026192708,0.7469154,94.86473,95.952805,95.464775,0.312213,95.48111,94.96818,95.43684,95.14793,0.18698065,95.05481,2.8312104,3.7567225,3.2322936,0.36243305,3.1855607,0.49731445,0.8154297,0.64973146,0.13657936,0.6401367,45,53,48.2,2.3944379994757305,47.5,VEGF-A,98,Proteina-Complexa,SolubleMPNN,26,binder,0.9713328671455382,binder
f07d7671-16e3-5d30-93de-c9041aef4367,0.05736,0.06095,0.059997999999999996,0.001487571847004371,0.06063,0.0,0.0,0.0,0.0,0.0,12.0924,13.1538,12.45242,0.4091627206870155,12.3462,18.9368,19.5302,19.07862,0.2534551183148605,18.9725,0.17283389,0.38949245,0.3094923,0.082848795,0.32934624,0.27229533,0.5086267,0.4206043,0.0908087,0.44450638,0.27229533,0.5086267,0.4206043,0.0908087,0.44450638,0.17283389,0.38949245,0.3094923,0.082848795,0.32934624,0.38223255,0.6360855,0.5470834,0.09824873,0.5731227,0.73710656,0.84105057,0.8065626,0.040825102,0.8156147,0.36190173,0.58307356,0.51108205,0.087222636,0.5370357,92.636856,93.79956,93.022026,0.46451294,92.878456,92.70198,93.67727,93.05104,0.38399073,93.04877,5.1347313,7.8504786,6.044012,1.063484,5.770935,2.0507812,3.6796875,2.621875,0.62939525,2.4121094,27,33,30.6,2.509980079602227,30.0,PD-L1,75,PXDesign,SolubleMPNN,11,non_binder,0.7433046340942382,binder
f11eba93-81b7-5d78-8563-3c6b5f58e342,0.49921,0.66262,0.560964,0.06414572943263211,0.544225,0.77083,0.875,0.8270839999999999,0.034092082234898916,0.83333,1.7274,1.8892,1.7956499999999997,0.057701131319546545,1.7716500000000002,4.5315,15.8654,10.31026,3.903215940790932,10.536249999999999,0.52814263,0.86677223,0.73451173,0.1294489,0.79369533,0.6599146,0.9527797,0.8523973,0.09249294,0.87923455,0.52814263,0.86677223,0.73451173,0.1294489,0.79369533,0.6599146,0.9527797,0.8523973,0.09249294,0.87923455,0.72208244,0.9806748,0.8881437,0.09735153,0.9313304,0.6979187,0.9016277,0.8203025,0.061945572,0.83212894,0.2814013,0.8007068,0.6068085,0.20198359,0.6873565,77.848526,92.05086,85.82652,6.3367157,86.29343,76.83155,83.266,80.1199,2.5468607,78.95395,4.68507,17.539425,9.143353,3.7500124,8.626017,0.3544922,1.328125,0.6845459,0.30793145,0.59106445,62,105,82.3,14.674619056195102,83.0,RBX1,85,PXDesign,SolubleMPNN,24,non_binder,0.9388545536994933,binder
f1e02541-580c-5b53-b219-ced9f82676bd,0.00858,0.04976,0.03403,0.015233998162005926,0.03751,0.0,0.06202,0.017054,0.025359777798711094,0.00775,15.1927,23.1143,17.22966,3.3446436062755636,15.7743,25.95,57.2624,33.01832,13.606192430360522,26.8032,0.0,0.0,0.0,0.0,0.0,0.0,0.0,0.0,0.0,0.0,0.0,0.0,0.0,0.0,0.0,0.0,0.0,0.0,0.0,0.0,0.50905806,0.6866187,0.5895449,0.060313817,0.57616633,0.5567071,0.74477184,0.64575785,0.06516273,0.63078487,0.0,0.0,0.0,0.0,0.0,57.563194,71.25314,63.72796,5.892688,61.734802,73.73819,79.664055,76.656006,2.2640378,75.98323,23.189486,28.552923,26.049358,1.8598077,26.453197,13.4375,21.96875,18.23672,3.087593,18.921875,48,124,76.0,22.150996967781534,69.5,Latent GDF-8,97,BoltzGen,SolubleMPNN,31,non_binder,0.30777930378913876,non_binder
f1ef49b0-f458-47a4-b80a-ed149abf2cba,0.55812,0.7188,0.632702,0.056178314084113765,0.6278250000000001,0.54286,0.85714,0.663334,0.10751478494710492,0.61905,1.8357,2.5705,2.17379,0.337402224355442,2.1644,2.347,3.1761,2.7590899999999996,0.2982942337506524,2.8255,0.64093953,0.8589474,0.77036554,0.08337074,0.7945665,0.8160784,0.89440775,0.85776883,0.02236263,0.8597294,0.84413356,0.9372956,0.89618504,0.03403495,0.90115404,0.64093953,0.8589474,0.77036554,0.08337074,0.7945665,0.95442456,0.97661936,0.96684045,0.0067525106,0.96735525,0.96121496,0.97938997,0.97064066,0.005909984,0.9711081,0.6205111,0.72825986,0.67835987,0.037816126,0.684489,88.59359,92.785934,91.21743,1.5239694,91.28224,88.18219,89.80755,89.017654,0.5286277,89.07587,3.7982943,5.3768497,4.5408926,0.4919702,4.6194987,0.60546875,1.3300781,0.921875,0.30025375,0.7963867,41,52,45.7,3.3349995835415362,46.0,TNFa,80,PXDesign,SolubleMPNN,48,binder,0.9561404633522034,binder
f29d0b8b-f65f-512c-b25e-0c5009234f61,0.36377,0.42921,0.402694,0.019892000178742982,0.40491,0.21667,0.38306,0.297581,0.054563432290622375,0.29059500000000005,2.9803,3.8956,3.3168999999999995,0.28780393017160516,3.2715,4.1427,5.624,5.05711,0.5193994148159112,5.28665,0.1159219,0.797695,0.512642,0.27224028,0.6257237,0.15986829,0.8138466,0.60435385,0.23157361,0.7215333,0.15986829,0.86386085,0.6265831,0.2508671,0.75000817,0.1159219,0.797695,0.512642,0.27224028,0.6257237,0.83371717,0.9568899,0.9163357,0.04504837,0.93880916,0.8706776,0.96196073,0.93158644,0.032971144,0.9477157,0.12683968,0.62093115,0.43624383,0.18468904,0.5213324,78.84316,82.22119,80.165344,1.1135526,79.889206,84.80911,86.44777,85.68996,0.44422376,85.77184,5.2164383,12.670158,7.8074975,2.7204776,6.591972,0.94873047,6.7070312,2.8331542,2.16805,1.6396484,54,73,63.6,5.211099265563414,64.5,TNFa,94,BoltzGen,SolubleMPNN,27,non_binder,0.820931761264801,binder
f2c1e968-82a5-54df-8f57-c5515f5ba816,0.08799,0.16115,0.128972,0.032202526608947936,0.14536,0.14286,0.33333,0.257142,0.08650079635471573,0.28571,10.7426,13.1627,12.01036,1.1612801806627024,12.6415,21.8611,25.5263,23.83688,1.8478762031045262,24.3901,0.10215242,0.1677824,0.13049813,0.027574979,0.1348795,0.10223463,0.17284676,0.13843425,0.030734463,0.14874424,0.10223463,0.17284676,0.13843425,0.030734463,0.14874424,0.10215242,0.1677824,0.13049813,0.027574979,0.1348795,0.3329857,0.39984548,0.36488265,0.026942939,0.37324393,0.7498229,0.7703221,0.76065165,0.007442411,0.76080674,0.19451734,0.24868706,0.22498505,0.021589002,0.23263271,87.74007,90.83001,89.05474,1.1167024,88.916046,94.432724,95.32497,94.71897,0.36760363,94.63214,10.820112,12.050896,11.516594,0.5375116,11.46752,4.09375,5.3945312,4.5117188,0.5227958,4.3984375,28,41,35.0,4.949747468305832,35.0,IL-7Ra,87,PXDesign,SolubleMPNN,9,binder,0.5723295176029205,binder
f30e068f-92c4-5c1e-85f6-a98cab7f489a,0.01125,0.01368,0.012476,0.001005365605140737,0.01222,0.0,0.0,0.0,0.0,0.0,18.7796,21.916,19.789830000000002,1.0035242819959842,19.8084,44.8359,49.661,47.09513,1.9089689422128706,47.55615,0.0,0.120084755,0.016801916,0.03929237,0.0,0.0,0.16105473,0.024219519,0.052820288,0.0,0.0,0.16105473,0.022001969,0.051117662,0.0,0.0,0.120084755,0.019019466,0.041790944,0.0,0.29585382,0.84594727,0.59093505,0.2657439,0.64732325,0.638082,0.8900914,0.76686275,0.12111113,0.7758001,0.0,0.12280013,0.029113736,0.04620901,0.0,68.45327,73.90281,71.07216,1.7729527,71.213776,85.218414,85.77725,85.467705,0.17107064,85.4209,15.863525,24.648224,21.654966,3.0685422,22.298103,6.5546875,14.2890625,11.628125,2.8094292,12.8515625,36,55,47.1,5.685263601823773,47.0,Cas9,88,BoltzGen,SolubleMPNN,16,binder,0.2842376434803009,non_binder
f34386b3-c6f6-506e-ab86-6cc4eb341884,0.89977,0.92959,0.9148099999999999,0.010946165995452495,0.91428,0.86842,0.92105,0.894736,0.02631500009500285,0.89474,0.5506,0.7717,0.6070599999999999,0.09251790637492834,0.5699,0.705,0.9538,0.79398,0.09838451097606778,0.7725,0.9518973,0.959787,0.9560175,0.0031371354,0.95705074,0.9585618,0.9664737,0.963253,0.0035461555,0.9641443,0.9585618,0.9664737,0.963253,0.0035461555,0.9641443,0.9518973,0.959787,0.9560175,0.0031371354,0.95705074,0.9829199,0.98583466,0.98444206,0.0011577818,0.9848263,0.9844524,0.98708546,0.98591316,0.0011817398,0.98625785,0.8161287,0.8304626,0.8241078,0.006162511,0.8260964,95.332146,95.42624,95.36967,0.041450027,95.35833,96.49934,96.61689,96.551506,0.046064135,96.55636,2.1375673,2.36117,2.236961,0.10277487,2.2057593,0.29541016,0.3071289,0.3015625,0.0047822907,0.30249023,67,71,69.0,1.8708286933869707,68.0,BHRF1,88,BoltzGen,SolubleMPNN,16,non_binder,0.9770630216598509,binder
f3541ca8-d81b-5c11-9d3e-df897cb552dc,0.50327,0.62526,0.557088,0.05117664672484901,0.57398,0.46429,0.67857,0.571428,0.07985781376922362,0.57143,0.9874,1.2011,1.08134,0.10162530688760554,1.0506,7.3688,11.0087,9.67764,1.467557049316993,9.8582,0.0,0.10636064,0.017595494,0.03610922,0.0,0.0,0.29388663,0.051832896,0.10332128,0.0,0.0,0.29388663,0.050836645,0.1038167,0.0,0.0,0.10636064,0.018591749,0.03570499,0.0,0.58549094,0.70948714,0.6524278,0.048070125,0.6612018,0.6273441,0.7463913,0.6905856,0.041697618,0.6934836,0.0,0.16355824,0.04376059,0.059532832,0.014244443,71.68891,81.61069,76.73904,3.822657,76.893684,72.72222,83.12074,78.2336,3.9613369,78.66633,16.43111,27.938429,21.529964,4.2068157,20.13305,6.1445312,20.296875,12.895703,5.2215343,11.410156,32,53,36.6,6.221825384170718,35.5,Latent GDF-8,70,RFdiffusion3,SolubleMPNN,18,non_binder,0.7683612823486328,binder
f3780402-b5b6-5b77-bd40-f83950df804c,0.01457,0.37588,0.19393,0.18864526262567824,0.19248500000000002,0.0,1.0,0.5,0.5270462766947299,0.5,5.3632,18.2889,11.73539,6.533649923358308,11.57175,35.1359,43.8309,39.92113,3.2530913205920164,40.6768,0.010071646,0.8581701,0.43538827,0.4228152,0.46580535,0.011095439,0.90986574,0.48616585,0.42872855,0.57637,0.011095439,0.8581701,0.46133566,0.40304905,0.55587214,0.010071646,0.90986574,0.4602185,0.44895887,0.48630318,0.74589187,0.9695281,0.86501616,0.101468824,0.8746708,0.7410522,0.8275724,0.789908,0.034111105,0.80044883,0.06356492,0.79461354,0.44265914,0.35134715,0.47353405,73.048294,93.56247,85.03285,9.15631,88.71082,77.192116,84.241844,80.56547,3.0852983,80.536224,7.2385616,17.816177,11.86052,4.367178,10.790495,0.4074707,8.828125,3.82771,3.7074215,2.548584,22,30,25.4,2.412928142780514,25.5,RBX1,66,Genie3,Caliby (SolubleCaliby),23,non_binder,0.6453644251823425,binder
f3905bb0-1144-5f71-91e6-1c41a9276e2a,0.88843,0.92455,0.908542,0.014929640652071944,0.90844,0.84848,0.90909,0.8787860000000001,0.030305000082494593,0.87879,0.5844,0.6978,0.6255200000000001,0.043254560453205346,0.6121,0.5149,0.6265,0.5909599999999999,0.04673176649774751,0.6181,0.9444032,0.95595044,0.94871265,0.004388533,0.9479682,0.95327723,0.9641026,0.95832336,0.003981563,0.95855004,0.95327723,0.9641026,0.95832336,0.003981563,0.95855004,0.9444032,0.95595044,0.94871265,0.004388533,0.9479682,0.98049414,0.984734,0.98210037,0.0016039925,0.98184246,0.9820675,0.9861297,0.9838111,0.0014992141,0.98370826,0.81453454,0.83063924,0.82147723,0.005947474,0.82068634,96.15856,96.32378,96.21718,0.06494761,96.2104,93.92718,94.43828,94.199,0.18346241,94.18721,2.1654146,2.4354422,2.3125768,0.10065741,2.341842,0.30786133,0.33789062,0.32504883,0.01115939,0.3256836,65,76,70.2,4.43846820423443,70.0,BHRF1,86,BoltzGen,SolubleMPNN,16,binder,0.9828430604934691,binder
f3eae482-ccc0-538f-a2ad-6be43d3515f3,0.75105,0.89063,0.829423,0.05863475079772328,0.8421449999999999,0.86667,0.93333,0.8754860000000001,0.020436315823661642,0.87097,0.6683,1.6784,1.09931,0.4242645282001417,1.0027,1.4733,2.2976,1.9150800000000001,0.2574728024471711,1.9135,0.7770781,0.86036485,0.8109177,0.029726572,0.80236393,0.80537474,0.86562645,0.8403451,0.018452153,0.84017634,0.8323815,0.9017422,0.86532915,0.025925608,0.85986036,0.7770781,0.86036485,0.8109177,0.029726572,0.80236393,0.89593136,0.93745846,0.9234063,0.013217045,0.92729056,0.9164758,0.94212604,0.9295322,0.008375999,0.9300345,0.6672861,0.7442499,0.70057917,0.027518917,0.6927773,91.40931,94.06566,92.96825,0.8373151,93.20564,95.000305,96.60671,96.07466,0.58406514,96.37982,3.2185872,4.2450957,3.7673898,0.3651874,3.8423185,0.5776367,0.87939453,0.73393553,0.116650164,0.7590332,44,51,47.8,2.4404006956964173,48.5,VEGF-A,87,Genie3,SolubleMPNN,29,non_binder,0.9780236744880676,binder
f438ba4b-a377-5423-b9e9-0bb71992eb30,0.09324,0.76755,0.544469,0.2037628681935068,0.53051,0.07692,0.84615,0.56923,0.22412063532342974,0.5769200000000001,1.306,10.1172,3.14988,2.5702811393135794,2.5975,1.6281,18.0642,5.13734,4.766869305296483,4.22415,0.0,0.65276176,0.46509305,0.20007594,0.52945256,0.0,0.8243807,0.6590308,0.24547903,0.7442863,0.0,0.8243807,0.6590308,0.24547903,0.7442863,0.0,0.65276176,0.46509305,0.20007594,0.52945256,0.14508086,0.8890657,0.7605571,0.22639495,0.8424133,0.7984393,0.94529545,0.87774104,0.05943998,0.87885463,0.0,0.5850764,0.4439021,0.17566264,0.50499725,84.57583,89.21905,87.886696,1.4108329,88.26262,82.86625,92.38622,88.18056,4.1148634,88.55856,5.9164476,22.071562,9.628798,4.8075576,8.704103,1.4023438,13.7109375,3.5010743,3.6827226,2.274414,32,89,65.8,17.158088471621774,68.0,Nipah-G,104,Proteina-Complexa,SolubleMPNN,47,non_binder,0.9133691573143005,binder
f43e4081-9e26-5601-8ed4-73f61eb03097,0.04814,0.07957,0.058516,0.013716695301711707,0.05066,0.0,0.0625,0.025,0.03423265984407288,0.0,10.0458,13.2131,12.02858,1.3271492651544514,12.38,19.8925,23.1177,21.60376,1.1898441948423337,21.8253,0.13252741,0.73091525,0.47874624,0.2648083,0.5546971,0.13598786,0.802256,0.52962846,0.29619703,0.6697492,0.13252741,0.802256,0.5289364,0.29734856,0.6697492,0.13598786,0.73091525,0.47943836,0.26367936,0.5546971,0.2996407,0.8790847,0.6562382,0.25668487,0.7834146,0.68011504,0.92814106,0.8318901,0.11005485,0.8774456,0.20656955,0.73490256,0.5482192,0.22912669,0.66258764,89.32715,92.54904,90.95434,1.1716027,90.944176,91.68522,93.2581,92.51537,0.6370636,92.5864,3.416938,10.054043,5.717085,2.8642845,4.27248,1.1142578,5.671875,2.7326171,2.0037215,1.6513672,7,42,25.4,16.831518053936787,31.0,PD-L1,90,RFdiffusion,SolubleMPNN,23,non_binder,0.6555794370174407,binder
f48a6530-78fb-57e4-bfc5-b5b2c6a22c4a,0.03289,0.64277,0.289755,0.2928204144845248,0.11047,0.0,0.85106,0.387539,0.39778027473161054,0.21429,2.339,14.7232,8.57294,5.5519182092918715,10.552800000000001,4.1554,27.9875,17.94394,11.353013913807697,25.9013,0.0,0.40283403,0.105148576,0.14870071,0.038522303,0.0,0.44431353,0.13386634,0.16416721,0.07934128,0.0,0.653102,0.18622597,0.25366452,0.06343606,0.0,0.40283403,0.105148576,0.14870071,0.038522303,0.7856899,0.9203388,0.8223189,0.046893686,0.80540526,0.8285543,0.93519384,0.8620509,0.035506137,0.8494483,0.0,0.47937536,0.14556536,0.18029042,0.08479103,68.56528,76.49903,73.41094,1.9577544,73.43016,86.5548,88.30329,87.50118,0.56899565,87.55539,6.8301234,25.079187,15.947972,6.731297,14.864299,2.1464844,17.71875,9.614453,6.2246103,8.589844,15,61,32.1,12.653062870309308,33.0,TNFa,75,RFdiffusion3,SolubleMPNN,11,non_binder,0.686048183441162,binder
f4e625c6-5eae-5b4f-9c36-7e194765d298,0.75698,0.81062,0.786582,0.02177185844157546,0.78779,0.52174,0.65217,0.582608,0.06593540983417032,0.56522,0.6731,0.8103,0.7439600000000001,0.05464492657145768,0.7509,1.2094,1.542,1.36286,0.15425251375585425,1.3588,0.8617191,0.8921811,0.87387943,0.012730379,0.86839855,0.91385573,0.92968965,0.9226659,0.0066742864,0.92580026,0.91385573,0.92968965,0.9226659,0.0066742864,0.92580026,0.8617191,0.8921811,0.87387943,0.012730379,0.86839855,0.94554985,0.9560205,0.9514187,0.004425831,0.9535513,0.95840555,0.9671459,0.9620085,0.003687296,0.961652,0.72036,0.74865127,0.73246735,0.011874178,0.7304464,92.12599,93.39729,92.758766,0.56149256,92.86948,91.53435,92.68234,92.292725,0.46809927,92.3534,3.387803,3.8662038,3.6892254,0.20227501,3.7393808,0.47070312,0.53027344,0.495166,0.022021702,0.4897461,28,35,32.2,2.949576240750526,32.0,BHRF1,110,FreeBindCraft (BindCraft),SolubleMPNN,28,non_binder,0.968772644996643,binder
f52388bb-984d-5fba-ac8f-5c247821a60c,0.70217,0.87739,0.794267,0.07550047756287523,0.81089,0.71053,0.83333,0.784795,0.045571661577003035,0.77047,0.6356,1.6266,1.11009,0.44090737865855173,1.0264,1.6191,2.4903,2.1312100000000003,0.2880146464254128,2.105,0.8555929,0.9136672,0.8857452,0.022194544,0.8887609,0.8810812,0.915095,0.8989407,0.012436716,0.9014026,0.8810812,0.9220712,0.90196216,0.015149894,0.9036711,0.8555929,0.9136672,0.8857452,0.022194544,0.8887609,0.94123185,0.96292585,0.95277137,0.00661839,0.9533831,0.94425577,0.9588617,0.95188445,0.0052672587,0.953328,0.74923396,0.79066545,0.7698374,0.015090211,0.7714548,96.97478,97.417564,97.23962,0.14769389,97.222755,96.716125,97.11902,96.91136,0.13870676,96.89501,2.776094,3.444121,3.1066918,0.24863978,3.0773711,0.45654297,0.59277344,0.5227051,0.05242048,0.51708984,22,28,25.1,2.024845673131659,25.5,VEGF-A,58,BoltzGen,SolubleMPNN,22,binder,0.9698744225502014,binder
f563e87f-fa1a-4a83-867e-cc84793793f5,0.49125,0.67489,0.577064,0.06996338918796513,0.57341,0.31532,0.44444,0.403202,0.045397239465755114,0.415415,1.1917,2.2848,1.7898299999999998,0.44351710990420395,1.85555,1.5666,3.7573,2.80641,0.810749633158515,2.98425,0.43784282,0.88947105,0.70800126,0.18691176,0.77104604,0.7013834,0.89339256,0.8264402,0.07037832,0.85697186,0.7013834,0.93776274,0.8524396,0.09362073,0.88868415,0.43784282,0.88947105,0.70800126,0.18691176,0.77104604,0.93282056,0.9790903,0.96169883,0.016955808,0.9660243,0.9439044,0.98138696,0.96703607,0.0132314805,0.97090423,0.51912946,0.7477711,0.6597276,0.089223854,0.68855566,86.38091,91.46953,89.32625,2.0901165,89.4202,86.93626,88.82212,87.72302,0.73508275,87.43718,3.4484124,6.549164,4.6877356,1.1941302,4.4020424,0.62841797,2.5488281,1.3337891,0.77143466,1.0830078,40,57,46.7,5.121848624601603,46.5,TNFa,80,PXDesign,SolubleMPNN,13,non_binder,0.9289927625656128,binder
f5771ec8-eadf-5ef1-8941-5f49217f1716,0.00998,0.01515,0.01239,0.0018752362814085882,0.01214,0.0,0.0,0.0,0.0,0.0,15.8158,19.99,18.77979,1.56926871181735,19.401600000000002,42.1063,53.8621,48.154469999999996,3.7915458887870233,47.94565,0.0,0.010817663,0.0010817663,0.0034208454,0.0,0.0,0.011012581,0.0011012581,0.003482484,0.0,0.0,0.010817663,0.0010817663,0.0034208454,0.0,0.0,0.011012581,0.0011012581,0.003482484,0.0,0.2513576,0.84371597,0.5562779,0.27851903,0.57544947,0.6308055,0.88399017,0.7545554,0.112474486,0.7539166,0.0,0.054908246,0.0054908246,0.017363511,0.0,69.15483,77.24665,72.977234,2.7890785,72.267006,85.535385,86.34238,85.913376,0.2654772,85.91298,17.854116,28.107567,24.081692,2.6695056,24.227575,8.8125,21.65625,15.5,3.2439263,16.0,46,63,54.3,5.7744648621707295,54.5,Cas9,88,BoltzGen,SolubleMPNN,33,non_binder,0.46590885758399964,non_binder
f58092fe-f4e7-5adb-be35-f98756ad556e,0.07122,0.64649,0.371811,0.2229351550688127,0.47468,0.0,0.5,0.22678500000000001,0.17004502039492692,0.25,1.4814,11.8866,4.3920200000000005,3.5914108827095297,2.14765,2.2739,17.1086,7.61151,5.932842905283922,3.87395,0.0,0.5711662,0.20976885,0.18649882,0.20651673,0.0,0.6196617,0.27963763,0.18046671,0.30963317,0.0,0.71998644,0.34408063,0.23277998,0.38504642,0.0,0.5711662,0.20976885,0.18649882,0.20651673,0.5671018,0.89197916,0.72445154,0.09993601,0.7277873,0.7031366,0.91747314,0.804148,0.06466078,0.8048718,0.044309128,0.64201385,0.3316285,0.20673288,0.362419,80.5985,87.42969,84.54027,2.2377515,84.7784,90.61542,94.13497,92.60208,1.0260937,92.847824,4.523027,19.334717,9.501825,4.3789153,8.23732,1.2880859,10.2578125,4.3523436,2.8369355,3.5009766,5,31,18.5,8.072587358874891,18.5,VEGF-A,64,BoltzGen,SolubleMPNN,18,binder,0.7333787643909454,binder
f5ac4b91-ed47-5031-a0f3-f33013fcc64a,0.1423,0.17832,0.160522,0.013279552703310452,0.16019,0.05882,0.23529,0.15294,0.06706862679375505,0.17647,5.6809,6.8977,6.21602,0.4841271186372439,6.0744,12.7454,14.5835,13.90828,0.783191242290158,14.1681,0.23983282,0.41770768,0.32484737,0.08023212,0.35607916,0.3238649,0.51831454,0.42118865,0.08159336,0.44897738,0.3238649,0.51831454,0.42118865,0.08159336,0.44897738,0.23983282,0.41770768,0.32484737,0.08023212,0.35607916,0.45561078,0.655465,0.5586646,0.08385878,0.58972555,0.7334952,0.8229317,0.7779858,0.04008049,0.7934426,0.39368814,0.57501423,0.48209706,0.08276514,0.5154316,88.31259,90.82676,89.03012,1.0355835,88.73039,89.105545,91.430115,89.82154,0.94872266,89.48879,5.285804,7.5309534,6.435434,1.0237885,6.0060763,1.9003906,2.9863281,2.4242187,0.48768204,2.2421875,25,33,28.8,3.3466401061363023,29.0,PD-L1,90,RFdiffusion,SolubleMPNN,22,non_binder,0.6334847140312195,binder
f5cf335d-9e30-5490-8586-37eb736194af,0.01557,0.32979,0.17281300000000002,0.15527636752649202,0.16748,0.0,0.0,0.0,0.0,0.0,8.9531,24.9374,14.181999999999999,5.711761903495472,12.617650000000001,1.6288,40.0457,17.80744,17.48394310777749,13.123850000000001,0.0,0.21950695,0.0925083,0.09756161,0.059441537,0.0,0.5790259,0.17148301,0.18969798,0.13494626,0.0,0.5790259,0.2504019,0.25922295,0.18442334,0.0,0.21950695,0.09353783,0.096525766,0.059441537,0.7006828,0.92176497,0.8410593,0.069497064,0.86170757,0.7656043,0.9384013,0.87625945,0.054530527,0.89368105,0.0,0.39172933,0.177943,0.15567651,0.13502938,73.94047,83.83871,80.535934,3.101556,81.07597,86.415405,88.763565,87.63039,0.8518729,87.49795,8.315967,18.913145,12.741273,4.138144,12.354729,3.6445312,12.1484375,7.1695313,3.2269957,7.064453,10,49,31.4,14.622661256495762,37.5,TNFa,62,RFdiffusion,SolubleMPNN,28,non_binder,0.5320799982547759,binder
f5d00f1c-dc6a-5793-a46a-85966877a143,0.01147,0.92323,0.727958,0.4008154910554231,0.90745,0.0,0.91667,0.711112,0.3980087318388882,0.88889,0.5779,21.929,4.89734,9.521414517969479,0.5931,0.8304,48.55,10.4797,21.28266773174829,0.9274,0.0,0.8621187,0.6817506,0.38116318,0.85051906,0.013477319,0.94931823,0.76028883,0.41748288,0.9460353,0.013477319,0.94931823,0.76028883,0.41748288,0.9460353,0.0,0.8621187,0.6817506,0.38116318,0.85051906,0.15489061,0.97930026,0.8128034,0.3677875,0.9772077,0.85521495,0.9751378,0.95052636,0.053285476,0.9740074,0.13375421,0.784588,0.65010345,0.28867036,0.77771,66.85261,90.23657,85.00309,10.157764,89.4993,93.731514,96.113365,95.603195,1.0467323,96.062035,2.781471,20.379986,6.386038,7.8234315,2.9113724,0.5126953,7.3320312,1.9013672,3.0358882,0.55322266,18,62,50.6,18.392933425639313,59.0,MBP,61,RFdiffusion3,SolubleMPNN,16,non_binder,0.9579591965675353,binder
f5f31a3e-964b-59e4-ba51-a574d5ab825b,0.83516,0.88862,0.8653000000000001,0.0243709940297887,0.87606,0.84211,0.94737,0.89474,0.05262999999999999,0.89474,0.7662,0.876,0.81254,0.044967910780911266,0.7921,2.1404,2.5458,2.3624199999999997,0.1836751262419601,2.3804,0.79418194,0.8268152,0.813221,0.013294395,0.81410366,0.87392986,0.8896704,0.88354033,0.0060367994,0.88557875,0.87392986,0.8896704,0.88354033,0.0060367994,0.88557875,0.79418194,0.8268152,0.813221,0.013294395,0.81410366,0.9325415,0.944629,0.9395746,0.004917685,0.9397901,0.9494137,0.954069,0.95211047,0.0019069541,0.9518739,0.70320874,0.71685714,0.7118354,0.0056127724,0.7114174,96.7648,96.84647,96.81477,0.03463143,96.82601,96.85603,96.90824,96.880486,0.023528593,96.88463,3.7420964,3.922527,3.823278,0.07326371,3.8319414,0.62158203,0.6748047,0.6419922,0.022525596,0.6303711,23,26,24.2,1.3038404810405297,24.0,IL-7Ra,80,RFdiffusion,SolubleMPNN,7,non_binder,0.9768227124214172,binder
f6661ac5-a837-551e-b3dd-d173de1a6ab9,0.46458,0.57384,0.507768,0.04528869031005431,0.49024,0.6,0.66667,0.6133339999999999,0.02981573041198222,0.6,1.2872,1.408,1.3476199999999998,0.05428339525121837,1.3249,8.618,16.1067,11.97384,3.2385530631749733,11.9216,0.0,0.5650787,0.2715662,0.28637472,0.2678539,0.0,0.65246016,0.32013246,0.3375503,0.31281397,0.0,0.65246016,0.32013246,0.3375503,0.31281397,0.0,0.5650787,0.2715662,0.28637472,0.2678539,0.55508024,0.7806825,0.6987992,0.07638615,0.7160313,0.59871274,0.77949166,0.72280836,0.057565607,0.74327886,0.0,0.3786562,0.18601806,0.19312686,0.18434106,77.94517,95.542625,87.12938,8.642857,87.376114,72.54759,82.490654,77.773926,3.8039317,77.644135,12.1704445,24.440493,17.497272,5.6025867,15.917316,1.6923828,15.296875,7.9126954,6.5954533,6.623535,23,59,44.0,12.701705922171769,48.5,Latent GDF-8,83,RFdiffusion,SolubleMPNN,32,binder,0.7085884189605712,binder
f68fe220-33fc-50eb-b73c-f26012922556,0.41796,0.63075,0.518251,0.0686347331005066,0.51392,0.17021,0.29787,0.242286,0.04687129759007936,0.231825,1.1323,2.4437,1.8048899999999999,0.41276773250824733,1.8198500000000002,1.7941,4.6207,2.9445,0.8741316364128334,2.89485,0.0,0.86021155,0.48764592,0.3414664,0.47519004,0.014612193,0.8712296,0.5597679,0.30474746,0.5991013,0.014612193,0.87407637,0.5692654,0.31084192,0.6202706,0.0,0.86021155,0.48764592,0.3414664,0.47519004,0.5535359,0.93694,0.80037594,0.14402182,0.83620846,0.68256074,0.94592875,0.84752095,0.098862775,0.8679619,0.12317604,0.73189586,0.49624234,0.23548861,0.54260164,91.16731,95.38819,94.31504,1.4299188,94.93807,93.28015,95.3657,94.63173,0.65741855,94.83062,3.3806133,14.748597,6.88651,3.951689,5.7528377,0.7128906,5.984375,2.5513673,1.9820812,2.086914,5,15,9.4,3.0983866769659336,10.5,VEGF-A,90,RFdiffusion,SolubleMPNN,11,non_binder,0.8464055335521697,binder
f6a500e3-ddf1-5bcb-9868-890237a9afcc,0.00603,0.00672,0.006457,0.00019966917082458625,0.0064849999999999994,0.0,0.0,0.0,0.0,0.0,28.7155,31.2981,29.78331,0.9974553473158027,29.586,63.793,67.1019,64.97467,0.9294658107991072,64.78085,0.0,0.08131251,0.020839265,0.030001925,0.0051720827,0.0,0.20212153,0.035860088,0.06470164,0.0052800346,0.0,0.20212153,0.035559483,0.06465814,0.0051720827,0.0,0.08131251,0.021139871,0.030258477,0.0052800346,0.31467718,0.8557957,0.5975566,0.26558498,0.62131715,0.64157313,0.8985183,0.7690152,0.12723206,0.7708174,0.0,0.11939447,0.044669464,0.04966347,0.026753101,75.76966,79.943665,77.547,1.4873194,77.453545,85.72116,86.71313,86.175125,0.36009538,86.20166,15.874509,24.42261,20.365852,3.4655282,20.38692,6.8710938,14.8984375,10.771093,3.0834363,10.65625,34,58,43.5,8.631338250816032,41.5,Cas9,71,Proteina-Complexa,SolubleMPNN,56,non_binder,0.41698939681053154,non_binder
f6ab6c37-524a-5216-ab5e-5ee3fc35ca3c,0.3736,0.41994,0.400216,0.018606081801389562,0.39614,0.05556,0.11111,0.07778,0.030425988069411977,0.05556,3.0095,3.1877,3.05692,0.07495640066065073,3.0239,1.9496,3.0798,2.3340400000000003,0.43784157294619713,2.2341,0.73514694,0.80150837,0.7656418,0.025097165,0.75942796,0.92119443,0.93673164,0.92858696,0.007528213,0.9271702,0.92119443,0.93673164,0.92858696,0.007528213,0.9271702,0.73514694,0.80150837,0.7656418,0.025097165,0.75942796,0.945903,0.95706743,0.95126665,0.005389683,0.9502602,0.94293314,0.9592489,0.9507424,0.0064314846,0.94902074,0.68702084,0.723788,0.70311564,0.0143011,0.70004034,94.968834,95.500435,95.243004,0.20243229,95.20158,93.71672,93.939064,93.817726,0.096680745,93.79489,3.597951,4.204387,3.9394546,0.23867123,4.0021634,0.38085938,0.41967773,0.40253907,0.017432906,0.4050293,41,43,42.2,0.8366600265340757,42.0,BHRF1,85,RFdiffusion,SolubleMPNN,23,non_binder,0.8832854080200195,binder
f78428c1-38b2-53b3-80aa-5cca9985f43c,0.03408,0.07624,0.064476,0.018161694028917017,0.07541,0.0,0.0,0.0,0.0,0.0,5.8836,9.9597,6.949859999999999,1.709161818845717,6.3383,18.4129,28.812,21.38032,4.331251389841047,19.0547,0.0,0.26102963,0.11830406,0.1142779,0.11953572,0.0,0.35522142,0.17782441,0.16254373,0.23493682,0.0,0.35522142,0.17782441,0.16254373,0.23493682,0.0,0.26102963,0.11830406,0.1142779,0.11953572,0.10465336,0.49118277,0.3062612,0.16575284,0.35454503,0.54146075,0.705861,0.63662344,0.07685445,0.6663433,0.015479244,0.4378116,0.23563305,0.17825265,0.26762345,79.79013,84.673416,81.811874,1.9238583,81.53465,79.230804,92.41028,88.51131,5.286036,90.24143,7.171572,17.112558,11.055487,4.2266974,9.359428,2.890625,11.234375,6.1375,3.5112498,4.609375,19,38,25.2,7.5960516059331775,24.0,TrkA,75,PXDesign,SolubleMPNN,24,non_binder,0.4830010712146759,non_binder
f7a67df3-42c7-54f7-9fd0-cd31c94ed39c,0.01536,0.01776,0.01636,0.0009760122950045248,0.01654,0.0,0.0,0.0,0.0,0.0,12.7735,13.0811,12.949879999999999,0.12461324969681292,12.9893,41.8218,46.2467,44.17506,1.820146489434297,43.6403,0.0,0.17901808,0.035803616,0.08005932,0.0,0.0,0.26031077,0.054361135,0.11523689,0.0,0.0,0.26031077,0.054361135,0.11523689,0.0,0.0,0.17901808,0.035803616,0.08005932,0.0,0.08366301,0.38671857,0.16383399,0.12894365,0.100559935,0.49550545,0.646844,0.5538324,0.05746665,0.55151445,0.0,0.32963789,0.082937725,0.14164971,0.008072916,83.66422,85.549835,84.97678,0.7690333,85.35931,77.955864,83.333725,80.53701,2.0335212,79.94524,8.646804,20.348894,16.155296,4.8185306,18.097567,4.2773438,13.21875,10.161718,3.7338965,11.8125,21,34,29.0,5.70087712549569,32.0,BBF-14,84,PXDesign,SolubleMPNN,26,non_binder,0.29290066301822665,non_binder
f7b7fdf3-bca5-5cc7-863a-711b0f1e4071,0.68017,0.74341,0.7175800000000001,0.026781010063102524,0.71973,0.8,0.9,0.85,0.049999999999999996,0.85,1.2256,1.6007,1.41082,0.16577150539221153,1.3316,3.909,5.2619,4.646559999999999,0.5701028179197153,4.6328,0.85276306,0.876585,0.8667892,0.009713677,0.8694725,0.8609367,0.8852612,0.8746532,0.009150392,0.8776862,0.85276306,0.8852612,0.87268955,0.0122230835,0.876585,0.8609367,0.8782298,0.86875296,0.007592584,0.8694725,0.9613231,0.96667147,0.9637433,0.002358494,0.9639847,0.94189197,0.95783603,0.9508151,0.005761472,0.95206934,0.63072395,0.67937726,0.65636355,0.017881451,0.6609925,93.77234,94.480736,94.303276,0.29942364,94.424164,94.91515,95.368416,95.15997,0.16745839,95.20435,4.0047665,4.6431313,4.2928047,0.2401333,4.209813,0.66748047,0.7949219,0.73603517,0.05218742,0.7504883,33,40,36.4,3.2863353450309956,37.0,MBP,110,PXDesign,SolubleMPNN,13,non_binder,0.9692884278297423,binder
f820b637-3796-5fdd-9ffd-53818d41c906,0.00759,0.02317,0.015314,0.005159057192076001,0.015099999999999999,0.0,0.0,0.0,0.0,0.0,19.0051,26.1734,22.0031,2.380368481279037,21.700499999999998,32.6913,60.2876,43.21938,9.46619075890614,41.37665,0.0,0.0,0.0,0.0,0.0,0.0,0.0,0.0,0.0,0.0,0.0,0.0,0.0,0.0,0.0,0.0,0.0,0.0,0.0,0.0,0.24022919,0.84640205,0.5872566,0.2605931,0.6246294,0.64166945,0.8846018,0.7651772,0.11067316,0.765774,0.0,0.011532738,0.0011532737,0.003646972,0.0,77.89754,81.04016,79.582085,0.883048,79.6501,85.43234,86.55676,85.86375,0.36030638,85.821785,19.886381,26.878252,23.686632,2.4546711,22.972507,11.671875,21.703125,16.864063,3.5042973,15.949219,20,76,49.1,17.25269705163675,49.0,Cas9,61,Proteina-Complexa,SolubleMPNN,22,non_binder,0.5100122618675232,binder
f845e490-cd93-5303-9388-a0a76e1072b9,0.46115,0.72484,0.5765629999999999,0.09649492871533603,0.534225,0.15789,0.78947,0.45263099999999995,0.18927921470967465,0.394735,1.3837,2.4863,2.1099699999999997,0.3960242867131594,2.2754000000000003,1.3542,2.8901,2.30681,0.5648666321452445,2.5486500000000003,0.53983194,0.8665201,0.69574606,0.13800113,0.6871122,0.704545,0.9391623,0.8376009,0.09461902,0.84352124,0.53983194,0.8665201,0.69574606,0.13800113,0.6871122,0.704545,0.9391623,0.8376009,0.09461902,0.84352124,0.82373106,0.974813,0.90445626,0.067869194,0.90722,0.8065638,0.90425044,0.8433102,0.02988169,0.8355448,0.31125885,0.79363686,0.5508702,0.22381629,0.5479292,72.16905,95.554436,83.7934,11.268134,83.66729,77.36048,87.91747,80.85411,3.4748483,78.96921,4.4375596,10.515404,8.004464,2.2475994,8.490822,0.34155273,1.0947266,0.66972655,0.29887277,0.64416504,44,64,54.4,5.0815570667092,54.0,RBX1,83,Genie3,SolubleMPNN,28,binder,0.9279995155334472,binder
f96884f0-1009-58a2-acc0-eadd9b1a3578,0.01773,0.08395,0.048066,0.029323480864317592,0.0321,0.0,0.0,0.0,0.0,0.0,6.7385,13.4015,8.334999999999999,2.852794091763372,7.1825,16.4828,41.2108,29.53438,11.375504551095744,34.0728,0.0,0.20224647,0.10763874,0.09953176,0.15741737,0.0,0.41560465,0.24878779,0.22711217,0.41366047,0.0,0.41560465,0.24878779,0.22711217,0.41366047,0.0,0.20224647,0.10763874,0.09953176,0.15741737,0.18340893,0.6382531,0.45365867,0.21358635,0.57899624,0.50382745,0.7317327,0.57228124,0.09307193,0.52478814,0.0,0.3227396,0.16372296,0.15369684,0.20088144,75.504524,78.47592,76.99153,1.0754302,76.811104,79.00974,81.33909,79.89992,0.88207555,79.75274,12.313916,24.560202,19.164387,4.6566124,19.43758,4.8945312,14.6484375,8.526563,4.4829144,6.15625,22,77,43.6,22.744230037528197,36.0,EGFR,88,RFdiffusion3,SolubleMPNN,41,non_binder,0.3039647889137268,non_binder
f986565a-8428-5556-884c-259a83ee8d45,0.00486,0.59518,0.131919,0.23224133943665873,0.033960000000000004,0.0,0.38889,0.066667,0.14296552483028907,0.0,1.6606,32.4529,16.5296,9.923180945084539,15.0741,2.0039,75.7332,35.39214,25.019209889744943,26.697499999999998,0.0,0.7310558,0.3054646,0.32142928,0.24129403,0.0,0.8938939,0.4186768,0.40991905,0.40535945,0.0,0.8938939,0.41863996,0.40995985,0.40535945,0.0,0.7310558,0.3055015,0.3213917,0.24129403,0.22135113,0.9446964,0.59701693,0.3237479,0.6162931,0.7129889,0.96816015,0.84509355,0.11861749,0.8501078,0.034479167,0.677201,0.34537083,0.26709077,0.3554268,57.017857,89.986626,76.42809,12.663182,80.73332,82.29775,94.09577,89.1255,5.0499454,90.22957,4.227415,25.767166,13.624141,8.942502,12.794776,1.1152344,10.5625,5.0635743,3.7079523,4.419922,31,162,69.5,38.790749183564664,60.0,Nipah-G,77,Proteina-Complexa,SolubleMPNN,42,non_binder,0.7265471243858337,binder
fa0fe3db-96a1-5fc1-9775-95af10d5bdf1,0.76838,0.87682,0.811282,0.04835554073733434,0.78668,0.80769,0.88462,0.823076,0.034404141901811736,0.80769,0.8389,1.4137,1.1313,0.26714354755449365,1.25,0.843,1.9504,1.47358,0.4163252238334833,1.5492,0.52951974,0.7815775,0.68100214,0.09776159,0.71892387,0.6047523,0.8120261,0.73264086,0.080748454,0.7647639,0.6047523,0.8120261,0.73264086,0.080748454,0.7647639,0.52951974,0.7815775,0.68100214,0.09776159,0.71892387,0.7323805,0.88899076,0.8292879,0.060931053,0.85339284,0.82365704,0.9151012,0.8804697,0.036459584,0.89652157,0.57440925,0.6908062,0.64311063,0.045642328,0.66158783,93.01926,93.744125,93.44862,0.27172133,93.49094,91.30335,93.3306,92.395584,0.8783278,92.12226,4.1296635,5.812655,4.847165,0.65798175,4.6208897,0.8676758,1.6816406,1.2032226,0.30717438,1.1123047,38,45,42.2,3.420526275297414,44.0,BBF-14,89,Genie3,SolubleMPNN,18,non_binder,0.9701892662048339,binder
fa2897a7-ec30-5bee-ab81-ff09142dc840,0.90507,0.9236,0.91439,0.006935866924905621,0.91286,0.77778,0.85185,0.8148120000000001,0.026187699784440795,0.81481,0.3425,0.4122,0.38754,0.031154341591502134,0.4067,0.6623,0.9591,0.79442,0.13331705442290565,0.7974,0.8888105,0.90127814,0.8940819,0.005228747,0.8955808,0.9215109,0.9348452,0.9268303,0.005187648,0.92698014,0.9215109,0.9348452,0.9268303,0.005187648,0.92698014,0.8888105,0.90127814,0.8940819,0.005228747,0.8955808,0.9560459,0.96379554,0.9591382,0.0030176851,0.9592318,0.96260977,0.9681297,0.9646379,0.0022637167,0.96441895,0.766277,0.78408843,0.7729262,0.0067274477,0.77162784,93.12206,93.42525,93.27821,0.12467048,93.2699,95.46503,95.621086,95.55144,0.06906576,95.57547,2.9079533,3.1514342,3.0478854,0.08985941,3.0580432,0.46679688,0.51904297,0.49296874,0.021805461,0.48828125,31,35,32.6,1.5165750888103098,32.0,PD-L1,97,FreeBindCraft (BindCraft),SolubleMPNN,13,binder,0.9800304961204528,binder
fa66fa9d-c92e-5ac6-89de-1e28e88aa6a4,0.43715,0.69039,0.553388,0.0917543565783724,0.532275,0.35256,0.57407,0.45819100000000007,0.07010549121779898,0.44658,1.2204,3.2073,2.15355,0.833326068301665,2.1334,2.6091,4.8218,3.8798000000000004,0.8338511431238121,4.0679,0.024743605,0.89056206,0.58107597,0.30385616,0.68776464,0.060144503,0.8991921,0.65981627,0.26581225,0.76302344,0.060144503,0.933587,0.6924012,0.2893462,0.80870306,0.024743605,0.89056206,0.58107597,0.30385616,0.68776464,0.8105847,0.9749229,0.926006,0.053958338,0.94673467,0.8534866,0.97729003,0.93998593,0.04009443,0.95453364,0.08580584,0.70409286,0.4943533,0.2116049,0.56895983,75.76341,90.828224,83.903854,6.615637,84.705414,86.5686,88.59813,87.69115,0.7490038,88.03702,3.9631505,13.850867,7.0901313,3.2409601,5.964383,0.6381836,7.7421875,2.3794434,2.3500798,1.3618164,58,86,71.3,8.44656406146573,69.0,TNFa,102,RFdiffusion3,SolubleMPNN,22,non_binder,0.9324202942848205,binder
faa9c529-b4f3-5550-9cec-26e9bf8e2308,0.07962,0.88798,0.267558,0.34931707848314547,0.1083,0.08333,0.91667,0.28333400000000003,0.3564893640489152,0.16667,0.7496,11.8504,8.4162,4.906506973907201,11.4914,2.0085,21.0895,15.459039999999998,8.409488657344156,20.9396,0.012252538,0.23759817,0.089923814,0.09781581,0.03846181,0.013955031,0.27003905,0.09958843,0.108239785,0.043433484,0.013955031,0.27003905,0.09958843,0.108239785,0.043433484,0.012252538,0.23759817,0.089923814,0.09781581,0.03846181,0.19110724,0.473024,0.30678868,0.11276376,0.26760295,0.6947024,0.7827434,0.72825456,0.03629521,0.71259165,0.13805956,0.29742455,0.19345029,0.06377248,0.16228269,90.79405,92.941925,92.06967,1.0011098,92.67351,92.40758,93.75763,93.1047,0.57002175,93.22215,9.369826,16.214031,13.026774,2.7460167,13.704613,3.3886719,7.3203125,5.6027346,1.5226458,6.203125,25,57,37.4,12.361229712289955,37.0,IL-7Ra,98,BoltzGen,SolubleMPNN,27,non_binder,0.669120693206787,binder
fb0a2a03-47e8-5533-a923-ce3884c2b540,0.80383,0.89736,0.846258,0.041661191413592556,0.83117,0.75,0.8,0.79,0.022360679774997935,0.8,0.4382,0.9681,0.75754,0.23485732477399976,0.8891,1.2472,2.2865,1.8025600000000002,0.4357330639279052,1.8768,0.701882,0.8106312,0.74481666,0.047118988,0.72816175,0.70559645,0.8178683,0.75092345,0.0468277,0.72981155,0.701882,0.8106312,0.74481666,0.047118988,0.72816175,0.70559645,0.8178683,0.75092345,0.0468277,0.72981155,0.8474284,0.9129681,0.8744135,0.02730208,0.8623021,0.9202092,0.9506977,0.9329648,0.0127481995,0.92635953,0.7016014,0.74766237,0.7189773,0.019399572,0.7085453,93.170654,94.97474,93.98213,0.70986617,94.16387,94.174194,95.04088,94.50026,0.3382655,94.444435,3.2117662,3.7678025,3.5439804,0.232951,3.6594691,0.9238281,1.3095703,1.1435547,0.1608455,1.1523438,36,42,38.4,2.3021728866442674,38.0,PD-L1,92,FoldCraft,SolubleMPNN,22,non_binder,0.9736553502082823,binder
fb83c776-166f-5ea0-879c-c4774f5ae9d5,0.81242,0.86625,0.82807,0.021735987440187725,0.82094,0.57895,0.78947,0.6631579999999999,0.07981734692408662,0.63158,0.5394,0.7024,0.6418999999999999,0.06126279458202997,0.6584,0.9466,1.6021,1.29884,0.31332071907232695,1.393,0.28405884,0.6335034,0.45872632,0.14882118,0.4698065,0.45227614,0.71488196,0.5926881,0.110206984,0.6101144,0.45227614,0.71488196,0.5926881,0.110206984,0.6101144,0.28405884,0.6335034,0.45872632,0.14882118,0.4698065,0.75969326,0.930768,0.855624,0.07300085,0.87528485,0.6193874,0.7415651,0.64944774,0.052084856,0.6274714,0.3575447,0.5327281,0.4418601,0.08157855,0.42621547,89.0128,91.18075,89.898415,1.0481669,89.3439,85.74173,88.57809,87.126144,1.3233922,86.6963,10.505135,13.787856,12.840932,1.3330015,13.407018,1.4785156,3.6386719,2.3808594,0.88387376,2.1757812,21,47,35.4,12.541929676090518,40.0,EGFR,80,PXDesign,Caliby (SolubleCaliby),9,non_binder,0.951835458278656,binder
fbb17dee-91a9-5ba9-859e-03f025c6f1fa,0.6531,0.84072,0.746316,0.06673824638091719,0.74772,0.54545,0.81818,0.672726,0.0985443224138256,0.68182,0.8253,1.4443,1.10456,0.22232199171471984,1.0899,2.2158,2.9299,2.5828800000000003,0.3265842265021382,2.5144,0.6374873,0.66427976,0.6553284,0.01120339,0.6613621,0.7496136,0.78863,0.7662983,0.014546112,0.7634449,0.7496136,0.78863,0.7662983,0.014546112,0.7634449,0.6374873,0.66427976,0.6553284,0.01120339,0.6613621,0.8696157,0.88229007,0.8781778,0.0053762984,0.8812285,0.9309351,0.9353276,0.9325849,0.001696059,0.93246394,0.6367132,0.6445308,0.6407355,0.002957146,0.6414939,92.45251,92.944466,92.7688,0.19149193,92.78369,95.768,95.94568,95.85947,0.071789905,95.87904,4.5747037,4.6684303,4.6310844,0.038641345,4.6443357,1.0996094,1.3476562,1.2714844,0.10152728,1.2851562,29,36,31.8,2.7748873851023212,31.0,IL-7Ra,75,PXDesign,SolubleMPNN,9,non_binder,0.9633816337585448,binder
fbc412a9-7b29-4e75-aa02-48d9b484241a,0.67083,0.85048,0.78865,0.058603714140923725,0.804245,0.56,0.8,0.6886840000000001,0.07107950934614622,0.69737,0.6153,1.232,0.83897,0.18442238987956125,0.82765,1.5398,3.7709,2.52612,0.7213500056606826,2.4693500000000004,0.28920373,0.84641266,0.6286857,0.21021937,0.66240466,0.59100586,0.86632806,0.77510947,0.08334788,0.7936186,0.59100586,0.9196395,0.8129865,0.113498844,0.8420309,0.28920373,0.84641266,0.6286857,0.21021937,0.66240466,0.91736054,0.9740772,0.95366734,0.019743718,0.9567586,0.93497574,0.9766602,0.9610199,0.014438875,0.9631822,0.40987974,0.7269891,0.61243236,0.10855325,0.6288065,86.4541,90.05924,88.39678,1.3876318,88.67137,86.01668,87.00073,86.57115,0.30254477,86.54103,3.7752159,7.846964,5.3129435,1.4036614,5.1905174,0.6826172,3.7910156,1.679834,1.0664899,1.3896484,34,44,40.3,3.6832956257496723,42.0,TNFa,80,PXDesign,SolubleMPNN,31,non_binder,0.9617749381065368,binder
fc71dee2-890e-554e-b725-2cff5b364639,0.0161,0.02266,0.020664,0.0026698838926065673,0.02164,0.0,0.0,0.0,0.0,0.0,10.3659,14.5462,13.051240000000002,1.7180276898234212,13.4779,34.4253,45.294,38.30328,4.678535414742523,35.5153,0.0,0.0,0.0,0.0,0.0,0.0,0.0,0.0,0.0,0.0,0.0,0.0,0.0,0.0,0.0,0.0,0.0,0.0,0.0,0.0,0.20247464,0.31776762,0.24985786,0.04395757,0.23801476,0.5527134,0.60019517,0.5758795,0.018977879,0.57617193,0.0,0.011631944,0.0023263888,0.0052019637,0.0,71.7226,77.136024,74.83281,2.1274152,74.45215,86.83133,87.941154,87.37333,0.49189997,87.41351,19.93674,21.327318,20.76749,0.6147341,20.922668,11.453125,14.8671875,13.56875,1.3405144,13.8828125,31,50,42.2,9.364827814754523,48.0,EGFR,75,PXDesign,SolubleMPNN,13,non_binder,0.27900904834270474,non_binder
fc8d822a-7c3d-5e17-9c49-7bdb88785bcc,0.05803,0.1012,0.078528,0.015644598748449895,0.07806,0.11538,0.23077,0.173078,0.04300294141102443,0.17308,17.2843,20.5521,18.93356,1.1788842852460115,19.0593,32.1417,37.306,34.9598,2.0026559664605412,35.3657,0.6982753,0.755251,0.7360899,0.022612903,0.7413354,0.723308,0.7735884,0.75002134,0.020336783,0.7438861,0.723308,0.755251,0.7426197,0.012273129,0.7423208,0.6982753,0.7735884,0.74349153,0.029918665,0.7438861,0.9461627,0.96320736,0.9565422,0.00678176,0.95677876,0.60440916,0.634438,0.6203876,0.010770099,0.6203057,0.53585994,0.571952,0.55955315,0.014500731,0.562664,87.47082,88.69795,87.95943,0.5192031,87.6875,88.79073,89.37127,89.02218,0.22955294,89.05281,12.91725,14.093974,13.528341,0.42848355,13.607026,0.99658203,1.2646484,1.105957,0.1051552,1.0966797,32,37,35.2,1.9235384061671352,36.0,EGFR,82,PXDesign,SolubleMPNN,17,non_binder,0.610997575521469,binder
fcaa00ea-d94e-5927-bed0-9426adaed032,0.00818,0.83932,0.629618,0.34916533665299593,0.76302,0.0,0.83333,0.5888899999999999,0.3370167779948055,0.66667,0.8949,22.855,5.3758,9.771405620738504,1.0575,2.0081,59.124,13.69904,25.394529882890136,2.3886,0.0,0.18423901,0.13080508,0.07521289,0.16700703,0.0,0.5299295,0.40541396,0.22888355,0.52241516,0.0,0.5299295,0.40541396,0.22888355,0.52241516,0.0,0.18423901,0.13080508,0.07521289,0.16700703,0.08576305,0.6059874,0.472972,0.21886902,0.57785916,0.8258235,0.89694995,0.87867624,0.030370984,0.89470047,0.0,0.3061043,0.22750416,0.12994437,0.29476914,82.43227,90.00415,87.75809,3.0272102,88.841644,95.557846,97.072205,96.7298,0.65676147,96.97822,8.708294,25.960585,12.439163,7.5711746,8.896997,3.6777344,22.09375,7.532422,8.144132,3.8125,3,30,24.0,11.76860229593982,29.0,MBP,68,Genie3,SolubleMPNN,9,non_binder,0.7866650891304016,binder
fcaa2644-257f-5bf1-be19-13439e9a7344,0.70143,0.90219,0.7857879999999999,0.08333676091617674,0.78031,0.61538,0.92308,0.723076,0.1287198462941904,0.69231,0.6845,1.1227,0.9333,0.1903764034748004,0.9341,1.8266,3.5989,2.57084,0.7547493709835074,2.3664,0.7095419,0.7865782,0.74680555,0.035400275,0.74536335,0.8225262,0.8660466,0.8522107,0.017506866,0.85593015,0.7095419,0.7865782,0.74680555,0.035400275,0.74536335,0.8225262,0.8660466,0.8522107,0.017506866,0.85593015,0.9356716,0.9535821,0.94798183,0.0072251665,0.94959295,0.8703125,0.9193792,0.8945565,0.020454317,0.8938931,0.6395146,0.6693152,0.65571105,0.012878369,0.6589825,95.06758,95.74971,95.418816,0.2750846,95.33045,79.014534,82.09593,80.98204,1.2883176,81.49611,4.614156,5.974576,5.257203,0.5088621,5.194494,0.46264648,0.55908203,0.4993164,0.04437769,0.47607422,22,25,23.6,1.140175425099138,24.0,TREM2,79,Genie3,SolubleMPNN,17,non_binder,0.9657895159721374,binder
fcc01f48-c9e2-52ca-8f39-0c92471c365a,0.81459,0.85944,0.8338560000000002,0.01765469427659394,0.82898,0.63636,0.68182,0.654544,0.024899467464184834,0.63636,0.4774,0.6774,0.59718,0.07567233312116127,0.5954,0.9142,1.3098,1.05442,0.16359254873006907,1.0261,0.9168479,0.9408363,0.92767507,0.00990397,0.9263839,0.94373435,0.9599116,0.9505432,0.007208008,0.9490595,0.94373435,0.9599116,0.9505432,0.007208008,0.9490595,0.9168479,0.9408363,0.92767507,0.00990397,0.9263839,0.9676791,0.97718346,0.97168434,0.004238219,0.97082543,0.97421354,0.98161054,0.9774233,0.0030732811,0.9772644,0.8041556,0.83440924,0.8171543,0.012591707,0.8156463,96.507286,97.03062,96.64643,0.2170088,96.56449,96.81235,96.98007,96.876305,0.06802975,96.883354,2.1716862,2.5207386,2.376961,0.13547072,2.385845,0.35058594,0.42211914,0.39086914,0.032868437,0.3959961,34,37,35.2,1.3038404810405297,35.0,PD-L1,88,FreeBindCraft (BindCraft),designed jointly by the structure model (native co-design),24,binder,0.9830789303779601,binder
fd7086bd-c0c0-543a-9d81-388d204619f7,0.00475,0.00492,0.004866,6.985699678629194e-05,0.00488,0.0,0.0,0.0,0.0,0.0,25.8965,26.3824,26.042520000000003,0.19847667873077687,25.9659,79.0822,80.4787,79.53756,0.5681418159227547,79.443,0.0,0.33963022,0.046938404,0.11063082,0.0,0.0,0.64629847,0.10154388,0.2219831,0.0,0.0,0.64629847,0.10154388,0.2219831,0.0,0.0,0.33963022,0.046938404,0.11063082,0.0,0.58925813,0.83943737,0.697658,0.076164484,0.7010422,0.6341951,0.83848333,0.7375703,0.06520558,0.74926585,0.0,0.35137466,0.0588107,0.11466568,0.0,69.31462,84.07939,77.35781,6.349623,77.7023,75.07585,83.840096,79.6393,3.354423,79.572266,10.407517,25.551311,21.092922,5.18844,22.902863,3.1445312,15.953125,11.816015,4.4406796,13.453125,24,72,45.7,16.221042575069653,42.0,Latent GDF-8,77,RFdiffusion3,SolubleMPNN,20,non_binder,0.37978159427642827,non_binder
fd81a567-de36-5419-b05a-5ee144bf98b3,0.53028,0.60667,0.56251,0.028602521741972413,0.55855,0.75,0.75,0.75,0.0,0.75,1.2179,1.3294,1.27028,0.0476199748004973,1.2697,8.7169,15.2033,11.7674,2.412485178192812,12.178,0.0,0.52433306,0.23753345,0.25013903,0.21314134,0.0,0.6483932,0.336876,0.30542073,0.407856,0.0,0.6483932,0.336876,0.30542073,0.407856,0.0,0.52433306,0.23753345,0.25013903,0.21314134,0.5012741,0.7950616,0.68214905,0.10646286,0.72875285,0.53672224,0.793236,0.69860345,0.090566576,0.7442839,0.0118272565,0.37536228,0.20292683,0.16140889,0.22908679,89.446266,94.11997,92.240234,1.8786316,92.67647,73.355255,82.56356,78.63176,3.6345541,78.878365,12.165721,23.082073,16.790615,4.63916,15.49304,1.8017578,11.59375,5.874316,4.2357855,4.6708984,43,53,48.8,2.859681411936962,49.5,Latent GDF-8,82,RFdiffusion,SolubleMPNN,29,binder,0.79510307431221,binder
fd8b7987-3c63-5804-867f-a7668f6ae1b3,0.01524,0.72051,0.1568,0.3151245124549977,0.01559,0.0,0.78261,0.156522,0.3499938319742221,0.0,1.68,13.0989,10.68758,5.037554897666129,12.8297,2.235,46.1776,36.55444,19.23786135587841,45.803,0.0,0.4346096,0.13700098,0.19858056,0.0,0.0,0.5117787,0.18156303,0.2481032,0.009993535,0.0,0.5117787,0.18156303,0.2481032,0.009993535,0.0,0.4346096,0.13700098,0.19858056,0.0,0.07673756,0.6523818,0.30079618,0.26837143,0.13074279,0.54608446,0.7937037,0.6369994,0.113390304,0.5669082,0.0,0.55451316,0.22083636,0.26388472,0.050907087,83.8672,87.4846,85.37796,1.3240538,85.04999,79.38653,83.94745,81.83649,1.9636295,82.530594,5.745548,21.01259,13.321161,6.7268214,16.06559,2.3359375,13.46875,7.7992187,4.8760996,9.953125,26,39,31.6,4.827007354458868,30.0,BBF-14,84,PXDesign,SolubleMPNN,26,non_binder,0.5188971614837646,binder
fd90ee6a-c2df-56d4-bbb7-14e72e79d22c,0.72432,0.75199,0.73357,0.01111690829322616,0.73297,0.53571,0.60714,0.571428,0.02525431883856698,0.57143,1.0004,1.0945,1.03262,0.03721447299102865,1.0294,1.8085,1.9972,1.9335999999999998,0.07765510285873042,1.956,0.76396626,0.8204114,0.8030146,0.022877451,0.8062669,0.9105388,0.9339757,0.9211006,0.008707455,0.92124027,0.76396626,0.8204114,0.8030146,0.022877451,0.8062669,0.9105388,0.9339757,0.9211006,0.008707455,0.92124027,0.97027487,0.97893894,0.9742503,0.003216276,0.9744598,0.8474883,0.92855626,0.9021635,0.03358695,0.9206034,0.69055986,0.7266918,0.70798224,0.015852189,0.7020567,95.2228,95.90732,95.665565,0.30179173,95.85412,85.74397,90.295296,88.46321,1.6721708,88.814125,4.342909,6.412696,4.967124,0.8733302,4.479511,0.42358398,0.5058594,0.46655273,0.031866197,0.4729004,22,26,24.2,1.4832396974191326,24.0,TREM2,76,RFdiffusion3,SolubleMPNN,12,binder,0.9634884119033813,binder
fd9c97bf-c823-5ba0-8902-ff1dce464f9e,0.7937,0.83044,0.81332,0.01752365829386094,0.81856,0.61111,0.66667,0.622222,0.024847187365977613,0.61111,0.5139,0.7432,0.61844,0.09905873510195856,0.6074,1.2724,1.9,1.6287600000000002,0.24124735853476198,1.6066,0.73575354,0.8110408,0.77593726,0.026899183,0.7768916,0.9258149,0.9400624,0.9353467,0.0057087247,0.9374861,0.73575354,0.8110408,0.77593726,0.026899183,0.7768916,0.9258149,0.9400624,0.9353467,0.0057087247,0.9374861,0.97612745,0.98114735,0.97952497,0.0020222098,0.980324,0.86517006,0.92104644,0.9017884,0.021632904,0.908063,0.6809856,0.7147418,0.6981645,0.012160714,0.6989278,95.94455,96.49588,96.24693,0.26112318,96.31951,80.417786,86.10803,83.72981,2.5600317,84.80084,4.4424343,5.8479657,4.9121046,0.5522534,4.8478165,0.39233398,0.44555664,0.41376954,0.019838886,0.41333008,17,20,18.6,1.140175425099138,19.0,TREM2,76,RFdiffusion3,SolubleMPNN,15,binder,0.9510853242874144,binder
fde35eb5-eab1-5b8d-ac34-acb1c8f1815c,0.01218,0.78573,0.635827,0.2258501639509404,0.688525,0.0,1.0,0.9,0.31622776601683794,1.0,0.6735,15.9912,2.29752,4.8117394759068155,0.80365,7.607,50.2428,17.75986,12.796990385433949,14.7113,0.0,0.86022294,0.56669605,0.30557933,0.5960372,0.0,0.92305523,0.61932516,0.32925847,0.66555345,0.0,0.86022294,0.5822814,0.29432824,0.60369503,0.0,0.92305523,0.60373986,0.34123853,0.6578957,0.75509185,0.9724977,0.87159234,0.10139113,0.87960774,0.7308915,0.8460365,0.7911027,0.039932705,0.79479694,0.010199653,0.78113866,0.50228035,0.29264593,0.56874377,78.10871,92.76515,86.361496,6.8549266,89.38186,77.910934,82.08383,79.92038,1.3850415,79.508575,5.9029846,18.42346,10.933277,4.042947,10.585283,0.3972168,11.59375,2.3848145,3.3932238,1.3544922,32,41,36.8,3.1552425509864626,36.5,RBX1,71,Genie3,Caliby (SolubleCaliby),20,non_binder,0.8789382290840148,binder
fe5c5840-7026-5108-abc7-0fa30dd54bb6,0.00629,0.00924,0.0068720000000000005,0.0008666641025603096,0.0066,0.0,0.0,0.0,0.0,0.0,25.1827,30.9219,29.35519,1.6379525827148418,29.619,54.0059,65.6076,63.09159,3.4216007135874626,64.1602,0.0,0.011294487,0.003318043,0.005344677,0.0,0.0,0.07393457,0.010075791,0.023136795,0.0,0.0,0.07393457,0.010075791,0.023136795,0.0,0.0,0.011294487,0.003318043,0.005344677,0.0,0.19699994,0.8528587,0.5185727,0.3252821,0.50705457,0.6187907,0.89174885,0.7499298,0.1270144,0.74331367,0.0,0.081174225,0.021441117,0.034832522,0.0,69.37312,74.58453,72.749985,1.5221645,73.018295,85.13886,86.42032,85.81031,0.4424274,85.839615,17.312567,27.74604,24.2316,4.2844024,26.618126,7.3867188,20.296875,15.596484,5.2967553,18.234375,30,74,43.4,11.720826667849744,41.0,Cas9,80,PXDesign,SolubleMPNN,53,non_binder,0.36130494475364683,non_binder
fe730c55-b30c-5d4d-9f57-85a652ee3829,0.72823,0.75543,0.743934,0.013707132449932755,0.75227,0.68182,0.72727,0.71818,0.020325857915473096,0.72727,1.2414,1.382,1.30246,0.05282398129637705,1.2857,1.7733,2.5651,2.072,0.29847942977699493,2.0405,0.74856526,0.81956416,0.7773675,0.034406815,0.7581087,0.8356531,0.9014582,0.8740202,0.025938712,0.8778379,0.74856526,0.81956416,0.7773675,0.034406815,0.7581087,0.8356531,0.9014582,0.8740202,0.025938712,0.8778379,0.9524919,0.97332686,0.9648374,0.00821233,0.9662513,0.9037524,0.943635,0.9255002,0.017231336,0.9256684,0.68249243,0.73194647,0.70294523,0.02233769,0.6897243,89.48843,90.83757,90.15947,0.4967706,90.19425,75.25018,83.61214,79.94223,3.9470377,81.869934,3.6058347,4.7622566,4.2987046,0.52428514,4.54253,0.51171875,0.67822266,0.56640625,0.06964387,0.54296875,21,31,25.6,4.979959839195493,23.0,TREM2,63,RFdiffusion3,SolubleMPNN,13,binder,0.9660759711265564,binder
ff04fe54-5e2f-501b-9e69-5e4780b5fee8,0.12936,0.66059,0.517984,0.2190566542700769,0.60211,0.11111,0.92593,0.6888880000000001,0.32981734357064973,0.81481,0.5309,4.2202,1.32596,1.6185978138500003,0.6148,17.0175,22.4774,20.17934,2.297230002198301,19.9257,0.043829177,0.77390045,0.6068129,0.3157182,0.7338403,0.049933776,0.7811731,0.62788874,0.32317534,0.76892793,0.049933776,0.7811731,0.62788874,0.32317534,0.76892793,0.043829177,0.77390045,0.6068129,0.3157182,0.7338403,0.47500712,0.96714896,0.86453134,0.21780957,0.9594043,0.61334604,0.6415044,0.6295722,0.012498506,0.63480246,0.12869297,0.5798493,0.48116463,0.1972007,0.5647187,78.69803,86.698906,84.73124,3.3838663,86.0955,86.208374,87.9637,87.57387,0.7642944,87.90147,13.077143,17.012592,14.177492,1.6342402,13.721321,0.91308594,6.7304688,2.13125,2.5719526,1.0048828,11,37,29.2,10.35374328443583,33.0,EGFR,75,PXDesign,SolubleMPNN,20,non_binder,0.8666811728477478,binder
ff4cf4f6-ca90-50fb-aac3-4ceb159ef039,0.85685,0.88986,0.877792,0.015987093857233747,0.88888,0.71429,0.82143,0.7928580000000001,0.046564745462635164,0.82143,0.4869,0.7207,0.5730999999999999,0.08899339863158387,0.5581,1.2387,1.7653,1.51492,0.19838329566775534,1.5513,0.82315725,0.8523372,0.8397169,0.01225401,0.8415883,0.8346708,0.85620177,0.8459231,0.009501057,0.8451626,0.8346708,0.85620177,0.8459231,0.009501057,0.8451626,0.82315725,0.8523372,0.8397169,0.01225401,0.8415883,0.93579495,0.9478057,0.94263107,0.005028091,0.9435483,0.94214493,0.95173967,0.9468711,0.004383496,0.94874763,0.6839043,0.7098912,0.696629,0.010653294,0.6992806,95.229416,95.71498,95.53916,0.18852532,95.60384,95.84951,95.997406,95.93314,0.055274945,95.95039,3.6818798,4.053237,3.8678951,0.1532426,3.815846,0.6386719,0.7314453,0.6670898,0.037739117,0.6586914,49,54,50.4,2.0736441353327724,50.0,IL-7Ra,91,RFdiffusion3,SolubleMPNN,15,non_binder,0.9844067645072936,binder
ff742507-509f-58b2-b004-e5b6ea80c2e7,0.0061,0.84033,0.400239,0.4138930104225809,0.38373500000000005,0.0,0.86538,0.405768,0.4282354572428584,0.39423,1.0529,25.5022,12.06739,11.481639056283635,10.99505,0.691,69.2419,31.031560000000002,31.831647265582163,27.06115,0.0,0.68807596,0.34122074,0.30385223,0.3797527,0.0,0.8869232,0.507392,0.4005954,0.69659066,0.0,0.8869232,0.4941581,0.41617796,0.69659066,0.0,0.68807596,0.35445464,0.28999385,0.3797527,0.20982099,0.92309266,0.66626376,0.26798692,0.75903374,0.7217404,0.95352435,0.86718786,0.09449989,0.9129858,0.0,0.61386335,0.35787016,0.25062764,0.4237042,74.94595,92.206894,84.48863,7.3977385,85.60085,80.86892,93.531746,87.80454,6.0336194,89.41237,5.281891,22.393766,10.922509,6.3378916,7.822201,1.3222656,13.125,4.548047,3.9064233,2.913086,71,117,87.1,16.980053657813393,79.0,Nipah-G,85,PXDesign,SolubleMPNN,23,binder,0.9001389479637145,binder
ffc98de9-3675-5335-a8fc-ac9229029159,0.03934,0.06562,0.054136,0.01054592306691706,0.057815000000000005,0.0,0.0,0.0,0.0,0.0,9.3019,15.333,12.69256,1.9798948834050094,12.32785,18.1452,24.3594,20.71876,2.4520718922757725,19.7474,0.0,0.82654697,0.36608398,0.2946129,0.39200145,0.0,0.8395305,0.42021435,0.3029134,0.5033627,0.0,0.8307145,0.42793837,0.2983484,0.50775164,0.0,0.8323442,0.36670953,0.29556233,0.39200145,0.544004,0.92752856,0.75064814,0.13530393,0.7978531,0.68561214,0.9418014,0.8140378,0.091304615,0.84222925,0.024414062,0.7207473,0.39883026,0.24762923,0.48608547,79.23237,87.873856,84.699295,3.2299566,86.37941,90.16968,94.04854,92.142784,1.2644205,92.41041,3.6480372,19.05055,8.738947,4.817235,6.793636,0.7001953,11.6484375,4.242383,3.7078862,2.7197266,10,48,34.5,14.615440845595836,40.0,VEGF-A,82,BoltzGen,SolubleMPNN,29,binder,0.6024583029747009,binder
ffe36465-3530-5fae-85cd-89710fcfb1b2,0.5324,0.60203,0.5671039999999999,0.025876668641847986,0.57211,0.16667,0.33333,0.25,0.058923208076275005,0.25,1.2853,1.4984,1.41126,0.07948703038861103,1.4122,2.0973,2.8652,2.49086,0.31019324299539475,2.5936,0.75004536,0.8165357,0.7865476,0.025592139,0.7916863,0.8082515,0.8778627,0.84947366,0.027348656,0.8561128,0.8082515,0.8778627,0.84947366,0.027348656,0.8561128,0.75004536,0.8165357,0.7865476,0.025592139,0.7916863,0.90177864,0.9326704,0.9185647,0.011847802,0.9211962,0.94779485,0.9637207,0.9564573,0.0061099944,0.958123,0.74954623,0.78538465,0.7710515,0.014133115,0.7747126,94.31229,95.10106,94.833206,0.30859086,94.93023,94.902,95.24364,95.05298,0.1684875,94.94879,2.6698492,3.2414372,2.96035,0.21207105,2.940929,0.6669922,0.8769531,0.7728516,0.07901215,0.7626953,11,19,16.0,3.082207001484488,16.0,PD-L1,66,RFdiffusion3,SolubleMPNN,17,non_binder,0.9307694387435912,binder
